{"type":"FeatureCollection","features":[{"type":"Feature","geometry":{"type":"Polygon","coordinates":[[[106.4379472016714,11.10984496861236],[106.44020511509912,11.106966378325078],[106.44215095177374,11.10623894057569],[106.44455152798037,11.105558760000065],[106.44668423839465,11.101258080681696],[106.44652139963249,11.100491395353584],[106.44510681063065,11.09835743996182],[106.44493795206684,11.097285616110272],[106.44661243475264,11.0931397186642],[106.44981819036919,11.087146358853877],[106.45058530716024,11.086070017841932],[106.4508923883239,11.081077958124776],[106.45096859700567,11.07718208327363],[106.45139808017883,11.073042165631445],[106.45472397598377,11.062914811575322],[106.45531757054957,11.059846732280876],[106.45544258061156,11.056628204354574],[106.45614033764271,11.05531441131893],[106.45789058206414,11.052783722772823],[106.45897264036712,11.052011068953433],[106.46020910553202,11.051237682932614],[106.46050820214204,11.050163627330122],[106.46127598725303,11.049239883894666],[106.46205204354159,11.049083551991847],[106.46298115790998,11.048616824451553],[106.46498688344714,11.047224819195101],[106.46808515912991,11.046289774290457],[106.4696282474592,11.045052569641726],[106.47070335595704,11.043822218176556],[106.4722513169509,11.0462964575688],[106.47260759316411,11.046689702276783],[106.47396682303064,11.047769121755715],[106.4750894997894,11.048777946576745],[106.47655606208303,11.05042685436922],[106.4765256827394,11.050696220685104],[106.47589023416232,11.05174056453735],[106.47600932444941,11.051928462790412],[106.4762049023051,11.051963374927297],[106.47659021637993,11.051804465151415],[106.47685823792371,11.051798642852102],[106.47730916561858,11.052016370891943],[106.47780188859551,11.052426796791744],[106.47761808355564,11.052925842035329],[106.47834800173105,11.053523682492424],[106.47921418177935,11.054116354964844],[106.48034866103714,11.054761570997595],[106.4821839562036,11.055623179149572],[106.48308026269633,11.055888081233753],[106.4847420171291,11.056562047740888],[106.48546620748961,11.056926531343542],[106.4857626435826,11.057149508403265],[106.48588245853192,11.0574899320805],[106.48585243737543,11.057835700740249],[106.48609017988473,11.058135188541218],[106.48665959451027,11.058428627135854],[106.48687918133547,11.05873271305317],[106.48711656546762,11.058955893105711],[106.4878709652081,11.058997109264379],[106.48824407633744,11.059120881726558],[106.48924278779565,11.059847520103308],[106.48966974265885,11.061627070965576],[106.49294096470791,11.062526488496466],[106.49620981055484,11.062963592405172],[106.49855131905737,11.064177196771107],[106.49975305002759,11.063735860159964],[106.50185854520763,11.064115895667811],[106.5043496060269,11.064377211741338],[106.50575488579656,11.064652971985286],[106.50762285354392,11.06477385065929],[106.50887983073815,11.065359916872392],[106.51126301097426,11.067614402781839],[106.51174925100062,11.068522942619794],[106.51224699869658,11.06989373502296],[106.51289307461505,11.07095410714504],[106.51415538697846,11.071692752171822],[106.51525265735258,11.072131540734757],[106.51635595649174,11.072875470353424],[106.51808009202965,11.073302146739671],[106.52012095301437,11.074337584720265],[106.52259982275704,11.073984009891648],[106.52325905559822,11.07406593526044],[106.52375853843921,11.07575978234276],[106.52450776490643,11.078305100386116],[106.52624608119116,11.08145575562927],[106.52871729095581,11.083987783586464],[106.5310640139076,11.086161449098455],[106.53279096611662,11.087974707195492],[106.53354103359929,11.089792977714323],[106.53342209068268,11.091373218907036],[106.5320776717485,11.092349453014672],[106.52998886760976,11.092602413128269],[106.52728228125851,11.092010245234201],[106.52518525346494,11.09068347512656],[106.52321869067559,11.08996644854035],[106.52235790378721,11.090455428320256],[106.52089084330574,11.091432245767136],[106.5197915659626,11.093259815443513],[106.51845460499881,11.095694501465022],[106.51698981896558,11.098008597294122],[106.51626570023933,11.100318996242212],[106.51651795037988,11.101650588794183],[106.51799513898787,11.102616986340324],[106.5205791650566,11.103209831434395],[106.52353765468354,11.104164246641716],[106.52538546181702,11.105613401777466],[106.52613748095649,11.107795178070958],[106.52676921505395,11.111310349899046],[106.52727760639,11.114705039491604],[106.5268020289584,11.117620040240695],[106.52657242163475,11.120659455798007],[106.52534662479816,11.121756186593176],[106.52325510001526,11.121524427791456],[106.51969636385061,11.122269484584839],[106.5167629191753,11.125318057752693],[106.51431764887023,11.127879440798004],[106.51236826700507,11.131412174811736],[106.51139920121838,11.133844975134128],[106.51067492183121,11.136155331608563],[106.50945092496967,11.137615527774646],[106.5083566511653,11.139564270884511],[106.50743956184915,11.141507620723218],[106.50750383527969,11.14163299343901],[106.50627994666978,11.142244998238828],[106.50418699221832,11.14177074965147],[106.50209091233303,11.140686203046025],[106.4997054085319,11.140760978439188],[106.49837882192054,11.141719020192317],[106.49659884667504,11.142899236773696],[106.49521771776426,11.14388450058998],[106.49353979089496,11.14457501789625],[106.49196075229345,11.14507204308343],[106.4901808312396,11.145377037542618],[106.48869529809987,11.145483146083608],[106.48710721750733,11.145096119568766],[106.4854222544477,11.144422284005776],[106.4836378945356,11.14384318298667],[106.48145303600718,11.14317189425859],[106.4794761846452,11.143181593064389],[106.47660603521408,11.143586221178403],[106.47265118401377,11.144287789689317],[106.4711665836375,11.144591223554478],[106.47028075371504,11.145573930527764],[106.46919594071336,11.146750597058213],[106.46820873879511,11.14744208070586],[106.46653498199697,11.149012048164996],[106.46683390788742,11.149697236538028],[106.46772808171382,11.150375014223634],[106.46882412167405,11.151446724570942],[106.46971884324776,11.152223254467568],[106.47032110850743,11.153589140977141],[106.47032937719636,11.15524959175904],[106.46963948205386,11.156330102524777],[106.46825628328207,11.156924748084913],[106.4672700744207,11.156925140025324],[106.46598179946056,11.157425100233526],[106.46490204168587,11.158700403260868],[106.46391665747505,11.159777846034146],[106.46312971952747,11.160567059315087],[106.46223799190857,11.160373980385813],[106.4612442620253,11.159790915492167],[106.46005110935822,11.159307561439128],[106.4589658999534,11.15951025328332],[106.45748310408361,11.160204118689467],[106.45629581447498,11.160892103773257],[106.45510907082806,11.160799064085982],[106.45351908754749,11.160025893221002],[106.45242798064942,11.159052852395115],[106.45152991794012,11.157589671080705],[106.45092581948748,11.155833328247784],[106.45072019994244,11.15378333459642],[106.45150520397036,11.152603709082168],[106.45249349543217,11.152109712508754],[106.45368157228403,11.152494436311848],[106.45477717924325,11.153467426951053],[106.455866321241,11.154050097664475],[106.45665727608888,11.1531666143625],[106.45713880647901,11.151306284067061],[106.45742756347633,11.149056458435735],[106.45711597914547,11.146710810537947],[106.45631450765104,11.144564928074782],[106.45551303922724,11.142419161256054],[106.45441554113799,11.141055636048298],[106.45302022065263,11.13920443476015],[106.45172780954158,11.137936078446904],[106.45053785655537,11.13716090144527],[106.44904936890435,11.13667889224121],[106.44780443232773,11.136738777979899],[106.44783876167111,11.13540568903863],[106.44769245759767,11.134297900503325],[106.44775401673155,11.132049108330941],[106.4476059153715,11.131511320910917],[106.4469524912682,11.130782949053112],[106.44618071475227,11.13001468728562],[106.44532949924886,11.128825039522003],[106.4445420920523,11.127644019359957],[106.4445026408911,11.127024861520644],[106.44332243454458,11.123597236281473],[106.44217476598672,11.120317575342087],[106.44202325371961,11.118155106323792],[106.44158884727203,11.116689634374174],[106.44035177337993,11.115560096865824],[106.4397433039438,11.115648243620226],[106.4386059893754,11.11446437333371],[106.4378982262671,11.11377213004075],[106.43690245545054,11.112726706940686],[106.43647057582317,11.111750421847212],[106.4362540073083,11.110216577761832],[106.4379472016714,11.10984496861236]]]},"id":"0_00000000000000000000","properties":{"DAN_SO":40898,"DT_KM2":77.699,"OBJECTID":1,"Shape_Area":7.79554584335E7,"Shape_Leng":42981.2296077,"XA_MOI":"An Nhơn Tây","area_km2":78.27929988169157,"green_km2":65.33904622453264,"green_km2_max":9.75389633178711E-5,"green_km2_mean":9.752019850833728E-5,"green_km2_min":9.750125885009766E-5,"green_km2_stdDev":8.17530162140595E-9,"green_km2_sum":65.33904622453264,"green_ratio":0.8346912443428038,"green_th":0.4,"ndvi_max":0.8517694473266602,"ndvi_mean":0.5754125262200744,"ndvi_min":-0.41760000586509705,"ndvi_std":0.18154603460267218,"ndvi_stdDev":0.18154603460267218,"ndvi_sum":454498.824283141,"xa":"An Nhơn Tây","year":2019.0}},{"type":"Feature","geometry":{"type":"Polygon","coordinates":[[[106.5660928933176,11.00605515655176],[106.56704692219758,11.004362809148597],[106.56727513444898,11.003710950078698],[106.56826585538977,11.00207678449169],[106.56984429247265,10.999932471132329],[106.57070841842148,10.997576363587303],[106.57233264294868,10.992932163353906],[106.57319426115923,10.990962051023734],[106.5761171527562,10.984547458233664],[106.57743882899318,10.984540605683854],[106.58093558226231,10.984441692356572],[106.5838492271521,10.984013623555006],[106.58707711453673,10.983727576505807],[106.5946286449826,10.983423317457575],[106.59481003317576,10.979127645098588],[106.59344238615702,10.979027063908868],[106.59320497330451,10.976254987036583],[106.59457450733636,10.97587080511047],[106.59646573584193,10.975367258842953],[106.5980904250108,10.975129885125204],[106.5996159317066,10.975032065525552],[106.60102876396836,10.975083047134417],[106.60253864313593,10.975460987963544],[106.60287013627952,10.975441348052339],[106.60298300234682,10.975324016480227],[106.60309946580092,10.975018305986772],[106.6034491263408,10.975016396523744],[106.6042405411799,10.97522319417254],[106.60528548301798,10.975280493184018],[106.60915385337701,10.975058109840196],[106.60986641524659,10.97496015770818],[106.60982504468372,10.973201201702219],[106.60976280898234,10.972609177718939],[106.60966666745001,10.972475013966793],[106.60823507203818,10.972289587110492],[106.608157457858,10.972213697396867],[106.6081263402455,10.968982801220108],[106.60816312378213,10.968219693818611],[106.6086203553575,10.967108827892213],[106.60890985791211,10.966057213900571],[106.60929280410598,10.965480746315016],[106.6097545348731,10.964369838095571],[106.60936430305962,10.963595576325584],[106.60905915108677,10.960069848923148],[106.61188584796939,10.960409416127312],[106.61314289906534,10.960232222528381],[106.61395575463114,10.960227927618247],[106.6140333708957,10.960303807688048],[106.61395872257586,10.960761950306077],[106.6151371797246,10.961182026887796],[106.61579256045286,10.960604170387377],[106.61730982797815,10.960672391684538],[106.61974323433442,10.95967667932254],[106.62403998663443,10.958931338412167],[106.62469359549408,10.955530736924638],[106.62490468990124,10.952603685460284],[106.62529162189684,10.950285978845551],[106.62471832959591,10.949243372063894],[106.62378230321049,10.948314977145632],[106.6201987815519,10.944061783887115],[106.617362352427,10.941061092373594],[106.61350363819597,10.936275181022612],[106.61050541157798,10.932705402114438],[106.60672506304658,10.928102948319385],[106.60414763971933,10.925060426360307],[106.60334588289193,10.92375417523277],[106.60040148688417,10.924258788080271],[106.600346718262,10.924209707677505],[106.59988842504987,10.921730386454517],[106.59911995873387,10.918992421418526],[106.60428272007505,10.918094833126018],[106.60661534273366,10.91783126653125],[106.61020475479967,10.91737709261955],[106.61763675690406,10.916278786963856],[106.62236482500897,10.915629957411884],[106.62457532155531,10.916304856179154],[106.62709812317235,10.916789578823366],[106.62892910426353,10.916968330639019],[106.63094547693437,10.917020401024864],[106.63186975145034,10.916638518697265],[106.63343120508594,10.916526974515442],[106.63459393768392,10.916583573046262],[106.63551516955994,10.916488940848252],[106.63563281984096,10.916407490848332],[106.63661782863342,10.916348433891901],[106.6385122134173,10.916499869680468],[106.63964142248439,10.917063716633773],[106.64162497328704,10.917748620867142],[106.64219417259864,10.918041766869008],[106.64344267441366,10.918820450963233],[106.64446963549665,10.919784246580582],[106.64579892630172,10.920387372645271],[106.64743262125809,10.920203535023338],[106.64903493513856,10.920100676111698],[106.65025810953904,10.920408275267283],[106.65083506740389,10.920450007640941],[106.65195471544348,10.920093897238237],[106.65257008804372,10.919700171551714],[106.65301607909569,10.91988177832758],[106.65460925870357,10.921398968381313],[106.65524056080794,10.922248123641896],[106.65546220962949,10.922911160963393],[106.65590011064256,10.924914681516901],[106.65625282489623,10.925460312011339],[106.65698470204688,10.926421167014931],[106.6558354329314,10.9271723017034],[106.65377439191587,10.928902190697713],[106.65264987701718,10.93001674748559],[106.65033277035528,10.933089752008971],[106.64995964643549,10.933769435622809],[106.64964715114718,10.934749356756711],[106.64946697631873,10.935827397476098],[106.64942182019439,10.936707203478829],[106.64953776890702,10.937967576798151],[106.64978972594241,10.939186836882335],[106.65108837523762,10.943259027844151],[106.6514603316995,10.944818668592388],[106.65167621965924,10.946078560553111],[106.65189777490049,10.95164192998704],[106.65181816610942,10.952854030427952],[106.6514609613724,10.954772161946963],[106.65070940308011,10.957643791484612],[106.64990441551424,10.959896386262896],[106.64857590919047,10.963565465464967],[106.64827564935479,10.966748831698512],[106.64792357768455,10.96959583971286],[106.64846697724892,10.971773866650976],[106.64909043569604,10.972816046849537],[106.64975653344231,10.974988937173125],[106.64954073733881,10.976215223099597],[106.64903493513856,10.978371993423337],[106.64845816194968,10.98000864417736],[106.64825154223196,10.980418075506046],[106.64794939385563,10.980805697851048],[106.6473753220918,10.981297899283142],[106.64712633625095,10.981456332894624],[106.64618319702126,10.981726211092262],[106.64544784809884,10.981797478190144],[106.64351184594146,10.98158803485854],[106.64297997232818,10.98150565480723],[106.64145200103563,10.981145943556887],[106.64003566660577,10.980457967592544],[106.63844124452356,10.979591522118703],[106.63649810903554,10.978906383434031],[106.63402196996846,10.978744677996257],[106.63261054107082,10.978927213327422],[106.63066907680562,10.979372989119524],[106.62899611251066,10.97990697123645],[106.62775758758589,10.980173880883209],[106.62670273330548,10.98078979863022],[106.62564932324325,10.981670533962403],[106.6245917809665,10.98263656238412],[106.62336452393062,10.984123976658534],[106.62222262799362,10.985440465151296],[106.62117058884185,10.986581434760733],[106.61967344080799,10.987720291809975],[106.61844144486966,10.988341676599019],[106.61720981570672,10.989043855883825],[106.61624315271993,10.990009335332363],[106.61563255995172,10.991322931506602],[106.61537677524821,10.992719958790072],[106.61564632052979,10.993853882880208],[106.61600823304153,10.995247683473364],[106.61743601259167,10.998031400348664],[106.61884554380057,10.999975990609945],[106.61994523995158,11.002554987248185],[106.61995315469018,11.004013417206004],[106.6195913255151,11.005958497250443],[106.61886542048681,11.007779921125652],[106.61752181457335,11.00960903400255],[106.61532497078817,11.01156384867236],[106.61274699508337,11.011941065115023],[106.60893602917804,11.011961312668946],[106.60476377590402,11.012346878530558],[106.60231300145868,11.01357602358979],[106.59936763031675,11.014076208027346],[106.5969247412149,11.016759229599135],[106.59571203027876,11.02016276880794],[106.59450256364148,11.023323987192432],[106.5943956373694,11.026237037665897],[106.59490194138155,11.029151375406869],[106.59577812891904,11.032422772367894],[106.59862065944428,11.035562634365936],[106.60109333539053,11.038340848357539],[106.60233359608583,11.04003516914705],[106.60147770662428,11.04137248412962],[106.60087237170437,11.042834166224726],[106.59965568153916,11.044662606504803],[106.59757062386542,11.045521769219341],[106.59535896496044,11.045654641453517],[106.59301882022842,11.044697650051063],[106.5916590982981,11.04276158275941],[106.59065639881074,11.03961199827949],[106.59003068072892,11.037308687427318],[106.58842583638396,11.036222112259148],[106.58523425872193,11.0366023037769],[106.58265862151706,11.03746845235525],[106.5819236686311,11.036808058528619],[106.58141991307191,11.036038859831345],[106.5806355962564,11.035481930073818],[106.57992430017892,11.034996524371874],[106.5792871931156,11.03478890360459],[106.57835864780499,11.034443690000003],[106.57771471127663,11.03381429115582],[106.57735520112207,11.032833367851309],[106.57706906815824,11.031995650016519],[106.57706385266464,11.03101285567462],[106.57762676701604,11.030098928337296],[106.57811927332442,11.029602745794671],[106.57868407882904,11.029038839077081],[106.57854856493834,11.02832594471817],[106.5783764525291,11.027564002241258],[106.57806298169348,11.027570102974902],[106.57774258727677,11.027118455645562],[106.57789006037011,11.026655499060462],[106.57770185234875,11.025431338265946],[106.57783161065635,11.024205512856174],[106.57855593861832,11.02204760520841],[106.57806343130709,11.020829501477335],[106.57758405381456,11.020378756405771],[106.57722823069628,11.018397043643148],[106.57783898431167,11.017927184199849],[106.57843813961497,11.016995058448552],[106.57949446627151,11.015746452493763],[106.57797458767664,11.014394588458472],[106.57486724191823,11.012615660471367],[106.56838086132159,11.009234081494117],[106.5670596905677,11.008495979751933],[106.56556004171583,11.00751186923072],[106.56548226311683,11.007395606405023],[106.5660928933176,11.00605515655176]]]},"id":"0_00000000000000000001","properties":{"DAN_SO":99675,"DT_KM2":54.437,"OBJECTID":2,"Shape_Area":5.38878132298E7,"Shape_Leng":50040.4631273,"XA_MOI":"Bình Mỹ","area_km2":54.10552891234025,"green_km2":37.856237212360696,"green_km2_max":9.758021545410157E-5,"green_km2_mean":9.756138875696024E-5,"green_km2_min":9.753861236572265E-5,"green_km2_stdDev":1.143540196542352E-8,"green_km2_sum":37.856237212360696,"green_ratio":0.6996740993641141,"green_th":0.4,"ndvi_max":0.8594089150428772,"ndvi_mean":0.4934548852308328,"ndvi_min":-0.266978919506073,"ndvi_std":0.21118544584016888,"ndvi_stdDev":0.21118544584016888,"ndvi_sum":269724.0638305014,"xa":"Bình Mỹ","year":2019.0}},{"type":"Feature","geometry":{"type":"Polygon","coordinates":[[[106.48988393949836,10.925126801198955],[106.49610239428488,10.921806818217608],[106.49733602175363,10.921482150912077],[106.49973435298651,10.92069843455003],[106.50279889204482,10.920548801003337],[106.50797289707499,10.919966786385407],[106.51830303774045,10.91889247103405],[106.52234387950757,10.918760252784132],[106.52499079892401,10.918657262747972],[106.52976069527678,10.918112883938884],[106.53461404016848,10.917913587057068],[106.5399996529743,10.917886498782536],[106.54574252084286,10.91846792148308],[106.5504254890346,10.918704507238083],[106.55757794701141,10.918757913463894],[106.56269142385209,10.919687791280527],[106.56535646865647,10.920464013150328],[106.56792029845431,10.920971440596277],[106.57154035650088,10.92112786030671],[106.57719325089671,10.921013547478243],[106.58063478694221,10.920906044676927],[106.58381244777043,10.920714539899008],[106.58371568835142,10.921307462133035],[106.58348844776842,10.922111938767372],[106.58213768866607,10.925157076202844],[106.58190802179658,10.925521759756187],[106.58142512867143,10.92609423488904],[106.5807564538774,10.926730466872751],[106.5806822667136,10.927300786719798],[106.58074647233023,10.92827427957046],[106.58065178254098,10.930119250360516],[106.5839815970082,10.929478183411915],[106.5832344997323,10.931600310512195],[106.58160902359751,10.93422504032602],[106.57861627691152,10.94022264473785],[106.57652458929591,10.9448558647252],[106.5753813230689,10.947657639732663],[106.57100128687306,10.955013125459693],[106.56632910723496,10.962993989072489],[106.56559996507704,10.964245315752441],[106.56496901499006,10.965173064207468],[106.56399260609068,10.966905856112927],[106.56268863644786,10.96940768242769],[106.56203755376904,10.970842657230136],[106.559989726897,10.971795565525198],[106.55740693043589,10.97294866898761],[106.54888100175661,10.976281692309577],[106.54538720028027,10.977816320879585],[106.54325277192702,10.978756110094748],[106.53998409911594,10.982546925549691],[106.53789710530133,10.98476097379742],[106.53731154956435,10.985701920993092],[106.53678991812848,10.98848247887067],[106.53697188661917,10.98940158189036],[106.53764815625804,10.991072109609277],[106.53754791142043,10.992764481305619],[106.53698905855495,10.994472710627095],[106.53742132428492,10.996382326826138],[106.53502634224817,10.99701821073496],[106.53301221911647,10.997526568872747],[106.53170124675992,10.997860733103806],[106.53074692654575,10.99865990891784],[106.52967618706754,10.998912126510223],[106.52803718397266,10.99904606304598],[106.526311079537,10.999938823137045],[106.51940958909752,11.00403937082371],[106.51649241970337,11.005629155233471],[106.51407115467704,11.00648051034411],[106.51232565678349,11.004465203967998],[106.51139021176063,11.003626127670742],[106.50910582313959,11.001043479935616],[106.50796489658718,10.999989989115385],[106.50540736291613,10.997269622989107],[106.50272733888335,10.994563216420858],[106.49973039784341,10.99205583184841],[106.49847653132882,10.990221982297161],[106.49676954458923,10.986792673519059],[106.49829082056948,10.985829302879653],[106.4996909363061,10.984242642567676],[106.50273147386437,10.981018787183165],[106.50393457700224,10.980025542818474],[106.50535288835194,10.98115399200994],[106.50632929760476,10.982019727517677],[106.50714651121079,10.981059768461346],[106.50292626751917,10.97822190762165],[106.503810077443,10.977854015029667],[106.50508725763369,10.9771341489231],[106.50548538921409,10.976817997497422],[106.50502990661212,10.975680339421553],[106.50487025870935,10.975533008293189],[106.50463860765954,10.975538670491469],[106.50323791976237,10.976093095495706],[106.50277498106102,10.976162734446298],[106.50267924726205,10.976086864821735],[106.50266953904823,10.975059185857567],[106.50214304889919,10.974245053550515],[106.50296815671807,10.97393577811875],[106.50214044207058,10.971929309549601],[106.50149808452497,10.969737861651216],[106.49972015042754,10.970240334512663],[106.49928211880946,10.968936493559333],[106.49937722184154,10.968877648675592],[106.49968482381351,10.968638298376797],[106.49964005879964,10.965164889878775],[106.49924903950401,10.964174991072257],[106.49970963334336,10.96363871688278],[106.49974513974078,10.963485930338049],[106.4993969076352,10.96287281847524],[106.49941416641472,10.962697710748026],[106.49912013812947,10.96202594239221],[106.49849774515297,10.961988613783019],[106.49834268652987,10.961872697738436],[106.49822133638258,10.961218047260001],[106.49795301797135,10.961143056912434],[106.49802726618098,10.960568254363823],[106.49833630440928,10.960607163418523],[106.49841315953633,10.960530504659342],[106.49841181120053,10.960261189100862],[106.49891141515026,10.960258731880792],[106.49898818059751,10.9601820785007],[106.49910242992728,10.959414094237326],[106.49861558978276,10.95924144711534],[106.49864983754792,10.958819435272584],[106.49874907519805,10.958684298070336],[106.49901721484304,10.958723385616551],[106.49909407021812,10.958646729043457],[106.49909245220994,10.958341522446897],[106.4988783359029,10.958207959766247],[106.49893595492134,10.957915977849039],[106.49916544236929,10.957497429108594],[106.49902836111792,10.957323113887087],[106.49803976073699,10.956726592763117],[106.49811598653353,10.956537738835243],[106.49826987643311,10.956420249142962],[106.49927627599698,10.95695837563046],[106.4997052287527,10.956462567342069],[106.50009570955498,10.955540622757205],[106.50006523692494,10.953987982914052],[106.49965830638448,10.953455901315447],[106.49939708741415,10.952986006358087],[106.49883393061707,10.95209121125587],[106.49830789948051,10.95133975650957],[106.49781360039897,10.950588217096684],[106.49783094893776,10.950426624888106],[106.49770420575966,10.949596966930649],[106.49756550746123,10.949108484267976],[106.49735552757963,10.94799199952261],[106.49747310190538,10.94790619161841],[106.49783589282215,10.947787679932087],[106.49799481629438,10.947777987091094],[106.49809908741588,10.947745984943099],[106.49812146975816,10.947687595679396],[106.49786007291286,10.947177238917352],[106.49768182346166,10.946949222537091],[106.4974800233318,10.946568710927865],[106.49742492159271,10.946438869440971],[106.49725026805152,10.946031283118126],[106.49717709877771,10.945932931990015],[106.4969061749308,10.945332879168324],[106.49662653226733,10.94481820444051],[106.49655749806996,10.944634481177829],[106.49608073126133,10.943743710146018],[106.49589214619598,10.94327791576402],[106.49478158313374,10.940985541860186],[106.4943281910407,10.940215879159863],[106.49422715772538,10.939996438286778],[106.49267319233572,10.93711834682965],[106.49184282149687,10.935443884662542],[106.49034783864579,10.932543036213342],[106.48716609168721,10.926513311578052],[106.48988393949836,10.925126801198955]]]},"id":"0_00000000000000000002","properties":{"DAN_SO":128661,"DT_KM2":64.877,"OBJECTID":3,"Shape_Area":6.39682713554E7,"Shape_Leng":37422.3099649,"XA_MOI":"Củ Chi","area_km2":64.2313115228001,"green_km2":38.36268335594612,"green_km2_max":9.757949829101562E-5,"green_km2_mean":9.756774666680821E-5,"green_km2_min":9.755104064941407E-5,"green_km2_stdDev":7.457501416848936E-9,"green_km2_sum":38.36268335594612,"green_ratio":0.5972582911113152,"green_th":0.4,"ndvi_max":0.8304328322410583,"ndvi_mean":0.4368220770674594,"ndvi_min":-0.45120978355407715,"ndvi_std":0.1876058366119394,"ndvi_stdDev":0.1876058366119394,"ndvi_sum":286403.5254275969,"xa":"Củ Chi","year":2019.0}},{"type":"Feature","geometry":{"type":"Polygon","coordinates":[[[106.43942806157875,11.023215644249726],[106.43971328939935,11.023016780978557],[106.44153969128293,11.02211498357733],[106.44431464138248,11.021042652942977],[106.4444455760128,11.020867019247854],[106.44445555113212,11.020121970439106],[106.44453238652677,11.020045325902581],[106.44595649749398,11.019567232974742],[106.44595425082927,11.019109509491084],[106.44637635461683,11.019026754538283],[106.44648931717612,11.018909498104792],[106.44645013524728,11.017397206427502],[106.44657235413216,11.016382368549056],[106.44806774392792,11.016541322293996],[106.45039954888786,11.016835321525676],[106.45241881397364,11.016363389692492],[106.45381862394372,11.016504835453107],[106.45490281807531,11.016194433623527],[106.45661009371946,11.016029132986949],[106.45830821636248,11.014948387938004],[106.45939162491015,11.014480926835885],[106.46079606505815,11.014626752729894],[106.46266677922647,11.015380720886679],[106.46343529124377,11.014609577598147],[106.4638773824069,11.012156985800603],[106.46339817324386,11.010781528254405],[106.46237370106745,11.00937275200061],[106.46189413585064,11.008845493270691],[106.46398424296426,11.007116562733305],[106.46481495309166,11.007009350217023],[106.46571747668771,11.006713224471195],[106.46546501774395,11.005260341757456],[106.46531016322726,11.005184790578845],[106.46418879705112,11.005315930099853],[106.46411123543845,11.005239932721862],[106.46380000065801,11.003850179140391],[106.46364317013963,11.002437220000802],[106.46378238530454,11.001193399465222],[106.46648851640525,11.000964958749014],[106.46662377893976,11.0007488708068],[106.46678834098482,11.000039014945859],[106.46825978845261,10.993564762223865],[106.46845419069521,10.993370850287514],[106.46967372510213,10.993813722931963],[106.47054687978309,10.994024996634126],[106.47062372475915,10.993948298996104],[106.470885806784,10.9927576859645],[106.47129016511815,10.992778239447562],[106.47169092912597,10.992067143481549],[106.4724269383992,10.992104020335484],[106.47308277885291,10.991526366180812],[106.47394489265017,10.990431632593731],[106.47417579091027,10.990277890890278],[106.47467965152183,10.990221662561634],[106.47533882454348,10.990317139155266],[106.47582129664586,10.990530262262743],[106.47605282612581,10.990488687646325],[106.47628291778733,10.99018244137517],[106.47763480126899,10.989834776526832],[106.47767830328203,10.990373119992983],[106.47791019433,10.990412382911886],[106.48155792811238,10.98864431555193],[106.48271273342877,10.987952044965683],[106.48392462070221,10.98687802562372],[106.48575940777098,10.98681520238966],[106.48574089173867,10.998546723309836],[106.48744005907982,10.99769910850511],[106.49104966669577,10.996492188777541],[106.49157154496078,10.996390902401558],[106.49064194458293,11.000326861756024],[106.49057309211706,11.001090128699405],[106.49030613172462,11.001288918720977],[106.49006595754622,11.002304290398193],[106.48985715364584,11.005042980021349],[106.48939514316855,11.005314461889403],[106.48916009348011,11.00644656870148],[106.48909142126882,11.007250233786856],[106.48885987743355,11.008171409072144],[106.49243706035158,11.00861162288637],[106.49632765390643,11.009045717504947],[106.49958828240992,11.008872615831836],[106.49979251157652,11.008831180369441],[106.50474405065538,11.00799440904661],[106.5083080189031,11.007622141086161],[106.51047301939333,11.007274790299554],[106.51407115467704,11.00648051034411],[106.51571625264836,11.008397613363725],[106.51880412706134,11.009979833939967],[106.52017857782141,11.010489038032821],[106.52173121717111,11.011203815436554],[106.5226048571198,11.011486595380688],[106.52314695080979,11.011789062669417],[106.52586562101014,11.013108351108325],[106.52969003202718,11.014798965714103],[106.53438640229359,11.017310848508583],[106.54397833131344,11.02215835372129],[106.54668000534386,11.023670446065005],[106.54753127037834,11.02400712406408],[106.54676604877173,11.025352895529672],[106.54857503672017,11.026407215294485],[106.55080644270471,11.02746396095735],[106.55115089302156,11.027309604102474],[106.55177442953124,11.027535251737538],[106.55394679641546,11.02858775033898],[106.55400658829225,11.028722052759706],[106.55355010246326,11.030025813807272],[106.55311429742353,11.030948109559578],[106.55101153038834,11.034513164757563],[106.54989600322536,11.035766448508962],[106.54929216263382,11.037564652042107],[106.54902207129687,11.03804622938189],[106.54748838337035,11.040118454456827],[106.54569271119388,11.043363314191055],[106.54569370019401,11.04355178922732],[106.54764842298295,11.043788644228048],[106.54798073033767,11.043921587931084],[106.54848800354878,11.044488939444596],[106.5492595250806,11.04433235054505],[106.54949266341484,11.044618420387831],[106.5499446450151,11.045037933390983],[106.55038853557579,11.04564601193962],[106.54932498001332,11.04642330048023],[106.54842902241153,11.047110098186621],[106.54745736447057,11.0489370361441],[106.54635839923404,11.05076471570471],[106.54538603146362,11.052466033577844],[106.54330258100536,11.053692860951209],[106.54048002500927,11.05431311951721],[106.53790339870812,11.05505322552181],[106.53520911837145,11.056767828373193],[106.53324893580742,11.05811510394229],[106.53178458703307,11.059576568023674],[106.5306931646867,11.062009995017473],[106.5294751655475,11.064565264923338],[106.52825285811247,11.06627233070953],[106.52666564901068,11.067734421430332],[106.52507467596487,11.069322126651448],[106.52398256892211,11.071634394493188],[106.52325905559822,11.07406593526044],[106.52259982275704,11.073984009891648],[106.52012095301437,11.074337584720265],[106.51808009202965,11.073302146739671],[106.51635595649174,11.072875470353424],[106.51525265735258,11.072131540734757],[106.51415538697846,11.071692752171822],[106.51289307461505,11.07095410714504],[106.51224699869658,11.06989373502296],[106.51174925100062,11.068522942619794],[106.51126301097426,11.067614402781839],[106.50887983073815,11.065359916872392],[106.50762285354392,11.06477385065929],[106.50575488579656,11.064652971985286],[106.5043496060269,11.064377211741338],[106.50185854520763,11.064115895667811],[106.49975305002759,11.063735860159964],[106.49855131905737,11.064177196771107],[106.49620981055484,11.062963592405172],[106.49294096470791,11.062526488496466],[106.48966974265885,11.061627070965576],[106.48924278779565,11.059847520103308],[106.48824407633744,11.059120881726558],[106.4878709652081,11.058997109264379],[106.48711656546762,11.058955893105711],[106.48687918133547,11.05873271305317],[106.48665959451027,11.058428627135854],[106.48609017988473,11.058135188541218],[106.48585243737543,11.057835700740249],[106.48588245853192,11.0574899320805],[106.4857626435826,11.057149508403265],[106.48546620748961,11.056926531343542],[106.4847420171291,11.056562047740888],[106.48308026269633,11.055888081233753],[106.4821839562036,11.055623179149572],[106.48034866103714,11.054761570997595],[106.47921418177935,11.054116354964844],[106.47834800173105,11.053523682492424],[106.47761808355564,11.052925842035329],[106.47780188859551,11.052426796791744],[106.47730916561858,11.052016370891943],[106.47685823792371,11.051798642852102],[106.47659021637993,11.051804465151415],[106.4762049023051,11.051963374927297],[106.47600932444941,11.051928462790412],[106.47589023416232,11.05174056453735],[106.4765256827394,11.050696220685104],[106.47655606208303,11.05042685436922],[106.4750894997894,11.048777946576745],[106.47396682303064,11.047769121755715],[106.47260759316411,11.046689702276783],[106.4722513169509,11.0462964575688],[106.47070335595704,11.043822218176556],[106.4696282474592,11.045052569641726],[106.46808515912991,11.046289774290457],[106.46498688344714,11.047224819195101],[106.46298115790998,11.048616824451553],[106.46205204354159,11.049083551991847],[106.46127598725303,11.049239883894666],[106.46050820214204,11.050163627330122],[106.46020910553202,11.051237682932614],[106.45897264036712,11.052011068953433],[106.45789058206414,11.052783722772823],[106.45614033764271,11.05531441131893],[106.45581967827495,11.054790889109253],[106.45483918981617,11.052206008908144],[106.45431605482061,11.049304878655633],[106.45408445948463,11.04563036579275],[106.45423283504677,11.045319987847309],[106.45388162280233,11.04318092666092],[106.4529178591725,11.041219800812009],[106.44888293358403,11.037375001505586],[106.4462828033312,11.035197304184267],[106.4443825799999,11.03308804670683],[106.44240940352859,11.02999177982942],[106.4411425796129,11.027322988644137],[106.44016809108865,11.025913880791869],[106.439046590198,11.024168881280803],[106.43942806157875,11.023215644249726]]]},"id":"0_00000000000000000003","properties":{"DAN_SO":40239,"DT_KM2":62.056,"OBJECTID":4,"Shape_Area":6.18775951106E7,"Shape_Leng":40792.3929424,"XA_MOI":"Nhuận Đức","area_km2":62.1329590832498,"green_km2":48.4559849025786,"green_km2_max":9.755738067626953E-5,"green_km2_mean":9.754270079958786E-5,"green_km2_min":9.752909088134766E-5,"green_km2_stdDev":5.576929399067873E-9,"green_km2_sum":48.4559849025786,"green_ratio":0.7798756991060751,"green_th":0.4,"ndvi_max":0.8523751497268677,"ndvi_mean":0.5307549143963045,"ndvi_min":-0.2865602672100067,"ndvi_std":0.16569727596337602,"ndvi_stdDev":0.16569727596337602,"ndvi_sum":336168.5277983389,"xa":"Nhuận Đức","year":2019.0}},{"type":"Feature","geometry":{"type":"Polygon","coordinates":[[[106.51649241970337,11.005629155233471],[106.51940958909752,11.00403937082371],[106.526311079537,10.999938823137045],[106.52803718397266,10.99904606304598],[106.52967618706754,10.998912126510223],[106.53074692654575,10.99865990891784],[106.53170124675992,10.997860733103806],[106.53301221911647,10.997526568872747],[106.53502634224817,10.99701821073496],[106.53742132428492,10.996382326826138],[106.53698905855495,10.994472710627095],[106.53754791142043,10.992764481305619],[106.53764815625804,10.991072109609277],[106.53697188661917,10.98940158189036],[106.53678991812848,10.98848247887067],[106.53731154956435,10.985701920993092],[106.53789710530133,10.98476097379742],[106.53998409911594,10.982546925549691],[106.54325277192702,10.978756110094748],[106.54538720028027,10.977816320879585],[106.54888100175661,10.976281692309577],[106.55740693043589,10.97294866898761],[106.559989726897,10.971795565525198],[106.56203755376904,10.970842657230136],[106.56268863644786,10.96940768242769],[106.56399260609068,10.966905856112927],[106.56496901499006,10.965173064207468],[106.56559996507704,10.964245315752441],[106.56632910723496,10.962993989072489],[106.57100128687306,10.955013125459693],[106.5753813230689,10.947657639732663],[106.57652458929591,10.9448558647252],[106.57861627691152,10.94022264473785],[106.58160902359751,10.93422504032602],[106.5832344997323,10.931600310512195],[106.5839815970082,10.929478183411915],[106.58597758606184,10.929081915443192],[106.58806226157876,10.928294707796892],[106.5985644523741,10.924640850265005],[106.60040148688417,10.924258788080271],[106.60334588289193,10.92375417523277],[106.60414763971933,10.925060426360307],[106.60672506304658,10.928102948319385],[106.61050541157798,10.932705402114438],[106.61350363819597,10.936275181022612],[106.617362352427,10.941061092373594],[106.6201987815519,10.944061783887115],[106.62378230321049,10.948314977145632],[106.62471832959591,10.949243372063894],[106.62529162189684,10.950285978845551],[106.62490468990124,10.952603685460284],[106.62469359549408,10.955530736924638],[106.62403998663443,10.958931338412167],[106.61974323433442,10.95967667932254],[106.61730982797815,10.960672391684538],[106.61579256045286,10.960604170387377],[106.6151371797246,10.961182026887796],[106.61395872257586,10.960761950306077],[106.6140333708957,10.960303807688048],[106.61395575463114,10.960227927618247],[106.61314289906534,10.960232222528381],[106.61188584796939,10.960409416127312],[106.60905915108677,10.960069848923148],[106.60936430305962,10.963595576325584],[106.6097545348731,10.964369838095571],[106.60929280410598,10.965480746315016],[106.60890985791211,10.966057213900571],[106.6086203553575,10.967108827892213],[106.60816312378213,10.968219693818611],[106.6081263402455,10.968982801220108],[106.608157457858,10.972213697396867],[106.60823507203818,10.972289587110492],[106.60966666745001,10.972475013966793],[106.60976280898234,10.972609177718939],[106.60982504468372,10.973201201702219],[106.60986641524659,10.97496015770818],[106.60915385337701,10.975058109840196],[106.60528548301798,10.975280493184018],[106.6042405411799,10.97522319417254],[106.6034491263408,10.975016396523744],[106.60309946580092,10.975018305986772],[106.60298300234682,10.975324016480227],[106.60287013627952,10.975441348052339],[106.60253864313593,10.975460987963544],[106.60102876396836,10.975083047134417],[106.5996159317066,10.975032065525552],[106.5980904250108,10.975129885125204],[106.59646573584193,10.975367258842953],[106.59457450733636,10.97587080511047],[106.59320497330451,10.976254987036583],[106.59344238615702,10.979027063908868],[106.59481003317576,10.979127645098588],[106.5946286449826,10.983423317457575],[106.58707711453673,10.983727576505807],[106.5838492271521,10.984013623555006],[106.58093558226231,10.984441692356572],[106.57743882899318,10.984540605683854],[106.5761171527562,10.984547458233664],[106.57319426115923,10.990962051023734],[106.57233264294868,10.992932163353906],[106.57070841842148,10.997576363587303],[106.56984429247265,10.999932471132329],[106.56826585538977,11.00207678449169],[106.56727513444898,11.003710950078698],[106.56704692219758,11.004362809148597],[106.5660928933176,11.00605515655176],[106.56548226311683,11.007395606405023],[106.56556004171583,11.00751186923072],[106.5670596905677,11.008495979751933],[106.56838086132159,11.009234081494117],[106.57486724191823,11.012615660471367],[106.57797458767664,11.014394588458472],[106.57949446627151,11.015746452493763],[106.57843813961497,11.016995058448552],[106.57783898431167,11.017927184199849],[106.57722823069628,11.018397043643148],[106.57758405381456,11.020378756405771],[106.57806343130709,11.020829501477335],[106.57855593861832,11.02204760520841],[106.57783161065635,11.024205512856174],[106.57770185234875,11.025431338265946],[106.57789006037011,11.026655499060462],[106.57774258727677,11.027118455645562],[106.57806298169348,11.027570102974902],[106.5783764525291,11.027564002241258],[106.57854856493834,11.02832594471817],[106.57868407882904,11.029038839077081],[106.57811927332442,11.029602745794671],[106.57762676701604,11.030098928337296],[106.57706385266464,11.03101285567462],[106.57706906815824,11.031995650016519],[106.57735520112207,11.032833367851309],[106.57771471127663,11.03381429115582],[106.57835864780499,11.034443690000003],[106.5792871931156,11.03478890360459],[106.57992430017892,11.034996524371874],[106.5806355962564,11.035481930073818],[106.58141991307191,11.036038859831345],[106.5819236686311,11.036808058528619],[106.58265862151706,11.03746845235525],[106.58144185456038,11.039296819486308],[106.58046779851155,11.041482896452854],[106.57999075365697,11.044034400617782],[106.57926723015845,11.046344825129413],[106.57804715529511,11.048415567345222],[106.57621696609422,11.05024713599737],[106.57475025423372,11.052072243650171],[106.57328741900263,11.05378069806821],[106.57156823169785,11.054274378436205],[106.57008788391936,11.053555028789818],[106.56885356422522,11.05210296160439],[106.5682280895773,11.049803932292974],[106.56784395769215,11.047620431034517],[106.56709835535513,11.045802295822144],[106.5650041726273,11.044964920812971],[106.56193253191796,11.044859630793336],[106.55763827939015,11.04548761444918],[106.55567186622584,11.04561888728622],[106.55296819009452,11.04551160455409],[106.55038853557579,11.04564601193962],[106.5499446450151,11.045037933390983],[106.54949266341484,11.044618420387831],[106.5492595250806,11.04433235054505],[106.54848800354878,11.044488939444596],[106.54798073033767,11.043921587931084],[106.54764842298295,11.043788644228048],[106.54569370019401,11.04355178922732],[106.54569271119388,11.043363314191055],[106.54748838337035,11.040118454456827],[106.54902207129687,11.03804622938189],[106.54929216263382,11.037564652042107],[106.54989600322536,11.035766448508962],[106.55101153038834,11.034513164757563],[106.55311429742353,11.030948109559578],[106.55355010246326,11.030025813807272],[106.55400658829225,11.028722052759706],[106.55394679641546,11.02858775033898],[106.55177442953124,11.027535251737538],[106.55115089302156,11.027309604102474],[106.55080644270471,11.02746396095735],[106.54857503672017,11.026407215294485],[106.54676604877173,11.025352895529672],[106.54753127037834,11.02400712406408],[106.54668000534386,11.023670446065005],[106.54397833131344,11.02215835372129],[106.53438640229359,11.017310848508583],[106.52969003202718,11.014798965714103],[106.52586562101014,11.013108351108325],[106.52314695080979,11.011789062669417],[106.5226048571198,11.011486595380688],[106.52173121717111,11.011203815436554],[106.52017857782141,11.010489038032821],[106.51880412706134,11.009979833939967],[106.51571625264836,11.008397613363725],[106.51407115467704,11.00648051034411],[106.51649241970337,11.005629155233471]]]},"id":"0_00000000000000000004","properties":{"DAN_SO":97766,"DT_KM2":59.075,"OBJECTID":5,"Shape_Area":5.93669067075E7,"Shape_Leng":48438.2013139,"XA_MOI":"Phú Hòa Đông","area_km2":59.609127551109395,"green_km2":41.29577433107506,"green_km2_max":9.757762908935547E-5,"green_km2_mean":9.755721850518321E-5,"green_km2_min":9.753585052490235E-5,"green_km2_stdDev":1.0589108647643254E-8,"green_km2_sum":41.29577433107506,"green_ratio":0.6927760231965766,"green_th":0.4,"ndvi_max":0.8461538553237915,"ndvi_mean":0.49830240263241066,"ndvi_min":-0.3078930377960205,"ndvi_std":0.18764427751538243,"ndvi_stdDev":0.18764427751538243,"ndvi_sum":302074.8911702259,"xa":"Phú Hòa Đông","year":2019.0}},{"type":"Feature","geometry":{"type":"Polygon","coordinates":[[[106.4410439982632,10.952728662821132],[106.44379476790601,10.950538911415318],[106.45461963652261,10.942579699354598],[106.46032225531111,10.939455833540338],[106.46846389733064,10.935512305527876],[106.47292333492517,10.9336148520465],[106.48716609168721,10.926513311578052],[106.49034783864579,10.932543036213342],[106.49184282149687,10.935443884662542],[106.49267319233572,10.93711834682965],[106.49422715772538,10.939996438286778],[106.4943281910407,10.940215879159863],[106.49478158313374,10.940985541860186],[106.49589214619598,10.94327791576402],[106.49608073126133,10.943743710146018],[106.49655749806996,10.944634481177829],[106.49662653226733,10.94481820444051],[106.4969061749308,10.945332879168324],[106.49717709877771,10.945932931990015],[106.49725026805152,10.946031283118126],[106.49742492159271,10.946438869440971],[106.4974800233318,10.946568710927865],[106.49768182346166,10.946949222537091],[106.49786007291286,10.947177238917352],[106.49812146975816,10.947687595679396],[106.49809908741588,10.947745984943099],[106.49799481629438,10.947777987091094],[106.49783589282215,10.947787679932087],[106.49747310190538,10.94790619161841],[106.49735552757963,10.94799199952261],[106.49756550746123,10.949108484267976],[106.49770420575966,10.949596966930649],[106.49783094893776,10.950426624888106],[106.49781360039897,10.950588217096684],[106.49830789948051,10.95133975650957],[106.49883393061707,10.95209121125587],[106.49939708741415,10.952986006358087],[106.49965830638448,10.953455901315447],[106.50006523692494,10.953987982914052],[106.50009570955498,10.955540622757205],[106.4997052287527,10.956462567342069],[106.49927627599698,10.95695837563046],[106.49826987643311,10.956420249142962],[106.49811598653353,10.956537738835243],[106.49803976073699,10.956726592763117],[106.49902836111792,10.957323113887087],[106.49916544236929,10.957497429108594],[106.49893595492134,10.957915977849039],[106.4988783359029,10.958207959766247],[106.49909245220994,10.958341522446897],[106.49909407021812,10.958646729043457],[106.49901721484304,10.958723385616551],[106.49874907519805,10.958684298070336],[106.49864983754792,10.958819435272584],[106.49861558978276,10.95924144711534],[106.49910242992728,10.959414094237326],[106.49898818059751,10.9601820785007],[106.49891141515026,10.960258731880792],[106.49841181120053,10.960261189100862],[106.49841315953633,10.960530504659342],[106.49833630440928,10.960607163418523],[106.49802726618098,10.960568254363823],[106.49795301797135,10.961143056912434],[106.49822133638258,10.961218047260001],[106.49834268652987,10.961872697738436],[106.49849774515297,10.961988613783019],[106.49912013812947,10.96202594239221],[106.49941416641472,10.962697710748026],[106.4993969076352,10.96287281847524],[106.49974513974078,10.963485930338049],[106.49970963334336,10.96363871688278],[106.49924903950401,10.964174991072257],[106.49964005879964,10.965164889878775],[106.49968482381351,10.968638298376797],[106.49937722184154,10.968877648675592],[106.49928211880946,10.968936493559333],[106.49972015042754,10.970240334512663],[106.50149808452497,10.969737861651216],[106.50214044207058,10.971929309549601],[106.50296815671807,10.97393577811875],[106.50214304889919,10.974245053550515],[106.50266953904823,10.975059185857567],[106.50267924726205,10.976086864821735],[106.50277498106102,10.976162734446298],[106.50323791976237,10.976093095495706],[106.50463860765954,10.975538670491469],[106.50487025870935,10.975533008293189],[106.50502990661212,10.975680339421553],[106.50548538921409,10.976817997497422],[106.50508725763369,10.9771341489231],[106.503810077443,10.977854015029667],[106.50292626751917,10.97822190762165],[106.50714651121079,10.981059768461346],[106.50632929760476,10.982019727517677],[106.50535288835194,10.98115399200994],[106.50393457700224,10.980025542818474],[106.50273147386437,10.981018787183165],[106.4996909363061,10.984242642567676],[106.49829082056948,10.985829302879653],[106.49676954458923,10.986792673519059],[106.49847653132882,10.990221982297161],[106.49973039784341,10.99205583184841],[106.50272733888335,10.994563216420858],[106.50540736291613,10.997269622989107],[106.50796489658718,10.999989989115385],[106.50910582313959,11.001043479935616],[106.51139021176063,11.003626127670742],[106.51232565678349,11.004465203967998],[106.51407115467704,11.00648051034411],[106.51047301939333,11.007274790299554],[106.5083080189031,11.007622141086161],[106.50474405065538,11.00799440904661],[106.49979251157652,11.008831180369441],[106.49958828240992,11.008872615831836],[106.49632765390643,11.009045717504947],[106.49243706035158,11.00861162288637],[106.48885987743355,11.008171409072144],[106.48909142126882,11.007250233786856],[106.48916009348011,11.00644656870148],[106.48939514316855,11.005314461889403],[106.48985715364584,11.005042980021349],[106.49006595754622,11.002304290398193],[106.49030613172462,11.001288918720977],[106.49057309211706,11.001090128699405],[106.49064194458293,11.000326861756024],[106.49157154496078,10.996390902401558],[106.49104966669577,10.996492188777541],[106.48744005907982,10.99769910850511],[106.48574089173867,10.998546723309836],[106.48575940777098,10.98681520238966],[106.48392462070221,10.98687802562372],[106.48271273342877,10.987952044965683],[106.48155792811238,10.98864431555193],[106.47791019433,10.990412382911886],[106.47767830328203,10.990373119992983],[106.47763480126899,10.989834776526832],[106.47628291778733,10.99018244137517],[106.47605282612581,10.990488687646325],[106.47582129664586,10.990530262262743],[106.47533882454348,10.990317139155266],[106.47467965152183,10.990221662561634],[106.47417579091027,10.990277890890278],[106.47394489265017,10.990431632593731],[106.47308277885291,10.991526366180812],[106.4724269383992,10.992104020335484],[106.47169092912597,10.992067143481549],[106.47129016511815,10.992778239447562],[106.470885806784,10.9927576859645],[106.47062372475915,10.993948298996104],[106.47054687978309,10.994024996634126],[106.46967372510213,10.993813722931963],[106.46845419069521,10.993370850287514],[106.46825978845261,10.993564762223865],[106.46678834098482,11.000039014945859],[106.46662377893976,11.0007488708068],[106.46648851640525,11.000964958749014],[106.46378238530454,11.001193399465222],[106.46364317013963,11.002437220000802],[106.46380000065801,11.003850179140391],[106.46411123543845,11.005239932721862],[106.46418879705112,11.005315930099853],[106.46531016322726,11.005184790578845],[106.46546501774395,11.005260341757456],[106.46571747668771,11.006713224471195],[106.46481495309166,11.007009350217023],[106.46398424296426,11.007116562733305],[106.46189413585064,11.008845493270691],[106.46237370106745,11.00937275200061],[106.46339817324386,11.010781528254405],[106.4638773824069,11.012156985800603],[106.46343529124377,11.014609577598147],[106.46266677922647,11.015380720886679],[106.46079606505815,11.014626752729894],[106.45939162491015,11.014480926835885],[106.45830821636248,11.014948387938004],[106.45661009371946,11.016029132986949],[106.45490281807531,11.016194433623527],[106.45381862394372,11.016504835453107],[106.45241881397364,11.016363389692492],[106.45039954888786,11.016835321525676],[106.44965651744982,11.012593248554216],[106.44886478027956,11.011398752456786],[106.44763961561108,11.009806891543555],[106.44706680214517,11.008781908395878],[106.44435741754643,11.004652371537112],[106.44301302801549,11.002832160728323],[106.4414292476129,11.000348884801591],[106.4385589908111,10.998589669205813],[106.43802646097399,10.997438847291411],[106.43693166082595,10.995554510932676],[106.43656151669401,10.995094030012094],[106.43597795017506,10.994652507045648],[106.43485323680791,10.994078863666426],[106.43356794740032,10.993196244593664],[106.43244306732645,10.992582242007316],[106.43145379253365,10.991850856734013],[106.43085101027071,10.991180511886084],[106.42917701364708,10.98974319260706],[106.42799267074359,10.989053157418883],[106.4309556074255,10.9836580695543],[106.43288554219522,10.979793833073307],[106.43286127973897,10.979470796282694],[106.43222569425348,10.976704723147375],[106.43165229411113,10.974593507754474],[106.43108186093407,10.973097194734352],[106.43048429162349,10.970676529522203],[106.42979210182862,10.968413334823007],[106.42909218643499,10.967375342267184],[106.42640190575455,10.964228380692708],[106.42567145010156,10.96345089196037],[106.4410439982632,10.952728662821132]]]},"id":"0_00000000000000000005","properties":{"DAN_SO":84342,"DT_KM2":53.508,"OBJECTID":6,"Shape_Area":5.27078163182E7,"Shape_Leng":40995.4829881,"XA_MOI":"Tân An Hội","area_km2":52.92711879383533,"green_km2":37.622339318141556,"green_km2_max":9.757673645019532E-5,"green_km2_mean":9.756227966883399E-5,"green_km2_min":9.754770660400391E-5,"green_km2_stdDev":6.8807166709427345E-9,"green_km2_sum":37.622339318141556,"green_ratio":0.7108329373584494,"green_th":0.4,"ndvi_max":0.8409250974655151,"ndvi_mean":0.49022731351380217,"ndvi_min":-0.23835615813732147,"ndvi_std":0.18182727700241844,"ndvi_stdDev":0.18182727700241844,"ndvi_sum":264884.5300782929,"xa":"Tân An Hội","year":2019.0}},{"type":"Feature","geometry":{"type":"Polygon","coordinates":[[[106.36117291579755,10.983857107558471],[106.37281563527566,10.968257948251768],[106.39162764790873,10.970878933440263],[106.40203488269,10.972101302108102],[106.41306891109068,10.973311513276485],[106.41622598851939,10.970518746467674],[106.41869698142312,10.968626721660321],[106.42567145010156,10.96345089196037],[106.42640190575455,10.964228380692708],[106.42909218643499,10.967375342267184],[106.42979210182862,10.968413334823007],[106.43048429162349,10.970676529522203],[106.43108186093407,10.973097194734352],[106.43165229411113,10.974593507754474],[106.43222569425348,10.976704723147375],[106.43286127973897,10.979470796282694],[106.43288554219522,10.979793833073307],[106.4309556074255,10.9836580695543],[106.42799267074359,10.989053157418883],[106.42917701364708,10.98974319260706],[106.43085101027071,10.991180511886084],[106.43145379253365,10.991850856734013],[106.43244306732645,10.992582242007316],[106.43356794740032,10.993196244593664],[106.43485323680791,10.994078863666426],[106.43597795017506,10.994652507045648],[106.43656151669401,10.995094030012094],[106.43693166082595,10.995554510932676],[106.43802646097399,10.997438847291411],[106.4385589908111,10.998589669205813],[106.4414292476129,11.000348884801591],[106.44301302801549,11.002832160728323],[106.44435741754643,11.004652371537112],[106.44706680214517,11.008781908395878],[106.44763961561108,11.009806891543555],[106.44886478027956,11.011398752456786],[106.44965651744982,11.012593248554216],[106.45039954888786,11.016835321525676],[106.44806774392792,11.016541322293996],[106.44657235413216,11.016382368549056],[106.44645013524728,11.017397206427502],[106.44648931717612,11.018909498104792],[106.44637635461683,11.019026754538283],[106.44595425082927,11.019109509491084],[106.44595649749398,11.019567232974742],[106.44453238652677,11.020045325902581],[106.44445555113212,11.020121970439106],[106.4444455760128,11.020867019247854],[106.44431464138248,11.021042652942977],[106.44153969128293,11.02211498357733],[106.43971328939935,11.023016780978557],[106.43942806157875,11.023215644249726],[106.439046590198,11.024168881280803],[106.44016809108865,11.025913880791869],[106.4411425796129,11.027322988644137],[106.44240940352859,11.02999177982942],[106.4443825799999,11.03308804670683],[106.4462828033312,11.035197304184267],[106.44888293358403,11.037375001505586],[106.4529178591725,11.041219800812009],[106.45388162280233,11.04318092666092],[106.45423283504677,11.045319987847309],[106.45408445948463,11.04563036579275],[106.45431605482061,11.049304878655633],[106.45483918981617,11.052206008908144],[106.45581967827495,11.054790889109253],[106.45614033764271,11.05531441131893],[106.45544258061156,11.056628204354574],[106.45531757054957,11.059846732280876],[106.45472397598377,11.062914811575322],[106.45139808017883,11.073042165631445],[106.45096859700567,11.07718208327363],[106.4508923883239,11.081077958124776],[106.45058530716024,11.086070017841932],[106.44981819036919,11.087146358853877],[106.44661243475264,11.0931397186642],[106.44493795206684,11.097285616110272],[106.44510681063065,11.09835743996182],[106.44652139963249,11.100491395353584],[106.44668423839465,11.101258080681696],[106.44455152798037,11.105558760000065],[106.44215095177374,11.10623894057569],[106.44020511509912,11.106966378325078],[106.4379472016714,11.10984496861236],[106.4362540073083,11.110216577761832],[106.43508624859436,11.107453048714973],[106.43552306776712,11.106634136060354],[106.43519597000788,11.105729187316015],[106.4346290317292,11.104080311498434],[106.43434273252865,11.103157161490055],[106.43421746551948,11.102619213756748],[106.43409121010943,11.10188373814915],[106.43388156339475,11.100839051704842],[106.43356597045286,11.100418650582395],[106.43344789280656,11.100419220266783],[106.43294386196271,11.10050690704654],[106.43267086448608,11.10043188349087],[106.43255179887846,11.100239515684105],[106.4324604104545,11.099194259632132],[106.43229982931899,11.09888534098042],[106.43210411280316,11.098814441334065],[106.43124927050876,11.098706303882862],[106.43113002599384,11.098477970112018],[106.43119436590446,11.097701262978982],[106.43101913854088,11.096234577343536],[106.43084633754681,11.09526592602794],[106.43076249811463,11.094844480650382],[106.43061620602448,11.092794199367562],[106.4305330855645,11.092525302848525],[106.43021857601647,11.09233380983521],[106.42925006931402,11.092194750812542],[106.42855051518013,11.092242959098572],[106.42843217080208,11.092203138659972],[106.42761930759193,11.092292291732237],[106.42711987364656,11.092375431929632],[106.42661531898044,11.092341916449795],[106.42606898155951,11.092120082038832],[106.42579051177178,11.091852120310545],[106.42570703380868,11.091502441513152],[106.42577011403174,11.090456414331358],[106.42587650579034,11.089912880525402],[106.42597499010188,11.088673765087186],[106.42600473309201,11.088247269430418],[106.42606745397333,11.087124930768203],[106.42617222843909,11.08623588453629],[106.42626630984397,11.085032620888914],[106.42635158519424,11.082940835924889],[106.42626253580399,11.082375753393777],[106.42617914750943,11.082035032925525],[106.42582780279949,11.081736004590063],[106.42557799797042,11.080826166041625],[106.42564323474215,11.08021095284715],[106.42565320896111,11.078532396999016],[106.42579563367157,11.077916914836745],[106.42612649069412,11.076806837629293],[106.42679566455934,11.075187931256252],[106.42681866829166,11.074308224460722],[106.4267292592682,11.073662347107156],[106.42659761690663,11.072747436017416],[106.4261508422231,11.071497379860832],[106.42599008624134,11.071157071478883],[106.42546819177002,11.0703292844859],[106.42530689717002,11.069872262428996],[106.42513437049404,11.068961987857305],[106.42517507599375,11.068921424004719],[106.42517040339735,11.068885550332979],[106.4251212512839,11.0681228103078],[106.42522719342223,11.067471543229715],[106.4247820391177,11.06656257758473],[106.42385102812023,11.06665675134031],[106.42307852848273,11.066637895450267],[106.42241466811315,11.066533312899637],[106.42183248911513,11.066392483197857],[106.42148151117729,11.066174227629519],[106.42135759975304,11.06590548057737],[106.42127358443493,11.065452604992638],[106.4209940428029,11.064960266952419],[106.42035930228778,11.064285539438606],[106.42014966941524,11.063222895790405],[106.42090939864137,11.062478794841649],[106.42113493677034,11.062132167981895],[106.42050486831603,11.061497831962072],[106.42088405931311,11.060993403492436],[106.42168395690469,11.060096486028302],[106.42189781456739,11.059215827676722],[106.42139246387364,11.05899830036493],[106.42104202581426,11.058887742623288],[106.42080489639612,11.05870489607087],[106.42087633171715,11.05843525752662],[106.4209115551801,11.058206178322802],[106.42098182241227,11.057707730274165],[106.42101129512032,11.05720937877491],[106.42091577840183,11.056258382195459],[106.42065933015759,11.05488628254435],[106.42061700814071,11.054585752082344],[106.42048662762913,11.053940088372466],[106.42019513627832,11.052832950047115],[106.42026109020414,11.052374819251764],[106.42097256726397,11.051056484011497],[106.42157765714839,11.050281712512286],[106.42397377288904,11.047828972061444],[106.42401438830436,11.047788425998927],[106.42385435283116,11.047560273870603],[106.42361713034634,11.047372943059102],[106.42318482900693,11.04722679448085],[106.42247433279164,11.0468577067486],[106.42262259599755,11.046511432434936],[106.42299595017562,11.04573770935586],[106.42360113580976,11.04499886611209],[106.42284804612977,11.044270819056912],[106.42195100944875,11.043844160153094],[106.4219864128064,11.043651067013986],[106.42221150282298,11.043223629880808],[106.42220584187345,11.042994771305015],[106.42205048031923,11.04280699450235],[106.42161836195145,11.042696787912648],[106.42149966209553,11.042585149729975],[106.42161198216942,11.042315383833072],[106.4219200090517,11.042120954511782],[106.42191389882908,11.041811284076818],[106.42179034657156,11.041623414702505],[106.4214345164805,11.041324360652107],[106.42119666776706,11.04097989440852],[106.4207994151964,11.040568842759532],[106.42055680486193,11.040188518100809],[106.42082322696673,11.039841649386117],[106.42062221976866,11.039613773720964],[106.42018803769628,11.039086224546086],[106.41989726560729,11.038131617018028],[106.41969059842445,11.037674811035547],[106.41960191130948,11.037181524935633],[106.41967765926853,11.036871506264795],[106.4196310244008,11.03660697275212],[106.41939416615908,11.036495873094207],[106.4188898099611,11.036466821560573],[106.41837422315265,11.03601594417325],[106.417869599869,11.035946445084445],[106.41751476489357,11.03583595139127],[106.41688605523521,11.035466328147272],[106.41633435217324,11.035056068869087],[106.41514846511669,11.034078692215784],[106.41475176323861,11.033779893808738],[106.41395755308329,11.032989221930556],[106.41312731514924,11.03227495288071],[106.41215565345928,11.031453720231413],[106.41150207111846,11.03061747682506],[106.41109917645949,11.029973079538856],[106.41100977420487,11.029322774622617],[106.41071955408628,11.028484879274771],[106.41039267507087,11.027570771510286],[106.41025124929047,11.026503358428764],[106.41009032591822,11.02608667002384],[106.40964637213705,11.025402102392022],[106.4092844530207,11.024757461752353],[106.40932506556138,11.024716929627274],[106.40932039332178,11.024680986096827],[106.4092784330209,11.024452331672721],[106.40942596799219,11.023948948824692],[106.4094562477161,11.023643650287141],[106.40929604376711,11.02337957706006],[106.40905928717642,11.023268460522285],[106.40898219533544,11.023309256284815],[106.40879162227118,11.023350568555111],[106.4085141640167,11.023279987502665],[106.408435994174,11.023087369116672],[106.40850194436119,11.02262478647883],[106.4086551393593,11.022354821966696],[106.40869054044826,11.022166188836062],[106.40860221743804,11.021744667338844],[106.40851281626054,11.021094326066134],[106.40868487986765,11.020020913937564],[106.40893421511322,11.018942579292572],[106.40896997565231,11.018825749161293],[106.40906629552703,11.018057821656502],[106.40901337350077,11.017447695548064],[106.40888928982159,11.017143105505147],[106.40828585424852,11.016351538374787],[106.4081557510378,11.015737259689356],[106.40895137657719,11.014921227157942],[106.4094432193477,11.014223318836756],[106.4098640809864,11.013871294865694],[106.41032097380547,11.013483254124397],[106.41073653599537,11.012974144818568],[106.41110968908895,11.012164547012093],[106.41151393154401,11.011202201517841],[106.41198978675318,11.010006230197119],[106.41213768306218,11.009579146325963],[106.41185914210625,11.009279775633006],[106.41078245005274,11.008301898359996],[106.41003129375771,11.007973239133383],[106.40791072953614,11.00720216668511],[106.40578587425686,11.006476008688425],[106.40577976450948,11.00613040706989],[106.40580968430349,11.00574428874133],[106.40537795916609,11.005714900314715],[106.40510472838396,11.005568015048116],[106.4049339256349,11.00499440084277],[106.40479861329932,11.004232021108248],[106.40452592237381,11.004197358690408],[106.40327604114968,11.004064062785135],[106.40268466154883,11.003882765500014],[106.40044638323072,11.003192907545355],[106.39938628226135,11.002829785097582],[106.39812556073065,11.002315007587706],[106.39722476768613,11.002022901853607],[106.39534152453221,11.001484043160989],[106.39416330460972,11.001121396695765],[106.39235735466177,11.0005776647317],[106.39094277527562,11.000180234574772],[106.38953817806113,10.99997572911912],[106.38852017897936,10.999877185954544],[106.38424438613069,10.999622876231227],[106.38162700821965,10.99944181877227],[106.37993193820606,10.999296946758115],[106.37930801436701,10.999932539903421],[106.37200954850744,10.99927893066113],[106.36875208461076,10.999172403186112],[106.36515591735524,10.997545957494525],[106.36451577887415,10.996642269139258],[106.36420029176836,10.996185878646141],[106.36433683510317,10.995265183606065],[106.35946579762626,10.99197927714757],[106.35588165025239,10.990963005430226],[106.36117291579755,10.983857107558471]]]},"id":"0_00000000000000000006","properties":{"DAN_SO":49862,"DT_KM2":62.445,"OBJECTID":7,"Shape_Area":6.26979176182E7,"Shape_Leng":50253.2798163,"XA_MOI":"Thái Mỹ","area_km2":62.96127112290408,"green_km2":50.069694805610105,"green_km2_max":9.756489562988282E-5,"green_km2_mean":9.754581396711508E-5,"green_km2_min":9.751744079589843E-5,"green_km2_stdDev":1.2178399359142917E-8,"green_km2_sum":50.069694805610105,"green_ratio":0.7952459331367554,"green_th":0.4,"ndvi_max":0.8328782916069031,"ndvi_mean":0.5165438166924009,"ndvi_min":-0.25677958130836487,"ndvi_std":0.14713734501386433,"ndvi_stdDev":0.14713734501386433,"ndvi_sum":326153.0987561171,"xa":"Thái Mỹ","year":2019.0}},{"type":"Feature","geometry":{"type":"Polygon","coordinates":[[[106.4379472016714,11.10984496861236],[106.44020511509912,11.106966378325078],[106.44215095177374,11.10623894057569],[106.44455152798037,11.105558760000065],[106.44668423839465,11.101258080681696],[106.44652139963249,11.100491395353584],[106.44510681063065,11.09835743996182],[106.44493795206684,11.097285616110272],[106.44661243475264,11.0931397186642],[106.44981819036919,11.087146358853877],[106.45058530716024,11.086070017841932],[106.4508923883239,11.081077958124776],[106.45096859700567,11.07718208327363],[106.45139808017883,11.073042165631445],[106.45472397598377,11.062914811575322],[106.45531757054957,11.059846732280876],[106.45544258061156,11.056628204354574],[106.45614033764271,11.05531441131893],[106.45789058206414,11.052783722772823],[106.45897264036712,11.052011068953433],[106.46020910553202,11.051237682932614],[106.46050820214204,11.050163627330122],[106.46127598725303,11.049239883894666],[106.46205204354159,11.049083551991847],[106.46298115790998,11.048616824451553],[106.46498688344714,11.047224819195101],[106.46808515912991,11.046289774290457],[106.4696282474592,11.045052569641726],[106.47070335595704,11.043822218176556],[106.4722513169509,11.0462964575688],[106.47260759316411,11.046689702276783],[106.47396682303064,11.047769121755715],[106.4750894997894,11.048777946576745],[106.47655606208303,11.05042685436922],[106.4765256827394,11.050696220685104],[106.47589023416232,11.05174056453735],[106.47600932444941,11.051928462790412],[106.4762049023051,11.051963374927297],[106.47659021637993,11.051804465151415],[106.47685823792371,11.051798642852102],[106.47730916561858,11.052016370891943],[106.47780188859551,11.052426796791744],[106.47761808355564,11.052925842035329],[106.47834800173105,11.053523682492424],[106.47921418177935,11.054116354964844],[106.48034866103714,11.054761570997595],[106.4821839562036,11.055623179149572],[106.48308026269633,11.055888081233753],[106.4847420171291,11.056562047740888],[106.48546620748961,11.056926531343542],[106.4857626435826,11.057149508403265],[106.48588245853192,11.0574899320805],[106.48585243737543,11.057835700740249],[106.48609017988473,11.058135188541218],[106.48665959451027,11.058428627135854],[106.48687918133547,11.05873271305317],[106.48711656546762,11.058955893105711],[106.4878709652081,11.058997109264379],[106.48824407633744,11.059120881726558],[106.48924278779565,11.059847520103308],[106.48966974265885,11.061627070965576],[106.49294096470791,11.062526488496466],[106.49620981055484,11.062963592405172],[106.49855131905737,11.064177196771107],[106.49975305002759,11.063735860159964],[106.50185854520763,11.064115895667811],[106.5043496060269,11.064377211741338],[106.50575488579656,11.064652971985286],[106.50762285354392,11.06477385065929],[106.50887983073815,11.065359916872392],[106.51126301097426,11.067614402781839],[106.51174925100062,11.068522942619794],[106.51224699869658,11.06989373502296],[106.51289307461505,11.07095410714504],[106.51415538697846,11.071692752171822],[106.51525265735258,11.072131540734757],[106.51635595649174,11.072875470353424],[106.51808009202965,11.073302146739671],[106.52012095301437,11.074337584720265],[106.52259982275704,11.073984009891648],[106.52325905559822,11.07406593526044],[106.52375853843921,11.07575978234276],[106.52450776490643,11.078305100386116],[106.52624608119116,11.08145575562927],[106.52871729095581,11.083987783586464],[106.5310640139076,11.086161449098455],[106.53279096611662,11.087974707195492],[106.53354103359929,11.089792977714323],[106.53342209068268,11.091373218907036],[106.5320776717485,11.092349453014672],[106.52998886760976,11.092602413128269],[106.52728228125851,11.092010245234201],[106.52518525346494,11.09068347512656],[106.52321869067559,11.08996644854035],[106.52235790378721,11.090455428320256],[106.52089084330574,11.091432245767136],[106.5197915659626,11.093259815443513],[106.51845460499881,11.095694501465022],[106.51698981896558,11.098008597294122],[106.51626570023933,11.100318996242212],[106.51651795037988,11.101650588794183],[106.51799513898787,11.102616986340324],[106.5205791650566,11.103209831434395],[106.52353765468354,11.104164246641716],[106.52538546181702,11.105613401777466],[106.52613748095649,11.107795178070958],[106.52676921505395,11.111310349899046],[106.52727760639,11.114705039491604],[106.5268020289584,11.117620040240695],[106.52657242163475,11.120659455798007],[106.52534662479816,11.121756186593176],[106.52325510001526,11.121524427791456],[106.51969636385061,11.122269484584839],[106.5167629191753,11.125318057752693],[106.51431764887023,11.127879440798004],[106.51236826700507,11.131412174811736],[106.51139920121838,11.133844975134128],[106.51067492183121,11.136155331608563],[106.50945092496967,11.137615527774646],[106.5083566511653,11.139564270884511],[106.50743956184915,11.141507620723218],[106.50750383527969,11.14163299343901],[106.50627994666978,11.142244998238828],[106.50418699221832,11.14177074965147],[106.50209091233303,11.140686203046025],[106.4997054085319,11.140760978439188],[106.49837882192054,11.141719020192317],[106.49659884667504,11.142899236773696],[106.49521771776426,11.14388450058998],[106.49353979089496,11.14457501789625],[106.49196075229345,11.14507204308343],[106.4901808312396,11.145377037542618],[106.48869529809987,11.145483146083608],[106.48710721750733,11.145096119568766],[106.4854222544477,11.144422284005776],[106.4836378945356,11.14384318298667],[106.48145303600718,11.14317189425859],[106.4794761846452,11.143181593064389],[106.47660603521408,11.143586221178403],[106.47265118401377,11.144287789689317],[106.4711665836375,11.144591223554478],[106.47028075371504,11.145573930527764],[106.46919594071336,11.146750597058213],[106.46820873879511,11.14744208070586],[106.46653498199697,11.149012048164996],[106.46683390788742,11.149697236538028],[106.46772808171382,11.150375014223634],[106.46882412167405,11.151446724570942],[106.46971884324776,11.152223254467568],[106.47032110850743,11.153589140977141],[106.47032937719636,11.15524959175904],[106.46963948205386,11.156330102524777],[106.46825628328207,11.156924748084913],[106.4672700744207,11.156925140025324],[106.46598179946056,11.157425100233526],[106.46490204168587,11.158700403260868],[106.46391665747505,11.159777846034146],[106.46312971952747,11.160567059315087],[106.46223799190857,11.160373980385813],[106.4612442620253,11.159790915492167],[106.46005110935822,11.159307561439128],[106.4589658999534,11.15951025328332],[106.45748310408361,11.160204118689467],[106.45629581447498,11.160892103773257],[106.45510907082806,11.160799064085982],[106.45351908754749,11.160025893221002],[106.45242798064942,11.159052852395115],[106.45152991794012,11.157589671080705],[106.45092581948748,11.155833328247784],[106.45072019994244,11.15378333459642],[106.45150520397036,11.152603709082168],[106.45249349543217,11.152109712508754],[106.45368157228403,11.152494436311848],[106.45477717924325,11.153467426951053],[106.455866321241,11.154050097664475],[106.45665727608888,11.1531666143625],[106.45713880647901,11.151306284067061],[106.45742756347633,11.149056458435735],[106.45711597914547,11.146710810537947],[106.45631450765104,11.144564928074782],[106.45551303922724,11.142419161256054],[106.45441554113799,11.141055636048298],[106.45302022065263,11.13920443476015],[106.45172780954158,11.137936078446904],[106.45053785655537,11.13716090144527],[106.44904936890435,11.13667889224121],[106.44780443232773,11.136738777979899],[106.44783876167111,11.13540568903863],[106.44769245759767,11.134297900503325],[106.44775401673155,11.132049108330941],[106.4476059153715,11.131511320910917],[106.4469524912682,11.130782949053112],[106.44618071475227,11.13001468728562],[106.44532949924886,11.128825039522003],[106.4445420920523,11.127644019359957],[106.4445026408911,11.127024861520644],[106.44332243454458,11.123597236281473],[106.44217476598672,11.120317575342087],[106.44202325371961,11.118155106323792],[106.44158884727203,11.116689634374174],[106.44035177337993,11.115560096865824],[106.4397433039438,11.115648243620226],[106.4386059893754,11.11446437333371],[106.4378982262671,11.11377213004075],[106.43690245545054,11.112726706940686],[106.43647057582317,11.111750421847212],[106.4362540073083,11.110216577761832],[106.4379472016714,11.10984496861236]]]},"id":"1_00000000000000000000","properties":{"DAN_SO":40898,"DT_KM2":77.699,"OBJECTID":1,"Shape_Area":7.79554584335E7,"Shape_Leng":42981.2296077,"XA_MOI":"An Nhơn Tây","area_km2":78.27929988169157,"green_km2":60.71418729936181,"green_km2_max":9.75389633178711E-5,"green_km2_mean":9.752002983841574E-5,"green_km2_min":9.750125885009766E-5,"green_km2_stdDev":8.235920144056605E-9,"green_km2_sum":60.71418729936181,"green_ratio":0.7756097383487458,"green_th":0.4,"ndvi_max":0.8541200757026672,"ndvi_mean":0.5658403991396315,"ndvi_min":-0.392185240983963,"ndvi_std":0.19957311124321192,"ndvi_stdDev":0.19957311124321192,"ndvi_sum":446938.12599155353,"xa":"An Nhơn Tây","year":2020.0}},{"type":"Feature","geometry":{"type":"Polygon","coordinates":[[[106.5660928933176,11.00605515655176],[106.56704692219758,11.004362809148597],[106.56727513444898,11.003710950078698],[106.56826585538977,11.00207678449169],[106.56984429247265,10.999932471132329],[106.57070841842148,10.997576363587303],[106.57233264294868,10.992932163353906],[106.57319426115923,10.990962051023734],[106.5761171527562,10.984547458233664],[106.57743882899318,10.984540605683854],[106.58093558226231,10.984441692356572],[106.5838492271521,10.984013623555006],[106.58707711453673,10.983727576505807],[106.5946286449826,10.983423317457575],[106.59481003317576,10.979127645098588],[106.59344238615702,10.979027063908868],[106.59320497330451,10.976254987036583],[106.59457450733636,10.97587080511047],[106.59646573584193,10.975367258842953],[106.5980904250108,10.975129885125204],[106.5996159317066,10.975032065525552],[106.60102876396836,10.975083047134417],[106.60253864313593,10.975460987963544],[106.60287013627952,10.975441348052339],[106.60298300234682,10.975324016480227],[106.60309946580092,10.975018305986772],[106.6034491263408,10.975016396523744],[106.6042405411799,10.97522319417254],[106.60528548301798,10.975280493184018],[106.60915385337701,10.975058109840196],[106.60986641524659,10.97496015770818],[106.60982504468372,10.973201201702219],[106.60976280898234,10.972609177718939],[106.60966666745001,10.972475013966793],[106.60823507203818,10.972289587110492],[106.608157457858,10.972213697396867],[106.6081263402455,10.968982801220108],[106.60816312378213,10.968219693818611],[106.6086203553575,10.967108827892213],[106.60890985791211,10.966057213900571],[106.60929280410598,10.965480746315016],[106.6097545348731,10.964369838095571],[106.60936430305962,10.963595576325584],[106.60905915108677,10.960069848923148],[106.61188584796939,10.960409416127312],[106.61314289906534,10.960232222528381],[106.61395575463114,10.960227927618247],[106.6140333708957,10.960303807688048],[106.61395872257586,10.960761950306077],[106.6151371797246,10.961182026887796],[106.61579256045286,10.960604170387377],[106.61730982797815,10.960672391684538],[106.61974323433442,10.95967667932254],[106.62403998663443,10.958931338412167],[106.62469359549408,10.955530736924638],[106.62490468990124,10.952603685460284],[106.62529162189684,10.950285978845551],[106.62471832959591,10.949243372063894],[106.62378230321049,10.948314977145632],[106.6201987815519,10.944061783887115],[106.617362352427,10.941061092373594],[106.61350363819597,10.936275181022612],[106.61050541157798,10.932705402114438],[106.60672506304658,10.928102948319385],[106.60414763971933,10.925060426360307],[106.60334588289193,10.92375417523277],[106.60040148688417,10.924258788080271],[106.600346718262,10.924209707677505],[106.59988842504987,10.921730386454517],[106.59911995873387,10.918992421418526],[106.60428272007505,10.918094833126018],[106.60661534273366,10.91783126653125],[106.61020475479967,10.91737709261955],[106.61763675690406,10.916278786963856],[106.62236482500897,10.915629957411884],[106.62457532155531,10.916304856179154],[106.62709812317235,10.916789578823366],[106.62892910426353,10.916968330639019],[106.63094547693437,10.917020401024864],[106.63186975145034,10.916638518697265],[106.63343120508594,10.916526974515442],[106.63459393768392,10.916583573046262],[106.63551516955994,10.916488940848252],[106.63563281984096,10.916407490848332],[106.63661782863342,10.916348433891901],[106.6385122134173,10.916499869680468],[106.63964142248439,10.917063716633773],[106.64162497328704,10.917748620867142],[106.64219417259864,10.918041766869008],[106.64344267441366,10.918820450963233],[106.64446963549665,10.919784246580582],[106.64579892630172,10.920387372645271],[106.64743262125809,10.920203535023338],[106.64903493513856,10.920100676111698],[106.65025810953904,10.920408275267283],[106.65083506740389,10.920450007640941],[106.65195471544348,10.920093897238237],[106.65257008804372,10.919700171551714],[106.65301607909569,10.91988177832758],[106.65460925870357,10.921398968381313],[106.65524056080794,10.922248123641896],[106.65546220962949,10.922911160963393],[106.65590011064256,10.924914681516901],[106.65625282489623,10.925460312011339],[106.65698470204688,10.926421167014931],[106.6558354329314,10.9271723017034],[106.65377439191587,10.928902190697713],[106.65264987701718,10.93001674748559],[106.65033277035528,10.933089752008971],[106.64995964643549,10.933769435622809],[106.64964715114718,10.934749356756711],[106.64946697631873,10.935827397476098],[106.64942182019439,10.936707203478829],[106.64953776890702,10.937967576798151],[106.64978972594241,10.939186836882335],[106.65108837523762,10.943259027844151],[106.6514603316995,10.944818668592388],[106.65167621965924,10.946078560553111],[106.65189777490049,10.95164192998704],[106.65181816610942,10.952854030427952],[106.6514609613724,10.954772161946963],[106.65070940308011,10.957643791484612],[106.64990441551424,10.959896386262896],[106.64857590919047,10.963565465464967],[106.64827564935479,10.966748831698512],[106.64792357768455,10.96959583971286],[106.64846697724892,10.971773866650976],[106.64909043569604,10.972816046849537],[106.64975653344231,10.974988937173125],[106.64954073733881,10.976215223099597],[106.64903493513856,10.978371993423337],[106.64845816194968,10.98000864417736],[106.64825154223196,10.980418075506046],[106.64794939385563,10.980805697851048],[106.6473753220918,10.981297899283142],[106.64712633625095,10.981456332894624],[106.64618319702126,10.981726211092262],[106.64544784809884,10.981797478190144],[106.64351184594146,10.98158803485854],[106.64297997232818,10.98150565480723],[106.64145200103563,10.981145943556887],[106.64003566660577,10.980457967592544],[106.63844124452356,10.979591522118703],[106.63649810903554,10.978906383434031],[106.63402196996846,10.978744677996257],[106.63261054107082,10.978927213327422],[106.63066907680562,10.979372989119524],[106.62899611251066,10.97990697123645],[106.62775758758589,10.980173880883209],[106.62670273330548,10.98078979863022],[106.62564932324325,10.981670533962403],[106.6245917809665,10.98263656238412],[106.62336452393062,10.984123976658534],[106.62222262799362,10.985440465151296],[106.62117058884185,10.986581434760733],[106.61967344080799,10.987720291809975],[106.61844144486966,10.988341676599019],[106.61720981570672,10.989043855883825],[106.61624315271993,10.990009335332363],[106.61563255995172,10.991322931506602],[106.61537677524821,10.992719958790072],[106.61564632052979,10.993853882880208],[106.61600823304153,10.995247683473364],[106.61743601259167,10.998031400348664],[106.61884554380057,10.999975990609945],[106.61994523995158,11.002554987248185],[106.61995315469018,11.004013417206004],[106.6195913255151,11.005958497250443],[106.61886542048681,11.007779921125652],[106.61752181457335,11.00960903400255],[106.61532497078817,11.01156384867236],[106.61274699508337,11.011941065115023],[106.60893602917804,11.011961312668946],[106.60476377590402,11.012346878530558],[106.60231300145868,11.01357602358979],[106.59936763031675,11.014076208027346],[106.5969247412149,11.016759229599135],[106.59571203027876,11.02016276880794],[106.59450256364148,11.023323987192432],[106.5943956373694,11.026237037665897],[106.59490194138155,11.029151375406869],[106.59577812891904,11.032422772367894],[106.59862065944428,11.035562634365936],[106.60109333539053,11.038340848357539],[106.60233359608583,11.04003516914705],[106.60147770662428,11.04137248412962],[106.60087237170437,11.042834166224726],[106.59965568153916,11.044662606504803],[106.59757062386542,11.045521769219341],[106.59535896496044,11.045654641453517],[106.59301882022842,11.044697650051063],[106.5916590982981,11.04276158275941],[106.59065639881074,11.03961199827949],[106.59003068072892,11.037308687427318],[106.58842583638396,11.036222112259148],[106.58523425872193,11.0366023037769],[106.58265862151706,11.03746845235525],[106.5819236686311,11.036808058528619],[106.58141991307191,11.036038859831345],[106.5806355962564,11.035481930073818],[106.57992430017892,11.034996524371874],[106.5792871931156,11.03478890360459],[106.57835864780499,11.034443690000003],[106.57771471127663,11.03381429115582],[106.57735520112207,11.032833367851309],[106.57706906815824,11.031995650016519],[106.57706385266464,11.03101285567462],[106.57762676701604,11.030098928337296],[106.57811927332442,11.029602745794671],[106.57868407882904,11.029038839077081],[106.57854856493834,11.02832594471817],[106.5783764525291,11.027564002241258],[106.57806298169348,11.027570102974902],[106.57774258727677,11.027118455645562],[106.57789006037011,11.026655499060462],[106.57770185234875,11.025431338265946],[106.57783161065635,11.024205512856174],[106.57855593861832,11.02204760520841],[106.57806343130709,11.020829501477335],[106.57758405381456,11.020378756405771],[106.57722823069628,11.018397043643148],[106.57783898431167,11.017927184199849],[106.57843813961497,11.016995058448552],[106.57949446627151,11.015746452493763],[106.57797458767664,11.014394588458472],[106.57486724191823,11.012615660471367],[106.56838086132159,11.009234081494117],[106.5670596905677,11.008495979751933],[106.56556004171583,11.00751186923072],[106.56548226311683,11.007395606405023],[106.5660928933176,11.00605515655176]]]},"id":"1_00000000000000000001","properties":{"DAN_SO":99675,"DT_KM2":54.437,"OBJECTID":2,"Shape_Area":5.38878132298E7,"Shape_Leng":50040.4631273,"XA_MOI":"Bình Mỹ","area_km2":54.10552891234025,"green_km2":35.53266513242579,"green_km2_max":9.758021545410157E-5,"green_km2_mean":9.756147825236208E-5,"green_km2_min":9.753861236572265E-5,"green_km2_stdDev":1.162525187987883E-8,"green_km2_sum":35.53266513242579,"green_ratio":0.6567289119378998,"green_th":0.4,"ndvi_max":0.856185257434845,"ndvi_mean":0.4798124559137573,"ndvi_min":-0.2542372941970825,"ndvi_std":0.21474958352964524,"ndvi_stdDev":0.21474958352964524,"ndvi_sum":262267.06707952055,"xa":"Bình Mỹ","year":2020.0}},{"type":"Feature","geometry":{"type":"Polygon","coordinates":[[[106.48988393949836,10.925126801198955],[106.49610239428488,10.921806818217608],[106.49733602175363,10.921482150912077],[106.49973435298651,10.92069843455003],[106.50279889204482,10.920548801003337],[106.50797289707499,10.919966786385407],[106.51830303774045,10.91889247103405],[106.52234387950757,10.918760252784132],[106.52499079892401,10.918657262747972],[106.52976069527678,10.918112883938884],[106.53461404016848,10.917913587057068],[106.5399996529743,10.917886498782536],[106.54574252084286,10.91846792148308],[106.5504254890346,10.918704507238083],[106.55757794701141,10.918757913463894],[106.56269142385209,10.919687791280527],[106.56535646865647,10.920464013150328],[106.56792029845431,10.920971440596277],[106.57154035650088,10.92112786030671],[106.57719325089671,10.921013547478243],[106.58063478694221,10.920906044676927],[106.58381244777043,10.920714539899008],[106.58371568835142,10.921307462133035],[106.58348844776842,10.922111938767372],[106.58213768866607,10.925157076202844],[106.58190802179658,10.925521759756187],[106.58142512867143,10.92609423488904],[106.5807564538774,10.926730466872751],[106.5806822667136,10.927300786719798],[106.58074647233023,10.92827427957046],[106.58065178254098,10.930119250360516],[106.5839815970082,10.929478183411915],[106.5832344997323,10.931600310512195],[106.58160902359751,10.93422504032602],[106.57861627691152,10.94022264473785],[106.57652458929591,10.9448558647252],[106.5753813230689,10.947657639732663],[106.57100128687306,10.955013125459693],[106.56632910723496,10.962993989072489],[106.56559996507704,10.964245315752441],[106.56496901499006,10.965173064207468],[106.56399260609068,10.966905856112927],[106.56268863644786,10.96940768242769],[106.56203755376904,10.970842657230136],[106.559989726897,10.971795565525198],[106.55740693043589,10.97294866898761],[106.54888100175661,10.976281692309577],[106.54538720028027,10.977816320879585],[106.54325277192702,10.978756110094748],[106.53998409911594,10.982546925549691],[106.53789710530133,10.98476097379742],[106.53731154956435,10.985701920993092],[106.53678991812848,10.98848247887067],[106.53697188661917,10.98940158189036],[106.53764815625804,10.991072109609277],[106.53754791142043,10.992764481305619],[106.53698905855495,10.994472710627095],[106.53742132428492,10.996382326826138],[106.53502634224817,10.99701821073496],[106.53301221911647,10.997526568872747],[106.53170124675992,10.997860733103806],[106.53074692654575,10.99865990891784],[106.52967618706754,10.998912126510223],[106.52803718397266,10.99904606304598],[106.526311079537,10.999938823137045],[106.51940958909752,11.00403937082371],[106.51649241970337,11.005629155233471],[106.51407115467704,11.00648051034411],[106.51232565678349,11.004465203967998],[106.51139021176063,11.003626127670742],[106.50910582313959,11.001043479935616],[106.50796489658718,10.999989989115385],[106.50540736291613,10.997269622989107],[106.50272733888335,10.994563216420858],[106.49973039784341,10.99205583184841],[106.49847653132882,10.990221982297161],[106.49676954458923,10.986792673519059],[106.49829082056948,10.985829302879653],[106.4996909363061,10.984242642567676],[106.50273147386437,10.981018787183165],[106.50393457700224,10.980025542818474],[106.50535288835194,10.98115399200994],[106.50632929760476,10.982019727517677],[106.50714651121079,10.981059768461346],[106.50292626751917,10.97822190762165],[106.503810077443,10.977854015029667],[106.50508725763369,10.9771341489231],[106.50548538921409,10.976817997497422],[106.50502990661212,10.975680339421553],[106.50487025870935,10.975533008293189],[106.50463860765954,10.975538670491469],[106.50323791976237,10.976093095495706],[106.50277498106102,10.976162734446298],[106.50267924726205,10.976086864821735],[106.50266953904823,10.975059185857567],[106.50214304889919,10.974245053550515],[106.50296815671807,10.97393577811875],[106.50214044207058,10.971929309549601],[106.50149808452497,10.969737861651216],[106.49972015042754,10.970240334512663],[106.49928211880946,10.968936493559333],[106.49937722184154,10.968877648675592],[106.49968482381351,10.968638298376797],[106.49964005879964,10.965164889878775],[106.49924903950401,10.964174991072257],[106.49970963334336,10.96363871688278],[106.49974513974078,10.963485930338049],[106.4993969076352,10.96287281847524],[106.49941416641472,10.962697710748026],[106.49912013812947,10.96202594239221],[106.49849774515297,10.961988613783019],[106.49834268652987,10.961872697738436],[106.49822133638258,10.961218047260001],[106.49795301797135,10.961143056912434],[106.49802726618098,10.960568254363823],[106.49833630440928,10.960607163418523],[106.49841315953633,10.960530504659342],[106.49841181120053,10.960261189100862],[106.49891141515026,10.960258731880792],[106.49898818059751,10.9601820785007],[106.49910242992728,10.959414094237326],[106.49861558978276,10.95924144711534],[106.49864983754792,10.958819435272584],[106.49874907519805,10.958684298070336],[106.49901721484304,10.958723385616551],[106.49909407021812,10.958646729043457],[106.49909245220994,10.958341522446897],[106.4988783359029,10.958207959766247],[106.49893595492134,10.957915977849039],[106.49916544236929,10.957497429108594],[106.49902836111792,10.957323113887087],[106.49803976073699,10.956726592763117],[106.49811598653353,10.956537738835243],[106.49826987643311,10.956420249142962],[106.49927627599698,10.95695837563046],[106.4997052287527,10.956462567342069],[106.50009570955498,10.955540622757205],[106.50006523692494,10.953987982914052],[106.49965830638448,10.953455901315447],[106.49939708741415,10.952986006358087],[106.49883393061707,10.95209121125587],[106.49830789948051,10.95133975650957],[106.49781360039897,10.950588217096684],[106.49783094893776,10.950426624888106],[106.49770420575966,10.949596966930649],[106.49756550746123,10.949108484267976],[106.49735552757963,10.94799199952261],[106.49747310190538,10.94790619161841],[106.49783589282215,10.947787679932087],[106.49799481629438,10.947777987091094],[106.49809908741588,10.947745984943099],[106.49812146975816,10.947687595679396],[106.49786007291286,10.947177238917352],[106.49768182346166,10.946949222537091],[106.4974800233318,10.946568710927865],[106.49742492159271,10.946438869440971],[106.49725026805152,10.946031283118126],[106.49717709877771,10.945932931990015],[106.4969061749308,10.945332879168324],[106.49662653226733,10.94481820444051],[106.49655749806996,10.944634481177829],[106.49608073126133,10.943743710146018],[106.49589214619598,10.94327791576402],[106.49478158313374,10.940985541860186],[106.4943281910407,10.940215879159863],[106.49422715772538,10.939996438286778],[106.49267319233572,10.93711834682965],[106.49184282149687,10.935443884662542],[106.49034783864579,10.932543036213342],[106.48716609168721,10.926513311578052],[106.48988393949836,10.925126801198955]]]},"id":"1_00000000000000000002","properties":{"DAN_SO":128661,"DT_KM2":64.877,"OBJECTID":3,"Shape_Area":6.39682713554E7,"Shape_Leng":37422.3099649,"XA_MOI":"Củ Chi","area_km2":64.2313115228001,"green_km2":33.00895205059457,"green_km2_max":9.757949829101562E-5,"green_km2_mean":9.756796145138572E-5,"green_km2_min":9.755104064941407E-5,"green_km2_stdDev":7.51705334221691E-9,"green_km2_sum":33.00895205059457,"green_ratio":0.5139074894785144,"green_th":0.4,"ndvi_max":0.8456231355667114,"ndvi_mean":0.4073622026295176,"ndvi_min":-0.4024556577205658,"ndvi_std":0.1946111678466171,"ndvi_stdDev":0.1946111678466171,"ndvi_sum":267088.08250327356,"xa":"Củ Chi","year":2020.0}},{"type":"Feature","geometry":{"type":"Polygon","coordinates":[[[106.43942806157875,11.023215644249726],[106.43971328939935,11.023016780978557],[106.44153969128293,11.02211498357733],[106.44431464138248,11.021042652942977],[106.4444455760128,11.020867019247854],[106.44445555113212,11.020121970439106],[106.44453238652677,11.020045325902581],[106.44595649749398,11.019567232974742],[106.44595425082927,11.019109509491084],[106.44637635461683,11.019026754538283],[106.44648931717612,11.018909498104792],[106.44645013524728,11.017397206427502],[106.44657235413216,11.016382368549056],[106.44806774392792,11.016541322293996],[106.45039954888786,11.016835321525676],[106.45241881397364,11.016363389692492],[106.45381862394372,11.016504835453107],[106.45490281807531,11.016194433623527],[106.45661009371946,11.016029132986949],[106.45830821636248,11.014948387938004],[106.45939162491015,11.014480926835885],[106.46079606505815,11.014626752729894],[106.46266677922647,11.015380720886679],[106.46343529124377,11.014609577598147],[106.4638773824069,11.012156985800603],[106.46339817324386,11.010781528254405],[106.46237370106745,11.00937275200061],[106.46189413585064,11.008845493270691],[106.46398424296426,11.007116562733305],[106.46481495309166,11.007009350217023],[106.46571747668771,11.006713224471195],[106.46546501774395,11.005260341757456],[106.46531016322726,11.005184790578845],[106.46418879705112,11.005315930099853],[106.46411123543845,11.005239932721862],[106.46380000065801,11.003850179140391],[106.46364317013963,11.002437220000802],[106.46378238530454,11.001193399465222],[106.46648851640525,11.000964958749014],[106.46662377893976,11.0007488708068],[106.46678834098482,11.000039014945859],[106.46825978845261,10.993564762223865],[106.46845419069521,10.993370850287514],[106.46967372510213,10.993813722931963],[106.47054687978309,10.994024996634126],[106.47062372475915,10.993948298996104],[106.470885806784,10.9927576859645],[106.47129016511815,10.992778239447562],[106.47169092912597,10.992067143481549],[106.4724269383992,10.992104020335484],[106.47308277885291,10.991526366180812],[106.47394489265017,10.990431632593731],[106.47417579091027,10.990277890890278],[106.47467965152183,10.990221662561634],[106.47533882454348,10.990317139155266],[106.47582129664586,10.990530262262743],[106.47605282612581,10.990488687646325],[106.47628291778733,10.99018244137517],[106.47763480126899,10.989834776526832],[106.47767830328203,10.990373119992983],[106.47791019433,10.990412382911886],[106.48155792811238,10.98864431555193],[106.48271273342877,10.987952044965683],[106.48392462070221,10.98687802562372],[106.48575940777098,10.98681520238966],[106.48574089173867,10.998546723309836],[106.48744005907982,10.99769910850511],[106.49104966669577,10.996492188777541],[106.49157154496078,10.996390902401558],[106.49064194458293,11.000326861756024],[106.49057309211706,11.001090128699405],[106.49030613172462,11.001288918720977],[106.49006595754622,11.002304290398193],[106.48985715364584,11.005042980021349],[106.48939514316855,11.005314461889403],[106.48916009348011,11.00644656870148],[106.48909142126882,11.007250233786856],[106.48885987743355,11.008171409072144],[106.49243706035158,11.00861162288637],[106.49632765390643,11.009045717504947],[106.49958828240992,11.008872615831836],[106.49979251157652,11.008831180369441],[106.50474405065538,11.00799440904661],[106.5083080189031,11.007622141086161],[106.51047301939333,11.007274790299554],[106.51407115467704,11.00648051034411],[106.51571625264836,11.008397613363725],[106.51880412706134,11.009979833939967],[106.52017857782141,11.010489038032821],[106.52173121717111,11.011203815436554],[106.5226048571198,11.011486595380688],[106.52314695080979,11.011789062669417],[106.52586562101014,11.013108351108325],[106.52969003202718,11.014798965714103],[106.53438640229359,11.017310848508583],[106.54397833131344,11.02215835372129],[106.54668000534386,11.023670446065005],[106.54753127037834,11.02400712406408],[106.54676604877173,11.025352895529672],[106.54857503672017,11.026407215294485],[106.55080644270471,11.02746396095735],[106.55115089302156,11.027309604102474],[106.55177442953124,11.027535251737538],[106.55394679641546,11.02858775033898],[106.55400658829225,11.028722052759706],[106.55355010246326,11.030025813807272],[106.55311429742353,11.030948109559578],[106.55101153038834,11.034513164757563],[106.54989600322536,11.035766448508962],[106.54929216263382,11.037564652042107],[106.54902207129687,11.03804622938189],[106.54748838337035,11.040118454456827],[106.54569271119388,11.043363314191055],[106.54569370019401,11.04355178922732],[106.54764842298295,11.043788644228048],[106.54798073033767,11.043921587931084],[106.54848800354878,11.044488939444596],[106.5492595250806,11.04433235054505],[106.54949266341484,11.044618420387831],[106.5499446450151,11.045037933390983],[106.55038853557579,11.04564601193962],[106.54932498001332,11.04642330048023],[106.54842902241153,11.047110098186621],[106.54745736447057,11.0489370361441],[106.54635839923404,11.05076471570471],[106.54538603146362,11.052466033577844],[106.54330258100536,11.053692860951209],[106.54048002500927,11.05431311951721],[106.53790339870812,11.05505322552181],[106.53520911837145,11.056767828373193],[106.53324893580742,11.05811510394229],[106.53178458703307,11.059576568023674],[106.5306931646867,11.062009995017473],[106.5294751655475,11.064565264923338],[106.52825285811247,11.06627233070953],[106.52666564901068,11.067734421430332],[106.52507467596487,11.069322126651448],[106.52398256892211,11.071634394493188],[106.52325905559822,11.07406593526044],[106.52259982275704,11.073984009891648],[106.52012095301437,11.074337584720265],[106.51808009202965,11.073302146739671],[106.51635595649174,11.072875470353424],[106.51525265735258,11.072131540734757],[106.51415538697846,11.071692752171822],[106.51289307461505,11.07095410714504],[106.51224699869658,11.06989373502296],[106.51174925100062,11.068522942619794],[106.51126301097426,11.067614402781839],[106.50887983073815,11.065359916872392],[106.50762285354392,11.06477385065929],[106.50575488579656,11.064652971985286],[106.5043496060269,11.064377211741338],[106.50185854520763,11.064115895667811],[106.49975305002759,11.063735860159964],[106.49855131905737,11.064177196771107],[106.49620981055484,11.062963592405172],[106.49294096470791,11.062526488496466],[106.48966974265885,11.061627070965576],[106.48924278779565,11.059847520103308],[106.48824407633744,11.059120881726558],[106.4878709652081,11.058997109264379],[106.48711656546762,11.058955893105711],[106.48687918133547,11.05873271305317],[106.48665959451027,11.058428627135854],[106.48609017988473,11.058135188541218],[106.48585243737543,11.057835700740249],[106.48588245853192,11.0574899320805],[106.4857626435826,11.057149508403265],[106.48546620748961,11.056926531343542],[106.4847420171291,11.056562047740888],[106.48308026269633,11.055888081233753],[106.4821839562036,11.055623179149572],[106.48034866103714,11.054761570997595],[106.47921418177935,11.054116354964844],[106.47834800173105,11.053523682492424],[106.47761808355564,11.052925842035329],[106.47780188859551,11.052426796791744],[106.47730916561858,11.052016370891943],[106.47685823792371,11.051798642852102],[106.47659021637993,11.051804465151415],[106.4762049023051,11.051963374927297],[106.47600932444941,11.051928462790412],[106.47589023416232,11.05174056453735],[106.4765256827394,11.050696220685104],[106.47655606208303,11.05042685436922],[106.4750894997894,11.048777946576745],[106.47396682303064,11.047769121755715],[106.47260759316411,11.046689702276783],[106.4722513169509,11.0462964575688],[106.47070335595704,11.043822218176556],[106.4696282474592,11.045052569641726],[106.46808515912991,11.046289774290457],[106.46498688344714,11.047224819195101],[106.46298115790998,11.048616824451553],[106.46205204354159,11.049083551991847],[106.46127598725303,11.049239883894666],[106.46050820214204,11.050163627330122],[106.46020910553202,11.051237682932614],[106.45897264036712,11.052011068953433],[106.45789058206414,11.052783722772823],[106.45614033764271,11.05531441131893],[106.45581967827495,11.054790889109253],[106.45483918981617,11.052206008908144],[106.45431605482061,11.049304878655633],[106.45408445948463,11.04563036579275],[106.45423283504677,11.045319987847309],[106.45388162280233,11.04318092666092],[106.4529178591725,11.041219800812009],[106.44888293358403,11.037375001505586],[106.4462828033312,11.035197304184267],[106.4443825799999,11.03308804670683],[106.44240940352859,11.02999177982942],[106.4411425796129,11.027322988644137],[106.44016809108865,11.025913880791869],[106.439046590198,11.024168881280803],[106.43942806157875,11.023215644249726]]]},"id":"1_00000000000000000003","properties":{"DAN_SO":40239,"DT_KM2":62.056,"OBJECTID":4,"Shape_Area":6.18775951106E7,"Shape_Leng":40792.3929424,"XA_MOI":"Nhuận Đức","area_km2":62.1329590832498,"green_km2":42.12425938065946,"green_km2_max":9.755738067626953E-5,"green_km2_mean":9.75429398035247E-5,"green_km2_min":9.752909088134766E-5,"green_km2_stdDev":5.579693674827801E-9,"green_km2_sum":42.12425938065946,"green_ratio":0.6779696316124043,"green_th":0.4,"ndvi_max":0.8528836369514465,"ndvi_mean":0.4979312412538831,"ndvi_min":-0.2670226991176605,"ndvi_std":0.1890475515125629,"ndvi_stdDev":0.1890475515125629,"ndvi_sum":315378.7327763326,"xa":"Nhuận Đức","year":2020.0}},{"type":"Feature","geometry":{"type":"Polygon","coordinates":[[[106.51649241970337,11.005629155233471],[106.51940958909752,11.00403937082371],[106.526311079537,10.999938823137045],[106.52803718397266,10.99904606304598],[106.52967618706754,10.998912126510223],[106.53074692654575,10.99865990891784],[106.53170124675992,10.997860733103806],[106.53301221911647,10.997526568872747],[106.53502634224817,10.99701821073496],[106.53742132428492,10.996382326826138],[106.53698905855495,10.994472710627095],[106.53754791142043,10.992764481305619],[106.53764815625804,10.991072109609277],[106.53697188661917,10.98940158189036],[106.53678991812848,10.98848247887067],[106.53731154956435,10.985701920993092],[106.53789710530133,10.98476097379742],[106.53998409911594,10.982546925549691],[106.54325277192702,10.978756110094748],[106.54538720028027,10.977816320879585],[106.54888100175661,10.976281692309577],[106.55740693043589,10.97294866898761],[106.559989726897,10.971795565525198],[106.56203755376904,10.970842657230136],[106.56268863644786,10.96940768242769],[106.56399260609068,10.966905856112927],[106.56496901499006,10.965173064207468],[106.56559996507704,10.964245315752441],[106.56632910723496,10.962993989072489],[106.57100128687306,10.955013125459693],[106.5753813230689,10.947657639732663],[106.57652458929591,10.9448558647252],[106.57861627691152,10.94022264473785],[106.58160902359751,10.93422504032602],[106.5832344997323,10.931600310512195],[106.5839815970082,10.929478183411915],[106.58597758606184,10.929081915443192],[106.58806226157876,10.928294707796892],[106.5985644523741,10.924640850265005],[106.60040148688417,10.924258788080271],[106.60334588289193,10.92375417523277],[106.60414763971933,10.925060426360307],[106.60672506304658,10.928102948319385],[106.61050541157798,10.932705402114438],[106.61350363819597,10.936275181022612],[106.617362352427,10.941061092373594],[106.6201987815519,10.944061783887115],[106.62378230321049,10.948314977145632],[106.62471832959591,10.949243372063894],[106.62529162189684,10.950285978845551],[106.62490468990124,10.952603685460284],[106.62469359549408,10.955530736924638],[106.62403998663443,10.958931338412167],[106.61974323433442,10.95967667932254],[106.61730982797815,10.960672391684538],[106.61579256045286,10.960604170387377],[106.6151371797246,10.961182026887796],[106.61395872257586,10.960761950306077],[106.6140333708957,10.960303807688048],[106.61395575463114,10.960227927618247],[106.61314289906534,10.960232222528381],[106.61188584796939,10.960409416127312],[106.60905915108677,10.960069848923148],[106.60936430305962,10.963595576325584],[106.6097545348731,10.964369838095571],[106.60929280410598,10.965480746315016],[106.60890985791211,10.966057213900571],[106.6086203553575,10.967108827892213],[106.60816312378213,10.968219693818611],[106.6081263402455,10.968982801220108],[106.608157457858,10.972213697396867],[106.60823507203818,10.972289587110492],[106.60966666745001,10.972475013966793],[106.60976280898234,10.972609177718939],[106.60982504468372,10.973201201702219],[106.60986641524659,10.97496015770818],[106.60915385337701,10.975058109840196],[106.60528548301798,10.975280493184018],[106.6042405411799,10.97522319417254],[106.6034491263408,10.975016396523744],[106.60309946580092,10.975018305986772],[106.60298300234682,10.975324016480227],[106.60287013627952,10.975441348052339],[106.60253864313593,10.975460987963544],[106.60102876396836,10.975083047134417],[106.5996159317066,10.975032065525552],[106.5980904250108,10.975129885125204],[106.59646573584193,10.975367258842953],[106.59457450733636,10.97587080511047],[106.59320497330451,10.976254987036583],[106.59344238615702,10.979027063908868],[106.59481003317576,10.979127645098588],[106.5946286449826,10.983423317457575],[106.58707711453673,10.983727576505807],[106.5838492271521,10.984013623555006],[106.58093558226231,10.984441692356572],[106.57743882899318,10.984540605683854],[106.5761171527562,10.984547458233664],[106.57319426115923,10.990962051023734],[106.57233264294868,10.992932163353906],[106.57070841842148,10.997576363587303],[106.56984429247265,10.999932471132329],[106.56826585538977,11.00207678449169],[106.56727513444898,11.003710950078698],[106.56704692219758,11.004362809148597],[106.5660928933176,11.00605515655176],[106.56548226311683,11.007395606405023],[106.56556004171583,11.00751186923072],[106.5670596905677,11.008495979751933],[106.56838086132159,11.009234081494117],[106.57486724191823,11.012615660471367],[106.57797458767664,11.014394588458472],[106.57949446627151,11.015746452493763],[106.57843813961497,11.016995058448552],[106.57783898431167,11.017927184199849],[106.57722823069628,11.018397043643148],[106.57758405381456,11.020378756405771],[106.57806343130709,11.020829501477335],[106.57855593861832,11.02204760520841],[106.57783161065635,11.024205512856174],[106.57770185234875,11.025431338265946],[106.57789006037011,11.026655499060462],[106.57774258727677,11.027118455645562],[106.57806298169348,11.027570102974902],[106.5783764525291,11.027564002241258],[106.57854856493834,11.02832594471817],[106.57868407882904,11.029038839077081],[106.57811927332442,11.029602745794671],[106.57762676701604,11.030098928337296],[106.57706385266464,11.03101285567462],[106.57706906815824,11.031995650016519],[106.57735520112207,11.032833367851309],[106.57771471127663,11.03381429115582],[106.57835864780499,11.034443690000003],[106.5792871931156,11.03478890360459],[106.57992430017892,11.034996524371874],[106.5806355962564,11.035481930073818],[106.58141991307191,11.036038859831345],[106.5819236686311,11.036808058528619],[106.58265862151706,11.03746845235525],[106.58144185456038,11.039296819486308],[106.58046779851155,11.041482896452854],[106.57999075365697,11.044034400617782],[106.57926723015845,11.046344825129413],[106.57804715529511,11.048415567345222],[106.57621696609422,11.05024713599737],[106.57475025423372,11.052072243650171],[106.57328741900263,11.05378069806821],[106.57156823169785,11.054274378436205],[106.57008788391936,11.053555028789818],[106.56885356422522,11.05210296160439],[106.5682280895773,11.049803932292974],[106.56784395769215,11.047620431034517],[106.56709835535513,11.045802295822144],[106.5650041726273,11.044964920812971],[106.56193253191796,11.044859630793336],[106.55763827939015,11.04548761444918],[106.55567186622584,11.04561888728622],[106.55296819009452,11.04551160455409],[106.55038853557579,11.04564601193962],[106.5499446450151,11.045037933390983],[106.54949266341484,11.044618420387831],[106.5492595250806,11.04433235054505],[106.54848800354878,11.044488939444596],[106.54798073033767,11.043921587931084],[106.54764842298295,11.043788644228048],[106.54569370019401,11.04355178922732],[106.54569271119388,11.043363314191055],[106.54748838337035,11.040118454456827],[106.54902207129687,11.03804622938189],[106.54929216263382,11.037564652042107],[106.54989600322536,11.035766448508962],[106.55101153038834,11.034513164757563],[106.55311429742353,11.030948109559578],[106.55355010246326,11.030025813807272],[106.55400658829225,11.028722052759706],[106.55394679641546,11.02858775033898],[106.55177442953124,11.027535251737538],[106.55115089302156,11.027309604102474],[106.55080644270471,11.02746396095735],[106.54857503672017,11.026407215294485],[106.54676604877173,11.025352895529672],[106.54753127037834,11.02400712406408],[106.54668000534386,11.023670446065005],[106.54397833131344,11.02215835372129],[106.53438640229359,11.017310848508583],[106.52969003202718,11.014798965714103],[106.52586562101014,11.013108351108325],[106.52314695080979,11.011789062669417],[106.5226048571198,11.011486595380688],[106.52173121717111,11.011203815436554],[106.52017857782141,11.010489038032821],[106.51880412706134,11.009979833939967],[106.51571625264836,11.008397613363725],[106.51407115467704,11.00648051034411],[106.51649241970337,11.005629155233471]]]},"id":"1_00000000000000000004","properties":{"DAN_SO":97766,"DT_KM2":59.075,"OBJECTID":5,"Shape_Area":5.93669067075E7,"Shape_Leng":48438.2013139,"XA_MOI":"Phú Hòa Đông","area_km2":59.609127551109395,"green_km2":36.55755154385076,"green_km2_max":9.757762908935547E-5,"green_km2_mean":9.755643875519602E-5,"green_km2_min":9.753585052490235E-5,"green_km2_stdDev":1.0355274296884362E-8,"green_km2_sum":36.55755154385076,"green_ratio":0.6132878142278796,"green_th":0.4,"ndvi_max":0.8458812832832336,"ndvi_mean":0.47248269556517314,"ndvi_min":-0.24416851997375488,"ndvi_std":0.19947181514452952,"ndvi_stdDev":0.19947181514452952,"ndvi_sum":286422.77879593265,"xa":"Phú Hòa Đông","year":2020.0}},{"type":"Feature","geometry":{"type":"Polygon","coordinates":[[[106.4410439982632,10.952728662821132],[106.44379476790601,10.950538911415318],[106.45461963652261,10.942579699354598],[106.46032225531111,10.939455833540338],[106.46846389733064,10.935512305527876],[106.47292333492517,10.9336148520465],[106.48716609168721,10.926513311578052],[106.49034783864579,10.932543036213342],[106.49184282149687,10.935443884662542],[106.49267319233572,10.93711834682965],[106.49422715772538,10.939996438286778],[106.4943281910407,10.940215879159863],[106.49478158313374,10.940985541860186],[106.49589214619598,10.94327791576402],[106.49608073126133,10.943743710146018],[106.49655749806996,10.944634481177829],[106.49662653226733,10.94481820444051],[106.4969061749308,10.945332879168324],[106.49717709877771,10.945932931990015],[106.49725026805152,10.946031283118126],[106.49742492159271,10.946438869440971],[106.4974800233318,10.946568710927865],[106.49768182346166,10.946949222537091],[106.49786007291286,10.947177238917352],[106.49812146975816,10.947687595679396],[106.49809908741588,10.947745984943099],[106.49799481629438,10.947777987091094],[106.49783589282215,10.947787679932087],[106.49747310190538,10.94790619161841],[106.49735552757963,10.94799199952261],[106.49756550746123,10.949108484267976],[106.49770420575966,10.949596966930649],[106.49783094893776,10.950426624888106],[106.49781360039897,10.950588217096684],[106.49830789948051,10.95133975650957],[106.49883393061707,10.95209121125587],[106.49939708741415,10.952986006358087],[106.49965830638448,10.953455901315447],[106.50006523692494,10.953987982914052],[106.50009570955498,10.955540622757205],[106.4997052287527,10.956462567342069],[106.49927627599698,10.95695837563046],[106.49826987643311,10.956420249142962],[106.49811598653353,10.956537738835243],[106.49803976073699,10.956726592763117],[106.49902836111792,10.957323113887087],[106.49916544236929,10.957497429108594],[106.49893595492134,10.957915977849039],[106.4988783359029,10.958207959766247],[106.49909245220994,10.958341522446897],[106.49909407021812,10.958646729043457],[106.49901721484304,10.958723385616551],[106.49874907519805,10.958684298070336],[106.49864983754792,10.958819435272584],[106.49861558978276,10.95924144711534],[106.49910242992728,10.959414094237326],[106.49898818059751,10.9601820785007],[106.49891141515026,10.960258731880792],[106.49841181120053,10.960261189100862],[106.49841315953633,10.960530504659342],[106.49833630440928,10.960607163418523],[106.49802726618098,10.960568254363823],[106.49795301797135,10.961143056912434],[106.49822133638258,10.961218047260001],[106.49834268652987,10.961872697738436],[106.49849774515297,10.961988613783019],[106.49912013812947,10.96202594239221],[106.49941416641472,10.962697710748026],[106.4993969076352,10.96287281847524],[106.49974513974078,10.963485930338049],[106.49970963334336,10.96363871688278],[106.49924903950401,10.964174991072257],[106.49964005879964,10.965164889878775],[106.49968482381351,10.968638298376797],[106.49937722184154,10.968877648675592],[106.49928211880946,10.968936493559333],[106.49972015042754,10.970240334512663],[106.50149808452497,10.969737861651216],[106.50214044207058,10.971929309549601],[106.50296815671807,10.97393577811875],[106.50214304889919,10.974245053550515],[106.50266953904823,10.975059185857567],[106.50267924726205,10.976086864821735],[106.50277498106102,10.976162734446298],[106.50323791976237,10.976093095495706],[106.50463860765954,10.975538670491469],[106.50487025870935,10.975533008293189],[106.50502990661212,10.975680339421553],[106.50548538921409,10.976817997497422],[106.50508725763369,10.9771341489231],[106.503810077443,10.977854015029667],[106.50292626751917,10.97822190762165],[106.50714651121079,10.981059768461346],[106.50632929760476,10.982019727517677],[106.50535288835194,10.98115399200994],[106.50393457700224,10.980025542818474],[106.50273147386437,10.981018787183165],[106.4996909363061,10.984242642567676],[106.49829082056948,10.985829302879653],[106.49676954458923,10.986792673519059],[106.49847653132882,10.990221982297161],[106.49973039784341,10.99205583184841],[106.50272733888335,10.994563216420858],[106.50540736291613,10.997269622989107],[106.50796489658718,10.999989989115385],[106.50910582313959,11.001043479935616],[106.51139021176063,11.003626127670742],[106.51232565678349,11.004465203967998],[106.51407115467704,11.00648051034411],[106.51047301939333,11.007274790299554],[106.5083080189031,11.007622141086161],[106.50474405065538,11.00799440904661],[106.49979251157652,11.008831180369441],[106.49958828240992,11.008872615831836],[106.49632765390643,11.009045717504947],[106.49243706035158,11.00861162288637],[106.48885987743355,11.008171409072144],[106.48909142126882,11.007250233786856],[106.48916009348011,11.00644656870148],[106.48939514316855,11.005314461889403],[106.48985715364584,11.005042980021349],[106.49006595754622,11.002304290398193],[106.49030613172462,11.001288918720977],[106.49057309211706,11.001090128699405],[106.49064194458293,11.000326861756024],[106.49157154496078,10.996390902401558],[106.49104966669577,10.996492188777541],[106.48744005907982,10.99769910850511],[106.48574089173867,10.998546723309836],[106.48575940777098,10.98681520238966],[106.48392462070221,10.98687802562372],[106.48271273342877,10.987952044965683],[106.48155792811238,10.98864431555193],[106.47791019433,10.990412382911886],[106.47767830328203,10.990373119992983],[106.47763480126899,10.989834776526832],[106.47628291778733,10.99018244137517],[106.47605282612581,10.990488687646325],[106.47582129664586,10.990530262262743],[106.47533882454348,10.990317139155266],[106.47467965152183,10.990221662561634],[106.47417579091027,10.990277890890278],[106.47394489265017,10.990431632593731],[106.47308277885291,10.991526366180812],[106.4724269383992,10.992104020335484],[106.47169092912597,10.992067143481549],[106.47129016511815,10.992778239447562],[106.470885806784,10.9927576859645],[106.47062372475915,10.993948298996104],[106.47054687978309,10.994024996634126],[106.46967372510213,10.993813722931963],[106.46845419069521,10.993370850287514],[106.46825978845261,10.993564762223865],[106.46678834098482,11.000039014945859],[106.46662377893976,11.0007488708068],[106.46648851640525,11.000964958749014],[106.46378238530454,11.001193399465222],[106.46364317013963,11.002437220000802],[106.46380000065801,11.003850179140391],[106.46411123543845,11.005239932721862],[106.46418879705112,11.005315930099853],[106.46531016322726,11.005184790578845],[106.46546501774395,11.005260341757456],[106.46571747668771,11.006713224471195],[106.46481495309166,11.007009350217023],[106.46398424296426,11.007116562733305],[106.46189413585064,11.008845493270691],[106.46237370106745,11.00937275200061],[106.46339817324386,11.010781528254405],[106.4638773824069,11.012156985800603],[106.46343529124377,11.014609577598147],[106.46266677922647,11.015380720886679],[106.46079606505815,11.014626752729894],[106.45939162491015,11.014480926835885],[106.45830821636248,11.014948387938004],[106.45661009371946,11.016029132986949],[106.45490281807531,11.016194433623527],[106.45381862394372,11.016504835453107],[106.45241881397364,11.016363389692492],[106.45039954888786,11.016835321525676],[106.44965651744982,11.012593248554216],[106.44886478027956,11.011398752456786],[106.44763961561108,11.009806891543555],[106.44706680214517,11.008781908395878],[106.44435741754643,11.004652371537112],[106.44301302801549,11.002832160728323],[106.4414292476129,11.000348884801591],[106.4385589908111,10.998589669205813],[106.43802646097399,10.997438847291411],[106.43693166082595,10.995554510932676],[106.43656151669401,10.995094030012094],[106.43597795017506,10.994652507045648],[106.43485323680791,10.994078863666426],[106.43356794740032,10.993196244593664],[106.43244306732645,10.992582242007316],[106.43145379253365,10.991850856734013],[106.43085101027071,10.991180511886084],[106.42917701364708,10.98974319260706],[106.42799267074359,10.989053157418883],[106.4309556074255,10.9836580695543],[106.43288554219522,10.979793833073307],[106.43286127973897,10.979470796282694],[106.43222569425348,10.976704723147375],[106.43165229411113,10.974593507754474],[106.43108186093407,10.973097194734352],[106.43048429162349,10.970676529522203],[106.42979210182862,10.968413334823007],[106.42909218643499,10.967375342267184],[106.42640190575455,10.964228380692708],[106.42567145010156,10.96345089196037],[106.4410439982632,10.952728662821132]]]},"id":"1_00000000000000000005","properties":{"DAN_SO":84342,"DT_KM2":53.508,"OBJECTID":6,"Shape_Area":5.27078163182E7,"Shape_Leng":40995.4829881,"XA_MOI":"Tân An Hội","area_km2":52.92711879383533,"green_km2":34.6204382008137,"green_km2_max":9.757673645019532E-5,"green_km2_mean":9.75623732878009E-5,"green_km2_min":9.754770660400391E-5,"green_km2_stdDev":6.964228810865155E-9,"green_km2_sum":34.6204382008137,"green_ratio":0.6541153002427578,"green_th":0.4,"ndvi_max":0.8504847884178162,"ndvi_mean":0.4695999584210898,"ndvi_min":-0.2772980034351349,"ndvi_std":0.19196868937453263,"ndvi_stdDev":0.19196868937453263,"ndvi_sum":253738.95105837286,"xa":"Tân An Hội","year":2020.0}},{"type":"Feature","geometry":{"type":"Polygon","coordinates":[[[106.36117291579755,10.983857107558471],[106.37281563527566,10.968257948251768],[106.39162764790873,10.970878933440263],[106.40203488269,10.972101302108102],[106.41306891109068,10.973311513276485],[106.41622598851939,10.970518746467674],[106.41869698142312,10.968626721660321],[106.42567145010156,10.96345089196037],[106.42640190575455,10.964228380692708],[106.42909218643499,10.967375342267184],[106.42979210182862,10.968413334823007],[106.43048429162349,10.970676529522203],[106.43108186093407,10.973097194734352],[106.43165229411113,10.974593507754474],[106.43222569425348,10.976704723147375],[106.43286127973897,10.979470796282694],[106.43288554219522,10.979793833073307],[106.4309556074255,10.9836580695543],[106.42799267074359,10.989053157418883],[106.42917701364708,10.98974319260706],[106.43085101027071,10.991180511886084],[106.43145379253365,10.991850856734013],[106.43244306732645,10.992582242007316],[106.43356794740032,10.993196244593664],[106.43485323680791,10.994078863666426],[106.43597795017506,10.994652507045648],[106.43656151669401,10.995094030012094],[106.43693166082595,10.995554510932676],[106.43802646097399,10.997438847291411],[106.4385589908111,10.998589669205813],[106.4414292476129,11.000348884801591],[106.44301302801549,11.002832160728323],[106.44435741754643,11.004652371537112],[106.44706680214517,11.008781908395878],[106.44763961561108,11.009806891543555],[106.44886478027956,11.011398752456786],[106.44965651744982,11.012593248554216],[106.45039954888786,11.016835321525676],[106.44806774392792,11.016541322293996],[106.44657235413216,11.016382368549056],[106.44645013524728,11.017397206427502],[106.44648931717612,11.018909498104792],[106.44637635461683,11.019026754538283],[106.44595425082927,11.019109509491084],[106.44595649749398,11.019567232974742],[106.44453238652677,11.020045325902581],[106.44445555113212,11.020121970439106],[106.4444455760128,11.020867019247854],[106.44431464138248,11.021042652942977],[106.44153969128293,11.02211498357733],[106.43971328939935,11.023016780978557],[106.43942806157875,11.023215644249726],[106.439046590198,11.024168881280803],[106.44016809108865,11.025913880791869],[106.4411425796129,11.027322988644137],[106.44240940352859,11.02999177982942],[106.4443825799999,11.03308804670683],[106.4462828033312,11.035197304184267],[106.44888293358403,11.037375001505586],[106.4529178591725,11.041219800812009],[106.45388162280233,11.04318092666092],[106.45423283504677,11.045319987847309],[106.45408445948463,11.04563036579275],[106.45431605482061,11.049304878655633],[106.45483918981617,11.052206008908144],[106.45581967827495,11.054790889109253],[106.45614033764271,11.05531441131893],[106.45544258061156,11.056628204354574],[106.45531757054957,11.059846732280876],[106.45472397598377,11.062914811575322],[106.45139808017883,11.073042165631445],[106.45096859700567,11.07718208327363],[106.4508923883239,11.081077958124776],[106.45058530716024,11.086070017841932],[106.44981819036919,11.087146358853877],[106.44661243475264,11.0931397186642],[106.44493795206684,11.097285616110272],[106.44510681063065,11.09835743996182],[106.44652139963249,11.100491395353584],[106.44668423839465,11.101258080681696],[106.44455152798037,11.105558760000065],[106.44215095177374,11.10623894057569],[106.44020511509912,11.106966378325078],[106.4379472016714,11.10984496861236],[106.4362540073083,11.110216577761832],[106.43508624859436,11.107453048714973],[106.43552306776712,11.106634136060354],[106.43519597000788,11.105729187316015],[106.4346290317292,11.104080311498434],[106.43434273252865,11.103157161490055],[106.43421746551948,11.102619213756748],[106.43409121010943,11.10188373814915],[106.43388156339475,11.100839051704842],[106.43356597045286,11.100418650582395],[106.43344789280656,11.100419220266783],[106.43294386196271,11.10050690704654],[106.43267086448608,11.10043188349087],[106.43255179887846,11.100239515684105],[106.4324604104545,11.099194259632132],[106.43229982931899,11.09888534098042],[106.43210411280316,11.098814441334065],[106.43124927050876,11.098706303882862],[106.43113002599384,11.098477970112018],[106.43119436590446,11.097701262978982],[106.43101913854088,11.096234577343536],[106.43084633754681,11.09526592602794],[106.43076249811463,11.094844480650382],[106.43061620602448,11.092794199367562],[106.4305330855645,11.092525302848525],[106.43021857601647,11.09233380983521],[106.42925006931402,11.092194750812542],[106.42855051518013,11.092242959098572],[106.42843217080208,11.092203138659972],[106.42761930759193,11.092292291732237],[106.42711987364656,11.092375431929632],[106.42661531898044,11.092341916449795],[106.42606898155951,11.092120082038832],[106.42579051177178,11.091852120310545],[106.42570703380868,11.091502441513152],[106.42577011403174,11.090456414331358],[106.42587650579034,11.089912880525402],[106.42597499010188,11.088673765087186],[106.42600473309201,11.088247269430418],[106.42606745397333,11.087124930768203],[106.42617222843909,11.08623588453629],[106.42626630984397,11.085032620888914],[106.42635158519424,11.082940835924889],[106.42626253580399,11.082375753393777],[106.42617914750943,11.082035032925525],[106.42582780279949,11.081736004590063],[106.42557799797042,11.080826166041625],[106.42564323474215,11.08021095284715],[106.42565320896111,11.078532396999016],[106.42579563367157,11.077916914836745],[106.42612649069412,11.076806837629293],[106.42679566455934,11.075187931256252],[106.42681866829166,11.074308224460722],[106.4267292592682,11.073662347107156],[106.42659761690663,11.072747436017416],[106.4261508422231,11.071497379860832],[106.42599008624134,11.071157071478883],[106.42546819177002,11.0703292844859],[106.42530689717002,11.069872262428996],[106.42513437049404,11.068961987857305],[106.42517507599375,11.068921424004719],[106.42517040339735,11.068885550332979],[106.4251212512839,11.0681228103078],[106.42522719342223,11.067471543229715],[106.4247820391177,11.06656257758473],[106.42385102812023,11.06665675134031],[106.42307852848273,11.066637895450267],[106.42241466811315,11.066533312899637],[106.42183248911513,11.066392483197857],[106.42148151117729,11.066174227629519],[106.42135759975304,11.06590548057737],[106.42127358443493,11.065452604992638],[106.4209940428029,11.064960266952419],[106.42035930228778,11.064285539438606],[106.42014966941524,11.063222895790405],[106.42090939864137,11.062478794841649],[106.42113493677034,11.062132167981895],[106.42050486831603,11.061497831962072],[106.42088405931311,11.060993403492436],[106.42168395690469,11.060096486028302],[106.42189781456739,11.059215827676722],[106.42139246387364,11.05899830036493],[106.42104202581426,11.058887742623288],[106.42080489639612,11.05870489607087],[106.42087633171715,11.05843525752662],[106.4209115551801,11.058206178322802],[106.42098182241227,11.057707730274165],[106.42101129512032,11.05720937877491],[106.42091577840183,11.056258382195459],[106.42065933015759,11.05488628254435],[106.42061700814071,11.054585752082344],[106.42048662762913,11.053940088372466],[106.42019513627832,11.052832950047115],[106.42026109020414,11.052374819251764],[106.42097256726397,11.051056484011497],[106.42157765714839,11.050281712512286],[106.42397377288904,11.047828972061444],[106.42401438830436,11.047788425998927],[106.42385435283116,11.047560273870603],[106.42361713034634,11.047372943059102],[106.42318482900693,11.04722679448085],[106.42247433279164,11.0468577067486],[106.42262259599755,11.046511432434936],[106.42299595017562,11.04573770935586],[106.42360113580976,11.04499886611209],[106.42284804612977,11.044270819056912],[106.42195100944875,11.043844160153094],[106.4219864128064,11.043651067013986],[106.42221150282298,11.043223629880808],[106.42220584187345,11.042994771305015],[106.42205048031923,11.04280699450235],[106.42161836195145,11.042696787912648],[106.42149966209553,11.042585149729975],[106.42161198216942,11.042315383833072],[106.4219200090517,11.042120954511782],[106.42191389882908,11.041811284076818],[106.42179034657156,11.041623414702505],[106.4214345164805,11.041324360652107],[106.42119666776706,11.04097989440852],[106.4207994151964,11.040568842759532],[106.42055680486193,11.040188518100809],[106.42082322696673,11.039841649386117],[106.42062221976866,11.039613773720964],[106.42018803769628,11.039086224546086],[106.41989726560729,11.038131617018028],[106.41969059842445,11.037674811035547],[106.41960191130948,11.037181524935633],[106.41967765926853,11.036871506264795],[106.4196310244008,11.03660697275212],[106.41939416615908,11.036495873094207],[106.4188898099611,11.036466821560573],[106.41837422315265,11.03601594417325],[106.417869599869,11.035946445084445],[106.41751476489357,11.03583595139127],[106.41688605523521,11.035466328147272],[106.41633435217324,11.035056068869087],[106.41514846511669,11.034078692215784],[106.41475176323861,11.033779893808738],[106.41395755308329,11.032989221930556],[106.41312731514924,11.03227495288071],[106.41215565345928,11.031453720231413],[106.41150207111846,11.03061747682506],[106.41109917645949,11.029973079538856],[106.41100977420487,11.029322774622617],[106.41071955408628,11.028484879274771],[106.41039267507087,11.027570771510286],[106.41025124929047,11.026503358428764],[106.41009032591822,11.02608667002384],[106.40964637213705,11.025402102392022],[106.4092844530207,11.024757461752353],[106.40932506556138,11.024716929627274],[106.40932039332178,11.024680986096827],[106.4092784330209,11.024452331672721],[106.40942596799219,11.023948948824692],[106.4094562477161,11.023643650287141],[106.40929604376711,11.02337957706006],[106.40905928717642,11.023268460522285],[106.40898219533544,11.023309256284815],[106.40879162227118,11.023350568555111],[106.4085141640167,11.023279987502665],[106.408435994174,11.023087369116672],[106.40850194436119,11.02262478647883],[106.4086551393593,11.022354821966696],[106.40869054044826,11.022166188836062],[106.40860221743804,11.021744667338844],[106.40851281626054,11.021094326066134],[106.40868487986765,11.020020913937564],[106.40893421511322,11.018942579292572],[106.40896997565231,11.018825749161293],[106.40906629552703,11.018057821656502],[106.40901337350077,11.017447695548064],[106.40888928982159,11.017143105505147],[106.40828585424852,11.016351538374787],[106.4081557510378,11.015737259689356],[106.40895137657719,11.014921227157942],[106.4094432193477,11.014223318836756],[106.4098640809864,11.013871294865694],[106.41032097380547,11.013483254124397],[106.41073653599537,11.012974144818568],[106.41110968908895,11.012164547012093],[106.41151393154401,11.011202201517841],[106.41198978675318,11.010006230197119],[106.41213768306218,11.009579146325963],[106.41185914210625,11.009279775633006],[106.41078245005274,11.008301898359996],[106.41003129375771,11.007973239133383],[106.40791072953614,11.00720216668511],[106.40578587425686,11.006476008688425],[106.40577976450948,11.00613040706989],[106.40580968430349,11.00574428874133],[106.40537795916609,11.005714900314715],[106.40510472838396,11.005568015048116],[106.4049339256349,11.00499440084277],[106.40479861329932,11.004232021108248],[106.40452592237381,11.004197358690408],[106.40327604114968,11.004064062785135],[106.40268466154883,11.003882765500014],[106.40044638323072,11.003192907545355],[106.39938628226135,11.002829785097582],[106.39812556073065,11.002315007587706],[106.39722476768613,11.002022901853607],[106.39534152453221,11.001484043160989],[106.39416330460972,11.001121396695765],[106.39235735466177,11.0005776647317],[106.39094277527562,11.000180234574772],[106.38953817806113,10.99997572911912],[106.38852017897936,10.999877185954544],[106.38424438613069,10.999622876231227],[106.38162700821965,10.99944181877227],[106.37993193820606,10.999296946758115],[106.37930801436701,10.999932539903421],[106.37200954850744,10.99927893066113],[106.36875208461076,10.999172403186112],[106.36515591735524,10.997545957494525],[106.36451577887415,10.996642269139258],[106.36420029176836,10.996185878646141],[106.36433683510317,10.995265183606065],[106.35946579762626,10.99197927714757],[106.35588165025239,10.990963005430226],[106.36117291579755,10.983857107558471]]]},"id":"1_00000000000000000006","properties":{"DAN_SO":49862,"DT_KM2":62.445,"OBJECTID":7,"Shape_Area":6.26979176182E7,"Shape_Leng":50253.2798163,"XA_MOI":"Thái Mỹ","area_km2":62.96127112290408,"green_km2":47.081958427012445,"green_km2_max":9.756489562988282E-5,"green_km2_mean":9.754568181032471E-5,"green_km2_min":9.751744079589843E-5,"green_km2_stdDev":1.2239151796983777E-8,"green_km2_sum":47.081958427012445,"green_ratio":0.7477923743805254,"green_th":0.4,"ndvi_max":0.8510428071022034,"ndvi_mean":0.5104903124543524,"ndvi_min":-0.2539242208003998,"ndvi_std":0.15849104013678766,"ndvi_stdDev":0.15849104013678766,"ndvi_sum":322330.8302441922,"xa":"Thái Mỹ","year":2020.0}},{"type":"Feature","geometry":{"type":"Polygon","coordinates":[[[106.4379472016714,11.10984496861236],[106.44020511509912,11.106966378325078],[106.44215095177374,11.10623894057569],[106.44455152798037,11.105558760000065],[106.44668423839465,11.101258080681696],[106.44652139963249,11.100491395353584],[106.44510681063065,11.09835743996182],[106.44493795206684,11.097285616110272],[106.44661243475264,11.0931397186642],[106.44981819036919,11.087146358853877],[106.45058530716024,11.086070017841932],[106.4508923883239,11.081077958124776],[106.45096859700567,11.07718208327363],[106.45139808017883,11.073042165631445],[106.45472397598377,11.062914811575322],[106.45531757054957,11.059846732280876],[106.45544258061156,11.056628204354574],[106.45614033764271,11.05531441131893],[106.45789058206414,11.052783722772823],[106.45897264036712,11.052011068953433],[106.46020910553202,11.051237682932614],[106.46050820214204,11.050163627330122],[106.46127598725303,11.049239883894666],[106.46205204354159,11.049083551991847],[106.46298115790998,11.048616824451553],[106.46498688344714,11.047224819195101],[106.46808515912991,11.046289774290457],[106.4696282474592,11.045052569641726],[106.47070335595704,11.043822218176556],[106.4722513169509,11.0462964575688],[106.47260759316411,11.046689702276783],[106.47396682303064,11.047769121755715],[106.4750894997894,11.048777946576745],[106.47655606208303,11.05042685436922],[106.4765256827394,11.050696220685104],[106.47589023416232,11.05174056453735],[106.47600932444941,11.051928462790412],[106.4762049023051,11.051963374927297],[106.47659021637993,11.051804465151415],[106.47685823792371,11.051798642852102],[106.47730916561858,11.052016370891943],[106.47780188859551,11.052426796791744],[106.47761808355564,11.052925842035329],[106.47834800173105,11.053523682492424],[106.47921418177935,11.054116354964844],[106.48034866103714,11.054761570997595],[106.4821839562036,11.055623179149572],[106.48308026269633,11.055888081233753],[106.4847420171291,11.056562047740888],[106.48546620748961,11.056926531343542],[106.4857626435826,11.057149508403265],[106.48588245853192,11.0574899320805],[106.48585243737543,11.057835700740249],[106.48609017988473,11.058135188541218],[106.48665959451027,11.058428627135854],[106.48687918133547,11.05873271305317],[106.48711656546762,11.058955893105711],[106.4878709652081,11.058997109264379],[106.48824407633744,11.059120881726558],[106.48924278779565,11.059847520103308],[106.48966974265885,11.061627070965576],[106.49294096470791,11.062526488496466],[106.49620981055484,11.062963592405172],[106.49855131905737,11.064177196771107],[106.49975305002759,11.063735860159964],[106.50185854520763,11.064115895667811],[106.5043496060269,11.064377211741338],[106.50575488579656,11.064652971985286],[106.50762285354392,11.06477385065929],[106.50887983073815,11.065359916872392],[106.51126301097426,11.067614402781839],[106.51174925100062,11.068522942619794],[106.51224699869658,11.06989373502296],[106.51289307461505,11.07095410714504],[106.51415538697846,11.071692752171822],[106.51525265735258,11.072131540734757],[106.51635595649174,11.072875470353424],[106.51808009202965,11.073302146739671],[106.52012095301437,11.074337584720265],[106.52259982275704,11.073984009891648],[106.52325905559822,11.07406593526044],[106.52375853843921,11.07575978234276],[106.52450776490643,11.078305100386116],[106.52624608119116,11.08145575562927],[106.52871729095581,11.083987783586464],[106.5310640139076,11.086161449098455],[106.53279096611662,11.087974707195492],[106.53354103359929,11.089792977714323],[106.53342209068268,11.091373218907036],[106.5320776717485,11.092349453014672],[106.52998886760976,11.092602413128269],[106.52728228125851,11.092010245234201],[106.52518525346494,11.09068347512656],[106.52321869067559,11.08996644854035],[106.52235790378721,11.090455428320256],[106.52089084330574,11.091432245767136],[106.5197915659626,11.093259815443513],[106.51845460499881,11.095694501465022],[106.51698981896558,11.098008597294122],[106.51626570023933,11.100318996242212],[106.51651795037988,11.101650588794183],[106.51799513898787,11.102616986340324],[106.5205791650566,11.103209831434395],[106.52353765468354,11.104164246641716],[106.52538546181702,11.105613401777466],[106.52613748095649,11.107795178070958],[106.52676921505395,11.111310349899046],[106.52727760639,11.114705039491604],[106.5268020289584,11.117620040240695],[106.52657242163475,11.120659455798007],[106.52534662479816,11.121756186593176],[106.52325510001526,11.121524427791456],[106.51969636385061,11.122269484584839],[106.5167629191753,11.125318057752693],[106.51431764887023,11.127879440798004],[106.51236826700507,11.131412174811736],[106.51139920121838,11.133844975134128],[106.51067492183121,11.136155331608563],[106.50945092496967,11.137615527774646],[106.5083566511653,11.139564270884511],[106.50743956184915,11.141507620723218],[106.50750383527969,11.14163299343901],[106.50627994666978,11.142244998238828],[106.50418699221832,11.14177074965147],[106.50209091233303,11.140686203046025],[106.4997054085319,11.140760978439188],[106.49837882192054,11.141719020192317],[106.49659884667504,11.142899236773696],[106.49521771776426,11.14388450058998],[106.49353979089496,11.14457501789625],[106.49196075229345,11.14507204308343],[106.4901808312396,11.145377037542618],[106.48869529809987,11.145483146083608],[106.48710721750733,11.145096119568766],[106.4854222544477,11.144422284005776],[106.4836378945356,11.14384318298667],[106.48145303600718,11.14317189425859],[106.4794761846452,11.143181593064389],[106.47660603521408,11.143586221178403],[106.47265118401377,11.144287789689317],[106.4711665836375,11.144591223554478],[106.47028075371504,11.145573930527764],[106.46919594071336,11.146750597058213],[106.46820873879511,11.14744208070586],[106.46653498199697,11.149012048164996],[106.46683390788742,11.149697236538028],[106.46772808171382,11.150375014223634],[106.46882412167405,11.151446724570942],[106.46971884324776,11.152223254467568],[106.47032110850743,11.153589140977141],[106.47032937719636,11.15524959175904],[106.46963948205386,11.156330102524777],[106.46825628328207,11.156924748084913],[106.4672700744207,11.156925140025324],[106.46598179946056,11.157425100233526],[106.46490204168587,11.158700403260868],[106.46391665747505,11.159777846034146],[106.46312971952747,11.160567059315087],[106.46223799190857,11.160373980385813],[106.4612442620253,11.159790915492167],[106.46005110935822,11.159307561439128],[106.4589658999534,11.15951025328332],[106.45748310408361,11.160204118689467],[106.45629581447498,11.160892103773257],[106.45510907082806,11.160799064085982],[106.45351908754749,11.160025893221002],[106.45242798064942,11.159052852395115],[106.45152991794012,11.157589671080705],[106.45092581948748,11.155833328247784],[106.45072019994244,11.15378333459642],[106.45150520397036,11.152603709082168],[106.45249349543217,11.152109712508754],[106.45368157228403,11.152494436311848],[106.45477717924325,11.153467426951053],[106.455866321241,11.154050097664475],[106.45665727608888,11.1531666143625],[106.45713880647901,11.151306284067061],[106.45742756347633,11.149056458435735],[106.45711597914547,11.146710810537947],[106.45631450765104,11.144564928074782],[106.45551303922724,11.142419161256054],[106.45441554113799,11.141055636048298],[106.45302022065263,11.13920443476015],[106.45172780954158,11.137936078446904],[106.45053785655537,11.13716090144527],[106.44904936890435,11.13667889224121],[106.44780443232773,11.136738777979899],[106.44783876167111,11.13540568903863],[106.44769245759767,11.134297900503325],[106.44775401673155,11.132049108330941],[106.4476059153715,11.131511320910917],[106.4469524912682,11.130782949053112],[106.44618071475227,11.13001468728562],[106.44532949924886,11.128825039522003],[106.4445420920523,11.127644019359957],[106.4445026408911,11.127024861520644],[106.44332243454458,11.123597236281473],[106.44217476598672,11.120317575342087],[106.44202325371961,11.118155106323792],[106.44158884727203,11.116689634374174],[106.44035177337993,11.115560096865824],[106.4397433039438,11.115648243620226],[106.4386059893754,11.11446437333371],[106.4378982262671,11.11377213004075],[106.43690245545054,11.112726706940686],[106.43647057582317,11.111750421847212],[106.4362540073083,11.110216577761832],[106.4379472016714,11.10984496861236]]]},"id":"2_00000000000000000000","properties":{"DAN_SO":40898,"DT_KM2":77.699,"OBJECTID":1,"Shape_Area":7.79554584335E7,"Shape_Leng":42981.2296077,"XA_MOI":"An Nhơn Tây","area_km2":78.27929988169157,"green_km2":64.95548305228661,"green_km2_max":9.75389633178711E-5,"green_km2_mean":9.752025279932514E-5,"green_km2_min":9.750125885009766E-5,"green_km2_stdDev":8.213992448905878E-9,"green_km2_sum":64.95548305228661,"green_ratio":0.8297913132904602,"green_th":0.4,"ndvi_max":0.8699489235877991,"ndvi_mean":0.5898443250119174,"ndvi_min":-0.3998914957046509,"ndvi_std":0.19197139068527938,"ndvi_stdDev":0.19197139068527938,"ndvi_sum":465898.0123165882,"xa":"An Nhơn Tây","year":2021.0}},{"type":"Feature","geometry":{"type":"Polygon","coordinates":[[[106.5660928933176,11.00605515655176],[106.56704692219758,11.004362809148597],[106.56727513444898,11.003710950078698],[106.56826585538977,11.00207678449169],[106.56984429247265,10.999932471132329],[106.57070841842148,10.997576363587303],[106.57233264294868,10.992932163353906],[106.57319426115923,10.990962051023734],[106.5761171527562,10.984547458233664],[106.57743882899318,10.984540605683854],[106.58093558226231,10.984441692356572],[106.5838492271521,10.984013623555006],[106.58707711453673,10.983727576505807],[106.5946286449826,10.983423317457575],[106.59481003317576,10.979127645098588],[106.59344238615702,10.979027063908868],[106.59320497330451,10.976254987036583],[106.59457450733636,10.97587080511047],[106.59646573584193,10.975367258842953],[106.5980904250108,10.975129885125204],[106.5996159317066,10.975032065525552],[106.60102876396836,10.975083047134417],[106.60253864313593,10.975460987963544],[106.60287013627952,10.975441348052339],[106.60298300234682,10.975324016480227],[106.60309946580092,10.975018305986772],[106.6034491263408,10.975016396523744],[106.6042405411799,10.97522319417254],[106.60528548301798,10.975280493184018],[106.60915385337701,10.975058109840196],[106.60986641524659,10.97496015770818],[106.60982504468372,10.973201201702219],[106.60976280898234,10.972609177718939],[106.60966666745001,10.972475013966793],[106.60823507203818,10.972289587110492],[106.608157457858,10.972213697396867],[106.6081263402455,10.968982801220108],[106.60816312378213,10.968219693818611],[106.6086203553575,10.967108827892213],[106.60890985791211,10.966057213900571],[106.60929280410598,10.965480746315016],[106.6097545348731,10.964369838095571],[106.60936430305962,10.963595576325584],[106.60905915108677,10.960069848923148],[106.61188584796939,10.960409416127312],[106.61314289906534,10.960232222528381],[106.61395575463114,10.960227927618247],[106.6140333708957,10.960303807688048],[106.61395872257586,10.960761950306077],[106.6151371797246,10.961182026887796],[106.61579256045286,10.960604170387377],[106.61730982797815,10.960672391684538],[106.61974323433442,10.95967667932254],[106.62403998663443,10.958931338412167],[106.62469359549408,10.955530736924638],[106.62490468990124,10.952603685460284],[106.62529162189684,10.950285978845551],[106.62471832959591,10.949243372063894],[106.62378230321049,10.948314977145632],[106.6201987815519,10.944061783887115],[106.617362352427,10.941061092373594],[106.61350363819597,10.936275181022612],[106.61050541157798,10.932705402114438],[106.60672506304658,10.928102948319385],[106.60414763971933,10.925060426360307],[106.60334588289193,10.92375417523277],[106.60040148688417,10.924258788080271],[106.600346718262,10.924209707677505],[106.59988842504987,10.921730386454517],[106.59911995873387,10.918992421418526],[106.60428272007505,10.918094833126018],[106.60661534273366,10.91783126653125],[106.61020475479967,10.91737709261955],[106.61763675690406,10.916278786963856],[106.62236482500897,10.915629957411884],[106.62457532155531,10.916304856179154],[106.62709812317235,10.916789578823366],[106.62892910426353,10.916968330639019],[106.63094547693437,10.917020401024864],[106.63186975145034,10.916638518697265],[106.63343120508594,10.916526974515442],[106.63459393768392,10.916583573046262],[106.63551516955994,10.916488940848252],[106.63563281984096,10.916407490848332],[106.63661782863342,10.916348433891901],[106.6385122134173,10.916499869680468],[106.63964142248439,10.917063716633773],[106.64162497328704,10.917748620867142],[106.64219417259864,10.918041766869008],[106.64344267441366,10.918820450963233],[106.64446963549665,10.919784246580582],[106.64579892630172,10.920387372645271],[106.64743262125809,10.920203535023338],[106.64903493513856,10.920100676111698],[106.65025810953904,10.920408275267283],[106.65083506740389,10.920450007640941],[106.65195471544348,10.920093897238237],[106.65257008804372,10.919700171551714],[106.65301607909569,10.91988177832758],[106.65460925870357,10.921398968381313],[106.65524056080794,10.922248123641896],[106.65546220962949,10.922911160963393],[106.65590011064256,10.924914681516901],[106.65625282489623,10.925460312011339],[106.65698470204688,10.926421167014931],[106.6558354329314,10.9271723017034],[106.65377439191587,10.928902190697713],[106.65264987701718,10.93001674748559],[106.65033277035528,10.933089752008971],[106.64995964643549,10.933769435622809],[106.64964715114718,10.934749356756711],[106.64946697631873,10.935827397476098],[106.64942182019439,10.936707203478829],[106.64953776890702,10.937967576798151],[106.64978972594241,10.939186836882335],[106.65108837523762,10.943259027844151],[106.6514603316995,10.944818668592388],[106.65167621965924,10.946078560553111],[106.65189777490049,10.95164192998704],[106.65181816610942,10.952854030427952],[106.6514609613724,10.954772161946963],[106.65070940308011,10.957643791484612],[106.64990441551424,10.959896386262896],[106.64857590919047,10.963565465464967],[106.64827564935479,10.966748831698512],[106.64792357768455,10.96959583971286],[106.64846697724892,10.971773866650976],[106.64909043569604,10.972816046849537],[106.64975653344231,10.974988937173125],[106.64954073733881,10.976215223099597],[106.64903493513856,10.978371993423337],[106.64845816194968,10.98000864417736],[106.64825154223196,10.980418075506046],[106.64794939385563,10.980805697851048],[106.6473753220918,10.981297899283142],[106.64712633625095,10.981456332894624],[106.64618319702126,10.981726211092262],[106.64544784809884,10.981797478190144],[106.64351184594146,10.98158803485854],[106.64297997232818,10.98150565480723],[106.64145200103563,10.981145943556887],[106.64003566660577,10.980457967592544],[106.63844124452356,10.979591522118703],[106.63649810903554,10.978906383434031],[106.63402196996846,10.978744677996257],[106.63261054107082,10.978927213327422],[106.63066907680562,10.979372989119524],[106.62899611251066,10.97990697123645],[106.62775758758589,10.980173880883209],[106.62670273330548,10.98078979863022],[106.62564932324325,10.981670533962403],[106.6245917809665,10.98263656238412],[106.62336452393062,10.984123976658534],[106.62222262799362,10.985440465151296],[106.62117058884185,10.986581434760733],[106.61967344080799,10.987720291809975],[106.61844144486966,10.988341676599019],[106.61720981570672,10.989043855883825],[106.61624315271993,10.990009335332363],[106.61563255995172,10.991322931506602],[106.61537677524821,10.992719958790072],[106.61564632052979,10.993853882880208],[106.61600823304153,10.995247683473364],[106.61743601259167,10.998031400348664],[106.61884554380057,10.999975990609945],[106.61994523995158,11.002554987248185],[106.61995315469018,11.004013417206004],[106.6195913255151,11.005958497250443],[106.61886542048681,11.007779921125652],[106.61752181457335,11.00960903400255],[106.61532497078817,11.01156384867236],[106.61274699508337,11.011941065115023],[106.60893602917804,11.011961312668946],[106.60476377590402,11.012346878530558],[106.60231300145868,11.01357602358979],[106.59936763031675,11.014076208027346],[106.5969247412149,11.016759229599135],[106.59571203027876,11.02016276880794],[106.59450256364148,11.023323987192432],[106.5943956373694,11.026237037665897],[106.59490194138155,11.029151375406869],[106.59577812891904,11.032422772367894],[106.59862065944428,11.035562634365936],[106.60109333539053,11.038340848357539],[106.60233359608583,11.04003516914705],[106.60147770662428,11.04137248412962],[106.60087237170437,11.042834166224726],[106.59965568153916,11.044662606504803],[106.59757062386542,11.045521769219341],[106.59535896496044,11.045654641453517],[106.59301882022842,11.044697650051063],[106.5916590982981,11.04276158275941],[106.59065639881074,11.03961199827949],[106.59003068072892,11.037308687427318],[106.58842583638396,11.036222112259148],[106.58523425872193,11.0366023037769],[106.58265862151706,11.03746845235525],[106.5819236686311,11.036808058528619],[106.58141991307191,11.036038859831345],[106.5806355962564,11.035481930073818],[106.57992430017892,11.034996524371874],[106.5792871931156,11.03478890360459],[106.57835864780499,11.034443690000003],[106.57771471127663,11.03381429115582],[106.57735520112207,11.032833367851309],[106.57706906815824,11.031995650016519],[106.57706385266464,11.03101285567462],[106.57762676701604,11.030098928337296],[106.57811927332442,11.029602745794671],[106.57868407882904,11.029038839077081],[106.57854856493834,11.02832594471817],[106.5783764525291,11.027564002241258],[106.57806298169348,11.027570102974902],[106.57774258727677,11.027118455645562],[106.57789006037011,11.026655499060462],[106.57770185234875,11.025431338265946],[106.57783161065635,11.024205512856174],[106.57855593861832,11.02204760520841],[106.57806343130709,11.020829501477335],[106.57758405381456,11.020378756405771],[106.57722823069628,11.018397043643148],[106.57783898431167,11.017927184199849],[106.57843813961497,11.016995058448552],[106.57949446627151,11.015746452493763],[106.57797458767664,11.014394588458472],[106.57486724191823,11.012615660471367],[106.56838086132159,11.009234081494117],[106.5670596905677,11.008495979751933],[106.56556004171583,11.00751186923072],[106.56548226311683,11.007395606405023],[106.5660928933176,11.00605515655176]]]},"id":"2_00000000000000000001","properties":{"DAN_SO":99675,"DT_KM2":54.437,"OBJECTID":2,"Shape_Area":5.38878132298E7,"Shape_Leng":50040.4631273,"XA_MOI":"Bình Mỹ","area_km2":54.10552891234025,"green_km2":37.54360119200121,"green_km2_max":9.758021545410157E-5,"green_km2_mean":9.756139776674043E-5,"green_km2_min":9.753861236572265E-5,"green_km2_stdDev":1.146411363693962E-8,"green_km2_sum":37.54360119200121,"green_ratio":0.6938958355407254,"green_th":0.4,"ndvi_max":0.8492628335952759,"ndvi_mean":0.490928488228142,"ndvi_min":-0.32972556352615356,"ndvi_std":0.21393761879403336,"ndvi_stdDev":0.21393761879403336,"ndvi_sum":268343.12691648916,"xa":"Bình Mỹ","year":2021.0}},{"type":"Feature","geometry":{"type":"Polygon","coordinates":[[[106.48988393949836,10.925126801198955],[106.49610239428488,10.921806818217608],[106.49733602175363,10.921482150912077],[106.49973435298651,10.92069843455003],[106.50279889204482,10.920548801003337],[106.50797289707499,10.919966786385407],[106.51830303774045,10.91889247103405],[106.52234387950757,10.918760252784132],[106.52499079892401,10.918657262747972],[106.52976069527678,10.918112883938884],[106.53461404016848,10.917913587057068],[106.5399996529743,10.917886498782536],[106.54574252084286,10.91846792148308],[106.5504254890346,10.918704507238083],[106.55757794701141,10.918757913463894],[106.56269142385209,10.919687791280527],[106.56535646865647,10.920464013150328],[106.56792029845431,10.920971440596277],[106.57154035650088,10.92112786030671],[106.57719325089671,10.921013547478243],[106.58063478694221,10.920906044676927],[106.58381244777043,10.920714539899008],[106.58371568835142,10.921307462133035],[106.58348844776842,10.922111938767372],[106.58213768866607,10.925157076202844],[106.58190802179658,10.925521759756187],[106.58142512867143,10.92609423488904],[106.5807564538774,10.926730466872751],[106.5806822667136,10.927300786719798],[106.58074647233023,10.92827427957046],[106.58065178254098,10.930119250360516],[106.5839815970082,10.929478183411915],[106.5832344997323,10.931600310512195],[106.58160902359751,10.93422504032602],[106.57861627691152,10.94022264473785],[106.57652458929591,10.9448558647252],[106.5753813230689,10.947657639732663],[106.57100128687306,10.955013125459693],[106.56632910723496,10.962993989072489],[106.56559996507704,10.964245315752441],[106.56496901499006,10.965173064207468],[106.56399260609068,10.966905856112927],[106.56268863644786,10.96940768242769],[106.56203755376904,10.970842657230136],[106.559989726897,10.971795565525198],[106.55740693043589,10.97294866898761],[106.54888100175661,10.976281692309577],[106.54538720028027,10.977816320879585],[106.54325277192702,10.978756110094748],[106.53998409911594,10.982546925549691],[106.53789710530133,10.98476097379742],[106.53731154956435,10.985701920993092],[106.53678991812848,10.98848247887067],[106.53697188661917,10.98940158189036],[106.53764815625804,10.991072109609277],[106.53754791142043,10.992764481305619],[106.53698905855495,10.994472710627095],[106.53742132428492,10.996382326826138],[106.53502634224817,10.99701821073496],[106.53301221911647,10.997526568872747],[106.53170124675992,10.997860733103806],[106.53074692654575,10.99865990891784],[106.52967618706754,10.998912126510223],[106.52803718397266,10.99904606304598],[106.526311079537,10.999938823137045],[106.51940958909752,11.00403937082371],[106.51649241970337,11.005629155233471],[106.51407115467704,11.00648051034411],[106.51232565678349,11.004465203967998],[106.51139021176063,11.003626127670742],[106.50910582313959,11.001043479935616],[106.50796489658718,10.999989989115385],[106.50540736291613,10.997269622989107],[106.50272733888335,10.994563216420858],[106.49973039784341,10.99205583184841],[106.49847653132882,10.990221982297161],[106.49676954458923,10.986792673519059],[106.49829082056948,10.985829302879653],[106.4996909363061,10.984242642567676],[106.50273147386437,10.981018787183165],[106.50393457700224,10.980025542818474],[106.50535288835194,10.98115399200994],[106.50632929760476,10.982019727517677],[106.50714651121079,10.981059768461346],[106.50292626751917,10.97822190762165],[106.503810077443,10.977854015029667],[106.50508725763369,10.9771341489231],[106.50548538921409,10.976817997497422],[106.50502990661212,10.975680339421553],[106.50487025870935,10.975533008293189],[106.50463860765954,10.975538670491469],[106.50323791976237,10.976093095495706],[106.50277498106102,10.976162734446298],[106.50267924726205,10.976086864821735],[106.50266953904823,10.975059185857567],[106.50214304889919,10.974245053550515],[106.50296815671807,10.97393577811875],[106.50214044207058,10.971929309549601],[106.50149808452497,10.969737861651216],[106.49972015042754,10.970240334512663],[106.49928211880946,10.968936493559333],[106.49937722184154,10.968877648675592],[106.49968482381351,10.968638298376797],[106.49964005879964,10.965164889878775],[106.49924903950401,10.964174991072257],[106.49970963334336,10.96363871688278],[106.49974513974078,10.963485930338049],[106.4993969076352,10.96287281847524],[106.49941416641472,10.962697710748026],[106.49912013812947,10.96202594239221],[106.49849774515297,10.961988613783019],[106.49834268652987,10.961872697738436],[106.49822133638258,10.961218047260001],[106.49795301797135,10.961143056912434],[106.49802726618098,10.960568254363823],[106.49833630440928,10.960607163418523],[106.49841315953633,10.960530504659342],[106.49841181120053,10.960261189100862],[106.49891141515026,10.960258731880792],[106.49898818059751,10.9601820785007],[106.49910242992728,10.959414094237326],[106.49861558978276,10.95924144711534],[106.49864983754792,10.958819435272584],[106.49874907519805,10.958684298070336],[106.49901721484304,10.958723385616551],[106.49909407021812,10.958646729043457],[106.49909245220994,10.958341522446897],[106.4988783359029,10.958207959766247],[106.49893595492134,10.957915977849039],[106.49916544236929,10.957497429108594],[106.49902836111792,10.957323113887087],[106.49803976073699,10.956726592763117],[106.49811598653353,10.956537738835243],[106.49826987643311,10.956420249142962],[106.49927627599698,10.95695837563046],[106.4997052287527,10.956462567342069],[106.50009570955498,10.955540622757205],[106.50006523692494,10.953987982914052],[106.49965830638448,10.953455901315447],[106.49939708741415,10.952986006358087],[106.49883393061707,10.95209121125587],[106.49830789948051,10.95133975650957],[106.49781360039897,10.950588217096684],[106.49783094893776,10.950426624888106],[106.49770420575966,10.949596966930649],[106.49756550746123,10.949108484267976],[106.49735552757963,10.94799199952261],[106.49747310190538,10.94790619161841],[106.49783589282215,10.947787679932087],[106.49799481629438,10.947777987091094],[106.49809908741588,10.947745984943099],[106.49812146975816,10.947687595679396],[106.49786007291286,10.947177238917352],[106.49768182346166,10.946949222537091],[106.4974800233318,10.946568710927865],[106.49742492159271,10.946438869440971],[106.49725026805152,10.946031283118126],[106.49717709877771,10.945932931990015],[106.4969061749308,10.945332879168324],[106.49662653226733,10.94481820444051],[106.49655749806996,10.944634481177829],[106.49608073126133,10.943743710146018],[106.49589214619598,10.94327791576402],[106.49478158313374,10.940985541860186],[106.4943281910407,10.940215879159863],[106.49422715772538,10.939996438286778],[106.49267319233572,10.93711834682965],[106.49184282149687,10.935443884662542],[106.49034783864579,10.932543036213342],[106.48716609168721,10.926513311578052],[106.48988393949836,10.925126801198955]]]},"id":"2_00000000000000000002","properties":{"DAN_SO":128661,"DT_KM2":64.877,"OBJECTID":3,"Shape_Area":6.39682713554E7,"Shape_Leng":37422.3099649,"XA_MOI":"Củ Chi","area_km2":64.2313115228001,"green_km2":37.247652756854215,"green_km2_max":9.757949829101562E-5,"green_km2_mean":9.756803935043674E-5,"green_km2_min":9.755104064941407E-5,"green_km2_stdDev":7.411266908380841E-9,"green_km2_sum":37.247652756854215,"green_ratio":0.579898679846082,"green_th":0.4,"ndvi_max":0.8510727882385254,"ndvi_mean":0.43076461398349614,"ndvi_min":-0.4133858382701874,"ndvi_std":0.19572410001358137,"ndvi_stdDev":0.19572410001358137,"ndvi_sum":282431.93407845654,"xa":"Củ Chi","year":2021.0}},{"type":"Feature","geometry":{"type":"Polygon","coordinates":[[[106.43942806157875,11.023215644249726],[106.43971328939935,11.023016780978557],[106.44153969128293,11.02211498357733],[106.44431464138248,11.021042652942977],[106.4444455760128,11.020867019247854],[106.44445555113212,11.020121970439106],[106.44453238652677,11.020045325902581],[106.44595649749398,11.019567232974742],[106.44595425082927,11.019109509491084],[106.44637635461683,11.019026754538283],[106.44648931717612,11.018909498104792],[106.44645013524728,11.017397206427502],[106.44657235413216,11.016382368549056],[106.44806774392792,11.016541322293996],[106.45039954888786,11.016835321525676],[106.45241881397364,11.016363389692492],[106.45381862394372,11.016504835453107],[106.45490281807531,11.016194433623527],[106.45661009371946,11.016029132986949],[106.45830821636248,11.014948387938004],[106.45939162491015,11.014480926835885],[106.46079606505815,11.014626752729894],[106.46266677922647,11.015380720886679],[106.46343529124377,11.014609577598147],[106.4638773824069,11.012156985800603],[106.46339817324386,11.010781528254405],[106.46237370106745,11.00937275200061],[106.46189413585064,11.008845493270691],[106.46398424296426,11.007116562733305],[106.46481495309166,11.007009350217023],[106.46571747668771,11.006713224471195],[106.46546501774395,11.005260341757456],[106.46531016322726,11.005184790578845],[106.46418879705112,11.005315930099853],[106.46411123543845,11.005239932721862],[106.46380000065801,11.003850179140391],[106.46364317013963,11.002437220000802],[106.46378238530454,11.001193399465222],[106.46648851640525,11.000964958749014],[106.46662377893976,11.0007488708068],[106.46678834098482,11.000039014945859],[106.46825978845261,10.993564762223865],[106.46845419069521,10.993370850287514],[106.46967372510213,10.993813722931963],[106.47054687978309,10.994024996634126],[106.47062372475915,10.993948298996104],[106.470885806784,10.9927576859645],[106.47129016511815,10.992778239447562],[106.47169092912597,10.992067143481549],[106.4724269383992,10.992104020335484],[106.47308277885291,10.991526366180812],[106.47394489265017,10.990431632593731],[106.47417579091027,10.990277890890278],[106.47467965152183,10.990221662561634],[106.47533882454348,10.990317139155266],[106.47582129664586,10.990530262262743],[106.47605282612581,10.990488687646325],[106.47628291778733,10.99018244137517],[106.47763480126899,10.989834776526832],[106.47767830328203,10.990373119992983],[106.47791019433,10.990412382911886],[106.48155792811238,10.98864431555193],[106.48271273342877,10.987952044965683],[106.48392462070221,10.98687802562372],[106.48575940777098,10.98681520238966],[106.48574089173867,10.998546723309836],[106.48744005907982,10.99769910850511],[106.49104966669577,10.996492188777541],[106.49157154496078,10.996390902401558],[106.49064194458293,11.000326861756024],[106.49057309211706,11.001090128699405],[106.49030613172462,11.001288918720977],[106.49006595754622,11.002304290398193],[106.48985715364584,11.005042980021349],[106.48939514316855,11.005314461889403],[106.48916009348011,11.00644656870148],[106.48909142126882,11.007250233786856],[106.48885987743355,11.008171409072144],[106.49243706035158,11.00861162288637],[106.49632765390643,11.009045717504947],[106.49958828240992,11.008872615831836],[106.49979251157652,11.008831180369441],[106.50474405065538,11.00799440904661],[106.5083080189031,11.007622141086161],[106.51047301939333,11.007274790299554],[106.51407115467704,11.00648051034411],[106.51571625264836,11.008397613363725],[106.51880412706134,11.009979833939967],[106.52017857782141,11.010489038032821],[106.52173121717111,11.011203815436554],[106.5226048571198,11.011486595380688],[106.52314695080979,11.011789062669417],[106.52586562101014,11.013108351108325],[106.52969003202718,11.014798965714103],[106.53438640229359,11.017310848508583],[106.54397833131344,11.02215835372129],[106.54668000534386,11.023670446065005],[106.54753127037834,11.02400712406408],[106.54676604877173,11.025352895529672],[106.54857503672017,11.026407215294485],[106.55080644270471,11.02746396095735],[106.55115089302156,11.027309604102474],[106.55177442953124,11.027535251737538],[106.55394679641546,11.02858775033898],[106.55400658829225,11.028722052759706],[106.55355010246326,11.030025813807272],[106.55311429742353,11.030948109559578],[106.55101153038834,11.034513164757563],[106.54989600322536,11.035766448508962],[106.54929216263382,11.037564652042107],[106.54902207129687,11.03804622938189],[106.54748838337035,11.040118454456827],[106.54569271119388,11.043363314191055],[106.54569370019401,11.04355178922732],[106.54764842298295,11.043788644228048],[106.54798073033767,11.043921587931084],[106.54848800354878,11.044488939444596],[106.5492595250806,11.04433235054505],[106.54949266341484,11.044618420387831],[106.5499446450151,11.045037933390983],[106.55038853557579,11.04564601193962],[106.54932498001332,11.04642330048023],[106.54842902241153,11.047110098186621],[106.54745736447057,11.0489370361441],[106.54635839923404,11.05076471570471],[106.54538603146362,11.052466033577844],[106.54330258100536,11.053692860951209],[106.54048002500927,11.05431311951721],[106.53790339870812,11.05505322552181],[106.53520911837145,11.056767828373193],[106.53324893580742,11.05811510394229],[106.53178458703307,11.059576568023674],[106.5306931646867,11.062009995017473],[106.5294751655475,11.064565264923338],[106.52825285811247,11.06627233070953],[106.52666564901068,11.067734421430332],[106.52507467596487,11.069322126651448],[106.52398256892211,11.071634394493188],[106.52325905559822,11.07406593526044],[106.52259982275704,11.073984009891648],[106.52012095301437,11.074337584720265],[106.51808009202965,11.073302146739671],[106.51635595649174,11.072875470353424],[106.51525265735258,11.072131540734757],[106.51415538697846,11.071692752171822],[106.51289307461505,11.07095410714504],[106.51224699869658,11.06989373502296],[106.51174925100062,11.068522942619794],[106.51126301097426,11.067614402781839],[106.50887983073815,11.065359916872392],[106.50762285354392,11.06477385065929],[106.50575488579656,11.064652971985286],[106.5043496060269,11.064377211741338],[106.50185854520763,11.064115895667811],[106.49975305002759,11.063735860159964],[106.49855131905737,11.064177196771107],[106.49620981055484,11.062963592405172],[106.49294096470791,11.062526488496466],[106.48966974265885,11.061627070965576],[106.48924278779565,11.059847520103308],[106.48824407633744,11.059120881726558],[106.4878709652081,11.058997109264379],[106.48711656546762,11.058955893105711],[106.48687918133547,11.05873271305317],[106.48665959451027,11.058428627135854],[106.48609017988473,11.058135188541218],[106.48585243737543,11.057835700740249],[106.48588245853192,11.0574899320805],[106.4857626435826,11.057149508403265],[106.48546620748961,11.056926531343542],[106.4847420171291,11.056562047740888],[106.48308026269633,11.055888081233753],[106.4821839562036,11.055623179149572],[106.48034866103714,11.054761570997595],[106.47921418177935,11.054116354964844],[106.47834800173105,11.053523682492424],[106.47761808355564,11.052925842035329],[106.47780188859551,11.052426796791744],[106.47730916561858,11.052016370891943],[106.47685823792371,11.051798642852102],[106.47659021637993,11.051804465151415],[106.4762049023051,11.051963374927297],[106.47600932444941,11.051928462790412],[106.47589023416232,11.05174056453735],[106.4765256827394,11.050696220685104],[106.47655606208303,11.05042685436922],[106.4750894997894,11.048777946576745],[106.47396682303064,11.047769121755715],[106.47260759316411,11.046689702276783],[106.4722513169509,11.0462964575688],[106.47070335595704,11.043822218176556],[106.4696282474592,11.045052569641726],[106.46808515912991,11.046289774290457],[106.46498688344714,11.047224819195101],[106.46298115790998,11.048616824451553],[106.46205204354159,11.049083551991847],[106.46127598725303,11.049239883894666],[106.46050820214204,11.050163627330122],[106.46020910553202,11.051237682932614],[106.45897264036712,11.052011068953433],[106.45789058206414,11.052783722772823],[106.45614033764271,11.05531441131893],[106.45581967827495,11.054790889109253],[106.45483918981617,11.052206008908144],[106.45431605482061,11.049304878655633],[106.45408445948463,11.04563036579275],[106.45423283504677,11.045319987847309],[106.45388162280233,11.04318092666092],[106.4529178591725,11.041219800812009],[106.44888293358403,11.037375001505586],[106.4462828033312,11.035197304184267],[106.4443825799999,11.03308804670683],[106.44240940352859,11.02999177982942],[106.4411425796129,11.027322988644137],[106.44016809108865,11.025913880791869],[106.439046590198,11.024168881280803],[106.43942806157875,11.023215644249726]]]},"id":"2_00000000000000000003","properties":{"DAN_SO":40239,"DT_KM2":62.056,"OBJECTID":4,"Shape_Area":6.18775951106E7,"Shape_Leng":40792.3929424,"XA_MOI":"Nhuận Đức","area_km2":62.1329590832498,"green_km2":49.625403607609776,"green_km2_max":9.755738067626953E-5,"green_km2_mean":9.754266154733611E-5,"green_km2_min":9.752909088134766E-5,"green_km2_stdDev":5.480384947391768E-9,"green_km2_sum":49.625403607609776,"green_ratio":0.7986969289699919,"green_th":0.4,"ndvi_max":0.8630136847496033,"ndvi_mean":0.5498931988688809,"ndvi_min":-0.2811387777328491,"ndvi_std":0.17579516651508695,"ndvi_stdDev":0.17579516651508695,"ndvi_sum":348290.2976420523,"xa":"Nhuận Đức","year":2021.0}},{"type":"Feature","geometry":{"type":"Polygon","coordinates":[[[106.51649241970337,11.005629155233471],[106.51940958909752,11.00403937082371],[106.526311079537,10.999938823137045],[106.52803718397266,10.99904606304598],[106.52967618706754,10.998912126510223],[106.53074692654575,10.99865990891784],[106.53170124675992,10.997860733103806],[106.53301221911647,10.997526568872747],[106.53502634224817,10.99701821073496],[106.53742132428492,10.996382326826138],[106.53698905855495,10.994472710627095],[106.53754791142043,10.992764481305619],[106.53764815625804,10.991072109609277],[106.53697188661917,10.98940158189036],[106.53678991812848,10.98848247887067],[106.53731154956435,10.985701920993092],[106.53789710530133,10.98476097379742],[106.53998409911594,10.982546925549691],[106.54325277192702,10.978756110094748],[106.54538720028027,10.977816320879585],[106.54888100175661,10.976281692309577],[106.55740693043589,10.97294866898761],[106.559989726897,10.971795565525198],[106.56203755376904,10.970842657230136],[106.56268863644786,10.96940768242769],[106.56399260609068,10.966905856112927],[106.56496901499006,10.965173064207468],[106.56559996507704,10.964245315752441],[106.56632910723496,10.962993989072489],[106.57100128687306,10.955013125459693],[106.5753813230689,10.947657639732663],[106.57652458929591,10.9448558647252],[106.57861627691152,10.94022264473785],[106.58160902359751,10.93422504032602],[106.5832344997323,10.931600310512195],[106.5839815970082,10.929478183411915],[106.58597758606184,10.929081915443192],[106.58806226157876,10.928294707796892],[106.5985644523741,10.924640850265005],[106.60040148688417,10.924258788080271],[106.60334588289193,10.92375417523277],[106.60414763971933,10.925060426360307],[106.60672506304658,10.928102948319385],[106.61050541157798,10.932705402114438],[106.61350363819597,10.936275181022612],[106.617362352427,10.941061092373594],[106.6201987815519,10.944061783887115],[106.62378230321049,10.948314977145632],[106.62471832959591,10.949243372063894],[106.62529162189684,10.950285978845551],[106.62490468990124,10.952603685460284],[106.62469359549408,10.955530736924638],[106.62403998663443,10.958931338412167],[106.61974323433442,10.95967667932254],[106.61730982797815,10.960672391684538],[106.61579256045286,10.960604170387377],[106.6151371797246,10.961182026887796],[106.61395872257586,10.960761950306077],[106.6140333708957,10.960303807688048],[106.61395575463114,10.960227927618247],[106.61314289906534,10.960232222528381],[106.61188584796939,10.960409416127312],[106.60905915108677,10.960069848923148],[106.60936430305962,10.963595576325584],[106.6097545348731,10.964369838095571],[106.60929280410598,10.965480746315016],[106.60890985791211,10.966057213900571],[106.6086203553575,10.967108827892213],[106.60816312378213,10.968219693818611],[106.6081263402455,10.968982801220108],[106.608157457858,10.972213697396867],[106.60823507203818,10.972289587110492],[106.60966666745001,10.972475013966793],[106.60976280898234,10.972609177718939],[106.60982504468372,10.973201201702219],[106.60986641524659,10.97496015770818],[106.60915385337701,10.975058109840196],[106.60528548301798,10.975280493184018],[106.6042405411799,10.97522319417254],[106.6034491263408,10.975016396523744],[106.60309946580092,10.975018305986772],[106.60298300234682,10.975324016480227],[106.60287013627952,10.975441348052339],[106.60253864313593,10.975460987963544],[106.60102876396836,10.975083047134417],[106.5996159317066,10.975032065525552],[106.5980904250108,10.975129885125204],[106.59646573584193,10.975367258842953],[106.59457450733636,10.97587080511047],[106.59320497330451,10.976254987036583],[106.59344238615702,10.979027063908868],[106.59481003317576,10.979127645098588],[106.5946286449826,10.983423317457575],[106.58707711453673,10.983727576505807],[106.5838492271521,10.984013623555006],[106.58093558226231,10.984441692356572],[106.57743882899318,10.984540605683854],[106.5761171527562,10.984547458233664],[106.57319426115923,10.990962051023734],[106.57233264294868,10.992932163353906],[106.57070841842148,10.997576363587303],[106.56984429247265,10.999932471132329],[106.56826585538977,11.00207678449169],[106.56727513444898,11.003710950078698],[106.56704692219758,11.004362809148597],[106.5660928933176,11.00605515655176],[106.56548226311683,11.007395606405023],[106.56556004171583,11.00751186923072],[106.5670596905677,11.008495979751933],[106.56838086132159,11.009234081494117],[106.57486724191823,11.012615660471367],[106.57797458767664,11.014394588458472],[106.57949446627151,11.015746452493763],[106.57843813961497,11.016995058448552],[106.57783898431167,11.017927184199849],[106.57722823069628,11.018397043643148],[106.57758405381456,11.020378756405771],[106.57806343130709,11.020829501477335],[106.57855593861832,11.02204760520841],[106.57783161065635,11.024205512856174],[106.57770185234875,11.025431338265946],[106.57789006037011,11.026655499060462],[106.57774258727677,11.027118455645562],[106.57806298169348,11.027570102974902],[106.5783764525291,11.027564002241258],[106.57854856493834,11.02832594471817],[106.57868407882904,11.029038839077081],[106.57811927332442,11.029602745794671],[106.57762676701604,11.030098928337296],[106.57706385266464,11.03101285567462],[106.57706906815824,11.031995650016519],[106.57735520112207,11.032833367851309],[106.57771471127663,11.03381429115582],[106.57835864780499,11.034443690000003],[106.5792871931156,11.03478890360459],[106.57992430017892,11.034996524371874],[106.5806355962564,11.035481930073818],[106.58141991307191,11.036038859831345],[106.5819236686311,11.036808058528619],[106.58265862151706,11.03746845235525],[106.58144185456038,11.039296819486308],[106.58046779851155,11.041482896452854],[106.57999075365697,11.044034400617782],[106.57926723015845,11.046344825129413],[106.57804715529511,11.048415567345222],[106.57621696609422,11.05024713599737],[106.57475025423372,11.052072243650171],[106.57328741900263,11.05378069806821],[106.57156823169785,11.054274378436205],[106.57008788391936,11.053555028789818],[106.56885356422522,11.05210296160439],[106.5682280895773,11.049803932292974],[106.56784395769215,11.047620431034517],[106.56709835535513,11.045802295822144],[106.5650041726273,11.044964920812971],[106.56193253191796,11.044859630793336],[106.55763827939015,11.04548761444918],[106.55567186622584,11.04561888728622],[106.55296819009452,11.04551160455409],[106.55038853557579,11.04564601193962],[106.5499446450151,11.045037933390983],[106.54949266341484,11.044618420387831],[106.5492595250806,11.04433235054505],[106.54848800354878,11.044488939444596],[106.54798073033767,11.043921587931084],[106.54764842298295,11.043788644228048],[106.54569370019401,11.04355178922732],[106.54569271119388,11.043363314191055],[106.54748838337035,11.040118454456827],[106.54902207129687,11.03804622938189],[106.54929216263382,11.037564652042107],[106.54989600322536,11.035766448508962],[106.55101153038834,11.034513164757563],[106.55311429742353,11.030948109559578],[106.55355010246326,11.030025813807272],[106.55400658829225,11.028722052759706],[106.55394679641546,11.02858775033898],[106.55177442953124,11.027535251737538],[106.55115089302156,11.027309604102474],[106.55080644270471,11.02746396095735],[106.54857503672017,11.026407215294485],[106.54676604877173,11.025352895529672],[106.54753127037834,11.02400712406408],[106.54668000534386,11.023670446065005],[106.54397833131344,11.02215835372129],[106.53438640229359,11.017310848508583],[106.52969003202718,11.014798965714103],[106.52586562101014,11.013108351108325],[106.52314695080979,11.011789062669417],[106.5226048571198,11.011486595380688],[106.52173121717111,11.011203815436554],[106.52017857782141,11.010489038032821],[106.51880412706134,11.009979833939967],[106.51571625264836,11.008397613363725],[106.51407115467704,11.00648051034411],[106.51649241970337,11.005629155233471]]]},"id":"2_00000000000000000004","properties":{"DAN_SO":97766,"DT_KM2":59.075,"OBJECTID":5,"Shape_Area":5.93669067075E7,"Shape_Leng":48438.2013139,"XA_MOI":"Phú Hòa Đông","area_km2":59.609127551109395,"green_km2":39.58116797010339,"green_km2_max":9.757762908935547E-5,"green_km2_mean":9.755652924098268E-5,"green_km2_min":9.753585052490235E-5,"green_km2_stdDev":1.0417571161359902E-8,"green_km2_sum":39.58116797010339,"green_ratio":0.6640118652326549,"green_th":0.4,"ndvi_max":0.8534340858459473,"ndvi_mean":0.48768407775561945,"ndvi_min":-0.3276353180408478,"ndvi_std":0.19315911484092668,"ndvi_stdDev":0.19315911484092668,"ndvi_sum":295637.9779331591,"xa":"Phú Hòa Đông","year":2021.0}},{"type":"Feature","geometry":{"type":"Polygon","coordinates":[[[106.4410439982632,10.952728662821132],[106.44379476790601,10.950538911415318],[106.45461963652261,10.942579699354598],[106.46032225531111,10.939455833540338],[106.46846389733064,10.935512305527876],[106.47292333492517,10.9336148520465],[106.48716609168721,10.926513311578052],[106.49034783864579,10.932543036213342],[106.49184282149687,10.935443884662542],[106.49267319233572,10.93711834682965],[106.49422715772538,10.939996438286778],[106.4943281910407,10.940215879159863],[106.49478158313374,10.940985541860186],[106.49589214619598,10.94327791576402],[106.49608073126133,10.943743710146018],[106.49655749806996,10.944634481177829],[106.49662653226733,10.94481820444051],[106.4969061749308,10.945332879168324],[106.49717709877771,10.945932931990015],[106.49725026805152,10.946031283118126],[106.49742492159271,10.946438869440971],[106.4974800233318,10.946568710927865],[106.49768182346166,10.946949222537091],[106.49786007291286,10.947177238917352],[106.49812146975816,10.947687595679396],[106.49809908741588,10.947745984943099],[106.49799481629438,10.947777987091094],[106.49783589282215,10.947787679932087],[106.49747310190538,10.94790619161841],[106.49735552757963,10.94799199952261],[106.49756550746123,10.949108484267976],[106.49770420575966,10.949596966930649],[106.49783094893776,10.950426624888106],[106.49781360039897,10.950588217096684],[106.49830789948051,10.95133975650957],[106.49883393061707,10.95209121125587],[106.49939708741415,10.952986006358087],[106.49965830638448,10.953455901315447],[106.50006523692494,10.953987982914052],[106.50009570955498,10.955540622757205],[106.4997052287527,10.956462567342069],[106.49927627599698,10.95695837563046],[106.49826987643311,10.956420249142962],[106.49811598653353,10.956537738835243],[106.49803976073699,10.956726592763117],[106.49902836111792,10.957323113887087],[106.49916544236929,10.957497429108594],[106.49893595492134,10.957915977849039],[106.4988783359029,10.958207959766247],[106.49909245220994,10.958341522446897],[106.49909407021812,10.958646729043457],[106.49901721484304,10.958723385616551],[106.49874907519805,10.958684298070336],[106.49864983754792,10.958819435272584],[106.49861558978276,10.95924144711534],[106.49910242992728,10.959414094237326],[106.49898818059751,10.9601820785007],[106.49891141515026,10.960258731880792],[106.49841181120053,10.960261189100862],[106.49841315953633,10.960530504659342],[106.49833630440928,10.960607163418523],[106.49802726618098,10.960568254363823],[106.49795301797135,10.961143056912434],[106.49822133638258,10.961218047260001],[106.49834268652987,10.961872697738436],[106.49849774515297,10.961988613783019],[106.49912013812947,10.96202594239221],[106.49941416641472,10.962697710748026],[106.4993969076352,10.96287281847524],[106.49974513974078,10.963485930338049],[106.49970963334336,10.96363871688278],[106.49924903950401,10.964174991072257],[106.49964005879964,10.965164889878775],[106.49968482381351,10.968638298376797],[106.49937722184154,10.968877648675592],[106.49928211880946,10.968936493559333],[106.49972015042754,10.970240334512663],[106.50149808452497,10.969737861651216],[106.50214044207058,10.971929309549601],[106.50296815671807,10.97393577811875],[106.50214304889919,10.974245053550515],[106.50266953904823,10.975059185857567],[106.50267924726205,10.976086864821735],[106.50277498106102,10.976162734446298],[106.50323791976237,10.976093095495706],[106.50463860765954,10.975538670491469],[106.50487025870935,10.975533008293189],[106.50502990661212,10.975680339421553],[106.50548538921409,10.976817997497422],[106.50508725763369,10.9771341489231],[106.503810077443,10.977854015029667],[106.50292626751917,10.97822190762165],[106.50714651121079,10.981059768461346],[106.50632929760476,10.982019727517677],[106.50535288835194,10.98115399200994],[106.50393457700224,10.980025542818474],[106.50273147386437,10.981018787183165],[106.4996909363061,10.984242642567676],[106.49829082056948,10.985829302879653],[106.49676954458923,10.986792673519059],[106.49847653132882,10.990221982297161],[106.49973039784341,10.99205583184841],[106.50272733888335,10.994563216420858],[106.50540736291613,10.997269622989107],[106.50796489658718,10.999989989115385],[106.50910582313959,11.001043479935616],[106.51139021176063,11.003626127670742],[106.51232565678349,11.004465203967998],[106.51407115467704,11.00648051034411],[106.51047301939333,11.007274790299554],[106.5083080189031,11.007622141086161],[106.50474405065538,11.00799440904661],[106.49979251157652,11.008831180369441],[106.49958828240992,11.008872615831836],[106.49632765390643,11.009045717504947],[106.49243706035158,11.00861162288637],[106.48885987743355,11.008171409072144],[106.48909142126882,11.007250233786856],[106.48916009348011,11.00644656870148],[106.48939514316855,11.005314461889403],[106.48985715364584,11.005042980021349],[106.49006595754622,11.002304290398193],[106.49030613172462,11.001288918720977],[106.49057309211706,11.001090128699405],[106.49064194458293,11.000326861756024],[106.49157154496078,10.996390902401558],[106.49104966669577,10.996492188777541],[106.48744005907982,10.99769910850511],[106.48574089173867,10.998546723309836],[106.48575940777098,10.98681520238966],[106.48392462070221,10.98687802562372],[106.48271273342877,10.987952044965683],[106.48155792811238,10.98864431555193],[106.47791019433,10.990412382911886],[106.47767830328203,10.990373119992983],[106.47763480126899,10.989834776526832],[106.47628291778733,10.99018244137517],[106.47605282612581,10.990488687646325],[106.47582129664586,10.990530262262743],[106.47533882454348,10.990317139155266],[106.47467965152183,10.990221662561634],[106.47417579091027,10.990277890890278],[106.47394489265017,10.990431632593731],[106.47308277885291,10.991526366180812],[106.4724269383992,10.992104020335484],[106.47169092912597,10.992067143481549],[106.47129016511815,10.992778239447562],[106.470885806784,10.9927576859645],[106.47062372475915,10.993948298996104],[106.47054687978309,10.994024996634126],[106.46967372510213,10.993813722931963],[106.46845419069521,10.993370850287514],[106.46825978845261,10.993564762223865],[106.46678834098482,11.000039014945859],[106.46662377893976,11.0007488708068],[106.46648851640525,11.000964958749014],[106.46378238530454,11.001193399465222],[106.46364317013963,11.002437220000802],[106.46380000065801,11.003850179140391],[106.46411123543845,11.005239932721862],[106.46418879705112,11.005315930099853],[106.46531016322726,11.005184790578845],[106.46546501774395,11.005260341757456],[106.46571747668771,11.006713224471195],[106.46481495309166,11.007009350217023],[106.46398424296426,11.007116562733305],[106.46189413585064,11.008845493270691],[106.46237370106745,11.00937275200061],[106.46339817324386,11.010781528254405],[106.4638773824069,11.012156985800603],[106.46343529124377,11.014609577598147],[106.46266677922647,11.015380720886679],[106.46079606505815,11.014626752729894],[106.45939162491015,11.014480926835885],[106.45830821636248,11.014948387938004],[106.45661009371946,11.016029132986949],[106.45490281807531,11.016194433623527],[106.45381862394372,11.016504835453107],[106.45241881397364,11.016363389692492],[106.45039954888786,11.016835321525676],[106.44965651744982,11.012593248554216],[106.44886478027956,11.011398752456786],[106.44763961561108,11.009806891543555],[106.44706680214517,11.008781908395878],[106.44435741754643,11.004652371537112],[106.44301302801549,11.002832160728323],[106.4414292476129,11.000348884801591],[106.4385589908111,10.998589669205813],[106.43802646097399,10.997438847291411],[106.43693166082595,10.995554510932676],[106.43656151669401,10.995094030012094],[106.43597795017506,10.994652507045648],[106.43485323680791,10.994078863666426],[106.43356794740032,10.993196244593664],[106.43244306732645,10.992582242007316],[106.43145379253365,10.991850856734013],[106.43085101027071,10.991180511886084],[106.42917701364708,10.98974319260706],[106.42799267074359,10.989053157418883],[106.4309556074255,10.9836580695543],[106.43288554219522,10.979793833073307],[106.43286127973897,10.979470796282694],[106.43222569425348,10.976704723147375],[106.43165229411113,10.974593507754474],[106.43108186093407,10.973097194734352],[106.43048429162349,10.970676529522203],[106.42979210182862,10.968413334823007],[106.42909218643499,10.967375342267184],[106.42640190575455,10.964228380692708],[106.42567145010156,10.96345089196037],[106.4410439982632,10.952728662821132]]]},"id":"2_00000000000000000005","properties":{"DAN_SO":84342,"DT_KM2":53.508,"OBJECTID":6,"Shape_Area":5.27078163182E7,"Shape_Leng":40995.4829881,"XA_MOI":"Tân An Hội","area_km2":52.92711879383533,"green_km2":36.54671527995554,"green_km2_max":9.757673645019532E-5,"green_km2_mean":9.756219515074913E-5,"green_km2_min":9.754770660400391E-5,"green_km2_stdDev":6.895788741667916E-9,"green_km2_sum":36.54671527995554,"green_ratio":0.690510198038823,"green_th":0.4,"ndvi_max":0.8519421815872192,"ndvi_mean":0.4836290179617239,"ndvi_min":-0.28597673773765564,"ndvi_std":0.19189058744938237,"ndvi_stdDev":0.19189058744938237,"ndvi_sum":261319.27296501145,"xa":"Tân An Hội","year":2021.0}},{"type":"Feature","geometry":{"type":"Polygon","coordinates":[[[106.36117291579755,10.983857107558471],[106.37281563527566,10.968257948251768],[106.39162764790873,10.970878933440263],[106.40203488269,10.972101302108102],[106.41306891109068,10.973311513276485],[106.41622598851939,10.970518746467674],[106.41869698142312,10.968626721660321],[106.42567145010156,10.96345089196037],[106.42640190575455,10.964228380692708],[106.42909218643499,10.967375342267184],[106.42979210182862,10.968413334823007],[106.43048429162349,10.970676529522203],[106.43108186093407,10.973097194734352],[106.43165229411113,10.974593507754474],[106.43222569425348,10.976704723147375],[106.43286127973897,10.979470796282694],[106.43288554219522,10.979793833073307],[106.4309556074255,10.9836580695543],[106.42799267074359,10.989053157418883],[106.42917701364708,10.98974319260706],[106.43085101027071,10.991180511886084],[106.43145379253365,10.991850856734013],[106.43244306732645,10.992582242007316],[106.43356794740032,10.993196244593664],[106.43485323680791,10.994078863666426],[106.43597795017506,10.994652507045648],[106.43656151669401,10.995094030012094],[106.43693166082595,10.995554510932676],[106.43802646097399,10.997438847291411],[106.4385589908111,10.998589669205813],[106.4414292476129,11.000348884801591],[106.44301302801549,11.002832160728323],[106.44435741754643,11.004652371537112],[106.44706680214517,11.008781908395878],[106.44763961561108,11.009806891543555],[106.44886478027956,11.011398752456786],[106.44965651744982,11.012593248554216],[106.45039954888786,11.016835321525676],[106.44806774392792,11.016541322293996],[106.44657235413216,11.016382368549056],[106.44645013524728,11.017397206427502],[106.44648931717612,11.018909498104792],[106.44637635461683,11.019026754538283],[106.44595425082927,11.019109509491084],[106.44595649749398,11.019567232974742],[106.44453238652677,11.020045325902581],[106.44445555113212,11.020121970439106],[106.4444455760128,11.020867019247854],[106.44431464138248,11.021042652942977],[106.44153969128293,11.02211498357733],[106.43971328939935,11.023016780978557],[106.43942806157875,11.023215644249726],[106.439046590198,11.024168881280803],[106.44016809108865,11.025913880791869],[106.4411425796129,11.027322988644137],[106.44240940352859,11.02999177982942],[106.4443825799999,11.03308804670683],[106.4462828033312,11.035197304184267],[106.44888293358403,11.037375001505586],[106.4529178591725,11.041219800812009],[106.45388162280233,11.04318092666092],[106.45423283504677,11.045319987847309],[106.45408445948463,11.04563036579275],[106.45431605482061,11.049304878655633],[106.45483918981617,11.052206008908144],[106.45581967827495,11.054790889109253],[106.45614033764271,11.05531441131893],[106.45544258061156,11.056628204354574],[106.45531757054957,11.059846732280876],[106.45472397598377,11.062914811575322],[106.45139808017883,11.073042165631445],[106.45096859700567,11.07718208327363],[106.4508923883239,11.081077958124776],[106.45058530716024,11.086070017841932],[106.44981819036919,11.087146358853877],[106.44661243475264,11.0931397186642],[106.44493795206684,11.097285616110272],[106.44510681063065,11.09835743996182],[106.44652139963249,11.100491395353584],[106.44668423839465,11.101258080681696],[106.44455152798037,11.105558760000065],[106.44215095177374,11.10623894057569],[106.44020511509912,11.106966378325078],[106.4379472016714,11.10984496861236],[106.4362540073083,11.110216577761832],[106.43508624859436,11.107453048714973],[106.43552306776712,11.106634136060354],[106.43519597000788,11.105729187316015],[106.4346290317292,11.104080311498434],[106.43434273252865,11.103157161490055],[106.43421746551948,11.102619213756748],[106.43409121010943,11.10188373814915],[106.43388156339475,11.100839051704842],[106.43356597045286,11.100418650582395],[106.43344789280656,11.100419220266783],[106.43294386196271,11.10050690704654],[106.43267086448608,11.10043188349087],[106.43255179887846,11.100239515684105],[106.4324604104545,11.099194259632132],[106.43229982931899,11.09888534098042],[106.43210411280316,11.098814441334065],[106.43124927050876,11.098706303882862],[106.43113002599384,11.098477970112018],[106.43119436590446,11.097701262978982],[106.43101913854088,11.096234577343536],[106.43084633754681,11.09526592602794],[106.43076249811463,11.094844480650382],[106.43061620602448,11.092794199367562],[106.4305330855645,11.092525302848525],[106.43021857601647,11.09233380983521],[106.42925006931402,11.092194750812542],[106.42855051518013,11.092242959098572],[106.42843217080208,11.092203138659972],[106.42761930759193,11.092292291732237],[106.42711987364656,11.092375431929632],[106.42661531898044,11.092341916449795],[106.42606898155951,11.092120082038832],[106.42579051177178,11.091852120310545],[106.42570703380868,11.091502441513152],[106.42577011403174,11.090456414331358],[106.42587650579034,11.089912880525402],[106.42597499010188,11.088673765087186],[106.42600473309201,11.088247269430418],[106.42606745397333,11.087124930768203],[106.42617222843909,11.08623588453629],[106.42626630984397,11.085032620888914],[106.42635158519424,11.082940835924889],[106.42626253580399,11.082375753393777],[106.42617914750943,11.082035032925525],[106.42582780279949,11.081736004590063],[106.42557799797042,11.080826166041625],[106.42564323474215,11.08021095284715],[106.42565320896111,11.078532396999016],[106.42579563367157,11.077916914836745],[106.42612649069412,11.076806837629293],[106.42679566455934,11.075187931256252],[106.42681866829166,11.074308224460722],[106.4267292592682,11.073662347107156],[106.42659761690663,11.072747436017416],[106.4261508422231,11.071497379860832],[106.42599008624134,11.071157071478883],[106.42546819177002,11.0703292844859],[106.42530689717002,11.069872262428996],[106.42513437049404,11.068961987857305],[106.42517507599375,11.068921424004719],[106.42517040339735,11.068885550332979],[106.4251212512839,11.0681228103078],[106.42522719342223,11.067471543229715],[106.4247820391177,11.06656257758473],[106.42385102812023,11.06665675134031],[106.42307852848273,11.066637895450267],[106.42241466811315,11.066533312899637],[106.42183248911513,11.066392483197857],[106.42148151117729,11.066174227629519],[106.42135759975304,11.06590548057737],[106.42127358443493,11.065452604992638],[106.4209940428029,11.064960266952419],[106.42035930228778,11.064285539438606],[106.42014966941524,11.063222895790405],[106.42090939864137,11.062478794841649],[106.42113493677034,11.062132167981895],[106.42050486831603,11.061497831962072],[106.42088405931311,11.060993403492436],[106.42168395690469,11.060096486028302],[106.42189781456739,11.059215827676722],[106.42139246387364,11.05899830036493],[106.42104202581426,11.058887742623288],[106.42080489639612,11.05870489607087],[106.42087633171715,11.05843525752662],[106.4209115551801,11.058206178322802],[106.42098182241227,11.057707730274165],[106.42101129512032,11.05720937877491],[106.42091577840183,11.056258382195459],[106.42065933015759,11.05488628254435],[106.42061700814071,11.054585752082344],[106.42048662762913,11.053940088372466],[106.42019513627832,11.052832950047115],[106.42026109020414,11.052374819251764],[106.42097256726397,11.051056484011497],[106.42157765714839,11.050281712512286],[106.42397377288904,11.047828972061444],[106.42401438830436,11.047788425998927],[106.42385435283116,11.047560273870603],[106.42361713034634,11.047372943059102],[106.42318482900693,11.04722679448085],[106.42247433279164,11.0468577067486],[106.42262259599755,11.046511432434936],[106.42299595017562,11.04573770935586],[106.42360113580976,11.04499886611209],[106.42284804612977,11.044270819056912],[106.42195100944875,11.043844160153094],[106.4219864128064,11.043651067013986],[106.42221150282298,11.043223629880808],[106.42220584187345,11.042994771305015],[106.42205048031923,11.04280699450235],[106.42161836195145,11.042696787912648],[106.42149966209553,11.042585149729975],[106.42161198216942,11.042315383833072],[106.4219200090517,11.042120954511782],[106.42191389882908,11.041811284076818],[106.42179034657156,11.041623414702505],[106.4214345164805,11.041324360652107],[106.42119666776706,11.04097989440852],[106.4207994151964,11.040568842759532],[106.42055680486193,11.040188518100809],[106.42082322696673,11.039841649386117],[106.42062221976866,11.039613773720964],[106.42018803769628,11.039086224546086],[106.41989726560729,11.038131617018028],[106.41969059842445,11.037674811035547],[106.41960191130948,11.037181524935633],[106.41967765926853,11.036871506264795],[106.4196310244008,11.03660697275212],[106.41939416615908,11.036495873094207],[106.4188898099611,11.036466821560573],[106.41837422315265,11.03601594417325],[106.417869599869,11.035946445084445],[106.41751476489357,11.03583595139127],[106.41688605523521,11.035466328147272],[106.41633435217324,11.035056068869087],[106.41514846511669,11.034078692215784],[106.41475176323861,11.033779893808738],[106.41395755308329,11.032989221930556],[106.41312731514924,11.03227495288071],[106.41215565345928,11.031453720231413],[106.41150207111846,11.03061747682506],[106.41109917645949,11.029973079538856],[106.41100977420487,11.029322774622617],[106.41071955408628,11.028484879274771],[106.41039267507087,11.027570771510286],[106.41025124929047,11.026503358428764],[106.41009032591822,11.02608667002384],[106.40964637213705,11.025402102392022],[106.4092844530207,11.024757461752353],[106.40932506556138,11.024716929627274],[106.40932039332178,11.024680986096827],[106.4092784330209,11.024452331672721],[106.40942596799219,11.023948948824692],[106.4094562477161,11.023643650287141],[106.40929604376711,11.02337957706006],[106.40905928717642,11.023268460522285],[106.40898219533544,11.023309256284815],[106.40879162227118,11.023350568555111],[106.4085141640167,11.023279987502665],[106.408435994174,11.023087369116672],[106.40850194436119,11.02262478647883],[106.4086551393593,11.022354821966696],[106.40869054044826,11.022166188836062],[106.40860221743804,11.021744667338844],[106.40851281626054,11.021094326066134],[106.40868487986765,11.020020913937564],[106.40893421511322,11.018942579292572],[106.40896997565231,11.018825749161293],[106.40906629552703,11.018057821656502],[106.40901337350077,11.017447695548064],[106.40888928982159,11.017143105505147],[106.40828585424852,11.016351538374787],[106.4081557510378,11.015737259689356],[106.40895137657719,11.014921227157942],[106.4094432193477,11.014223318836756],[106.4098640809864,11.013871294865694],[106.41032097380547,11.013483254124397],[106.41073653599537,11.012974144818568],[106.41110968908895,11.012164547012093],[106.41151393154401,11.011202201517841],[106.41198978675318,11.010006230197119],[106.41213768306218,11.009579146325963],[106.41185914210625,11.009279775633006],[106.41078245005274,11.008301898359996],[106.41003129375771,11.007973239133383],[106.40791072953614,11.00720216668511],[106.40578587425686,11.006476008688425],[106.40577976450948,11.00613040706989],[106.40580968430349,11.00574428874133],[106.40537795916609,11.005714900314715],[106.40510472838396,11.005568015048116],[106.4049339256349,11.00499440084277],[106.40479861329932,11.004232021108248],[106.40452592237381,11.004197358690408],[106.40327604114968,11.004064062785135],[106.40268466154883,11.003882765500014],[106.40044638323072,11.003192907545355],[106.39938628226135,11.002829785097582],[106.39812556073065,11.002315007587706],[106.39722476768613,11.002022901853607],[106.39534152453221,11.001484043160989],[106.39416330460972,11.001121396695765],[106.39235735466177,11.0005776647317],[106.39094277527562,11.000180234574772],[106.38953817806113,10.99997572911912],[106.38852017897936,10.999877185954544],[106.38424438613069,10.999622876231227],[106.38162700821965,10.99944181877227],[106.37993193820606,10.999296946758115],[106.37930801436701,10.999932539903421],[106.37200954850744,10.99927893066113],[106.36875208461076,10.999172403186112],[106.36515591735524,10.997545957494525],[106.36451577887415,10.996642269139258],[106.36420029176836,10.996185878646141],[106.36433683510317,10.995265183606065],[106.35946579762626,10.99197927714757],[106.35588165025239,10.990963005430226],[106.36117291579755,10.983857107558471]]]},"id":"2_00000000000000000006","properties":{"DAN_SO":49862,"DT_KM2":62.445,"OBJECTID":7,"Shape_Area":6.26979176182E7,"Shape_Leng":50253.2798163,"XA_MOI":"Thái Mỹ","area_km2":62.96127112290408,"green_km2":49.50338053149886,"green_km2_max":9.756486511230469E-5,"green_km2_mean":9.754570768217538E-5,"green_km2_min":9.751744079589843E-5,"green_km2_stdDev":1.2408400140230395E-8,"green_km2_sum":49.50338053149886,"green_ratio":0.7862512882699806,"green_th":0.4,"ndvi_max":0.8658316731452942,"ndvi_mean":0.5236791139260052,"ndvi_min":-0.27395716309547424,"ndvi_std":0.15321955844592655,"ndvi_stdDev":0.15321955844592655,"ndvi_sum":330658.42672265385,"xa":"Thái Mỹ","year":2021.0}},{"type":"Feature","geometry":{"type":"Polygon","coordinates":[[[106.4379472016714,11.10984496861236],[106.44020511509912,11.106966378325078],[106.44215095177374,11.10623894057569],[106.44455152798037,11.105558760000065],[106.44668423839465,11.101258080681696],[106.44652139963249,11.100491395353584],[106.44510681063065,11.09835743996182],[106.44493795206684,11.097285616110272],[106.44661243475264,11.0931397186642],[106.44981819036919,11.087146358853877],[106.45058530716024,11.086070017841932],[106.4508923883239,11.081077958124776],[106.45096859700567,11.07718208327363],[106.45139808017883,11.073042165631445],[106.45472397598377,11.062914811575322],[106.45531757054957,11.059846732280876],[106.45544258061156,11.056628204354574],[106.45614033764271,11.05531441131893],[106.45789058206414,11.052783722772823],[106.45897264036712,11.052011068953433],[106.46020910553202,11.051237682932614],[106.46050820214204,11.050163627330122],[106.46127598725303,11.049239883894666],[106.46205204354159,11.049083551991847],[106.46298115790998,11.048616824451553],[106.46498688344714,11.047224819195101],[106.46808515912991,11.046289774290457],[106.4696282474592,11.045052569641726],[106.47070335595704,11.043822218176556],[106.4722513169509,11.0462964575688],[106.47260759316411,11.046689702276783],[106.47396682303064,11.047769121755715],[106.4750894997894,11.048777946576745],[106.47655606208303,11.05042685436922],[106.4765256827394,11.050696220685104],[106.47589023416232,11.05174056453735],[106.47600932444941,11.051928462790412],[106.4762049023051,11.051963374927297],[106.47659021637993,11.051804465151415],[106.47685823792371,11.051798642852102],[106.47730916561858,11.052016370891943],[106.47780188859551,11.052426796791744],[106.47761808355564,11.052925842035329],[106.47834800173105,11.053523682492424],[106.47921418177935,11.054116354964844],[106.48034866103714,11.054761570997595],[106.4821839562036,11.055623179149572],[106.48308026269633,11.055888081233753],[106.4847420171291,11.056562047740888],[106.48546620748961,11.056926531343542],[106.4857626435826,11.057149508403265],[106.48588245853192,11.0574899320805],[106.48585243737543,11.057835700740249],[106.48609017988473,11.058135188541218],[106.48665959451027,11.058428627135854],[106.48687918133547,11.05873271305317],[106.48711656546762,11.058955893105711],[106.4878709652081,11.058997109264379],[106.48824407633744,11.059120881726558],[106.48924278779565,11.059847520103308],[106.48966974265885,11.061627070965576],[106.49294096470791,11.062526488496466],[106.49620981055484,11.062963592405172],[106.49855131905737,11.064177196771107],[106.49975305002759,11.063735860159964],[106.50185854520763,11.064115895667811],[106.5043496060269,11.064377211741338],[106.50575488579656,11.064652971985286],[106.50762285354392,11.06477385065929],[106.50887983073815,11.065359916872392],[106.51126301097426,11.067614402781839],[106.51174925100062,11.068522942619794],[106.51224699869658,11.06989373502296],[106.51289307461505,11.07095410714504],[106.51415538697846,11.071692752171822],[106.51525265735258,11.072131540734757],[106.51635595649174,11.072875470353424],[106.51808009202965,11.073302146739671],[106.52012095301437,11.074337584720265],[106.52259982275704,11.073984009891648],[106.52325905559822,11.07406593526044],[106.52375853843921,11.07575978234276],[106.52450776490643,11.078305100386116],[106.52624608119116,11.08145575562927],[106.52871729095581,11.083987783586464],[106.5310640139076,11.086161449098455],[106.53279096611662,11.087974707195492],[106.53354103359929,11.089792977714323],[106.53342209068268,11.091373218907036],[106.5320776717485,11.092349453014672],[106.52998886760976,11.092602413128269],[106.52728228125851,11.092010245234201],[106.52518525346494,11.09068347512656],[106.52321869067559,11.08996644854035],[106.52235790378721,11.090455428320256],[106.52089084330574,11.091432245767136],[106.5197915659626,11.093259815443513],[106.51845460499881,11.095694501465022],[106.51698981896558,11.098008597294122],[106.51626570023933,11.100318996242212],[106.51651795037988,11.101650588794183],[106.51799513898787,11.102616986340324],[106.5205791650566,11.103209831434395],[106.52353765468354,11.104164246641716],[106.52538546181702,11.105613401777466],[106.52613748095649,11.107795178070958],[106.52676921505395,11.111310349899046],[106.52727760639,11.114705039491604],[106.5268020289584,11.117620040240695],[106.52657242163475,11.120659455798007],[106.52534662479816,11.121756186593176],[106.52325510001526,11.121524427791456],[106.51969636385061,11.122269484584839],[106.5167629191753,11.125318057752693],[106.51431764887023,11.127879440798004],[106.51236826700507,11.131412174811736],[106.51139920121838,11.133844975134128],[106.51067492183121,11.136155331608563],[106.50945092496967,11.137615527774646],[106.5083566511653,11.139564270884511],[106.50743956184915,11.141507620723218],[106.50750383527969,11.14163299343901],[106.50627994666978,11.142244998238828],[106.50418699221832,11.14177074965147],[106.50209091233303,11.140686203046025],[106.4997054085319,11.140760978439188],[106.49837882192054,11.141719020192317],[106.49659884667504,11.142899236773696],[106.49521771776426,11.14388450058998],[106.49353979089496,11.14457501789625],[106.49196075229345,11.14507204308343],[106.4901808312396,11.145377037542618],[106.48869529809987,11.145483146083608],[106.48710721750733,11.145096119568766],[106.4854222544477,11.144422284005776],[106.4836378945356,11.14384318298667],[106.48145303600718,11.14317189425859],[106.4794761846452,11.143181593064389],[106.47660603521408,11.143586221178403],[106.47265118401377,11.144287789689317],[106.4711665836375,11.144591223554478],[106.47028075371504,11.145573930527764],[106.46919594071336,11.146750597058213],[106.46820873879511,11.14744208070586],[106.46653498199697,11.149012048164996],[106.46683390788742,11.149697236538028],[106.46772808171382,11.150375014223634],[106.46882412167405,11.151446724570942],[106.46971884324776,11.152223254467568],[106.47032110850743,11.153589140977141],[106.47032937719636,11.15524959175904],[106.46963948205386,11.156330102524777],[106.46825628328207,11.156924748084913],[106.4672700744207,11.156925140025324],[106.46598179946056,11.157425100233526],[106.46490204168587,11.158700403260868],[106.46391665747505,11.159777846034146],[106.46312971952747,11.160567059315087],[106.46223799190857,11.160373980385813],[106.4612442620253,11.159790915492167],[106.46005110935822,11.159307561439128],[106.4589658999534,11.15951025328332],[106.45748310408361,11.160204118689467],[106.45629581447498,11.160892103773257],[106.45510907082806,11.160799064085982],[106.45351908754749,11.160025893221002],[106.45242798064942,11.159052852395115],[106.45152991794012,11.157589671080705],[106.45092581948748,11.155833328247784],[106.45072019994244,11.15378333459642],[106.45150520397036,11.152603709082168],[106.45249349543217,11.152109712508754],[106.45368157228403,11.152494436311848],[106.45477717924325,11.153467426951053],[106.455866321241,11.154050097664475],[106.45665727608888,11.1531666143625],[106.45713880647901,11.151306284067061],[106.45742756347633,11.149056458435735],[106.45711597914547,11.146710810537947],[106.45631450765104,11.144564928074782],[106.45551303922724,11.142419161256054],[106.45441554113799,11.141055636048298],[106.45302022065263,11.13920443476015],[106.45172780954158,11.137936078446904],[106.45053785655537,11.13716090144527],[106.44904936890435,11.13667889224121],[106.44780443232773,11.136738777979899],[106.44783876167111,11.13540568903863],[106.44769245759767,11.134297900503325],[106.44775401673155,11.132049108330941],[106.4476059153715,11.131511320910917],[106.4469524912682,11.130782949053112],[106.44618071475227,11.13001468728562],[106.44532949924886,11.128825039522003],[106.4445420920523,11.127644019359957],[106.4445026408911,11.127024861520644],[106.44332243454458,11.123597236281473],[106.44217476598672,11.120317575342087],[106.44202325371961,11.118155106323792],[106.44158884727203,11.116689634374174],[106.44035177337993,11.115560096865824],[106.4397433039438,11.115648243620226],[106.4386059893754,11.11446437333371],[106.4378982262671,11.11377213004075],[106.43690245545054,11.112726706940686],[106.43647057582317,11.111750421847212],[106.4362540073083,11.110216577761832],[106.4379472016714,11.10984496861236]]]},"id":"3_00000000000000000000","properties":{"DAN_SO":40898,"DT_KM2":77.699,"OBJECTID":1,"Shape_Area":7.79554584335E7,"Shape_Leng":42981.2296077,"XA_MOI":"An Nhơn Tây","area_km2":78.27929988169157,"green_km2":67.59375026396859,"green_km2_max":9.75389633178711E-5,"green_km2_mean":9.752022602949119E-5,"green_km2_min":9.750125885009766E-5,"green_km2_stdDev":8.172762270124898E-9,"green_km2_sum":67.59375026396859,"green_ratio":0.8634945683741075,"green_th":0.4,"ndvi_max":0.8871287107467651,"ndvi_mean":0.6156768051039064,"ndvi_min":-0.48459678888320923,"ndvi_std":0.19075007475611383,"ndvi_stdDev":0.19075007475611383,"ndvi_sum":486302.2115564848,"xa":"An Nhơn Tây","year":2022.0}},{"type":"Feature","geometry":{"type":"Polygon","coordinates":[[[106.5660928933176,11.00605515655176],[106.56704692219758,11.004362809148597],[106.56727513444898,11.003710950078698],[106.56826585538977,11.00207678449169],[106.56984429247265,10.999932471132329],[106.57070841842148,10.997576363587303],[106.57233264294868,10.992932163353906],[106.57319426115923,10.990962051023734],[106.5761171527562,10.984547458233664],[106.57743882899318,10.984540605683854],[106.58093558226231,10.984441692356572],[106.5838492271521,10.984013623555006],[106.58707711453673,10.983727576505807],[106.5946286449826,10.983423317457575],[106.59481003317576,10.979127645098588],[106.59344238615702,10.979027063908868],[106.59320497330451,10.976254987036583],[106.59457450733636,10.97587080511047],[106.59646573584193,10.975367258842953],[106.5980904250108,10.975129885125204],[106.5996159317066,10.975032065525552],[106.60102876396836,10.975083047134417],[106.60253864313593,10.975460987963544],[106.60287013627952,10.975441348052339],[106.60298300234682,10.975324016480227],[106.60309946580092,10.975018305986772],[106.6034491263408,10.975016396523744],[106.6042405411799,10.97522319417254],[106.60528548301798,10.975280493184018],[106.60915385337701,10.975058109840196],[106.60986641524659,10.97496015770818],[106.60982504468372,10.973201201702219],[106.60976280898234,10.972609177718939],[106.60966666745001,10.972475013966793],[106.60823507203818,10.972289587110492],[106.608157457858,10.972213697396867],[106.6081263402455,10.968982801220108],[106.60816312378213,10.968219693818611],[106.6086203553575,10.967108827892213],[106.60890985791211,10.966057213900571],[106.60929280410598,10.965480746315016],[106.6097545348731,10.964369838095571],[106.60936430305962,10.963595576325584],[106.60905915108677,10.960069848923148],[106.61188584796939,10.960409416127312],[106.61314289906534,10.960232222528381],[106.61395575463114,10.960227927618247],[106.6140333708957,10.960303807688048],[106.61395872257586,10.960761950306077],[106.6151371797246,10.961182026887796],[106.61579256045286,10.960604170387377],[106.61730982797815,10.960672391684538],[106.61974323433442,10.95967667932254],[106.62403998663443,10.958931338412167],[106.62469359549408,10.955530736924638],[106.62490468990124,10.952603685460284],[106.62529162189684,10.950285978845551],[106.62471832959591,10.949243372063894],[106.62378230321049,10.948314977145632],[106.6201987815519,10.944061783887115],[106.617362352427,10.941061092373594],[106.61350363819597,10.936275181022612],[106.61050541157798,10.932705402114438],[106.60672506304658,10.928102948319385],[106.60414763971933,10.925060426360307],[106.60334588289193,10.92375417523277],[106.60040148688417,10.924258788080271],[106.600346718262,10.924209707677505],[106.59988842504987,10.921730386454517],[106.59911995873387,10.918992421418526],[106.60428272007505,10.918094833126018],[106.60661534273366,10.91783126653125],[106.61020475479967,10.91737709261955],[106.61763675690406,10.916278786963856],[106.62236482500897,10.915629957411884],[106.62457532155531,10.916304856179154],[106.62709812317235,10.916789578823366],[106.62892910426353,10.916968330639019],[106.63094547693437,10.917020401024864],[106.63186975145034,10.916638518697265],[106.63343120508594,10.916526974515442],[106.63459393768392,10.916583573046262],[106.63551516955994,10.916488940848252],[106.63563281984096,10.916407490848332],[106.63661782863342,10.916348433891901],[106.6385122134173,10.916499869680468],[106.63964142248439,10.917063716633773],[106.64162497328704,10.917748620867142],[106.64219417259864,10.918041766869008],[106.64344267441366,10.918820450963233],[106.64446963549665,10.919784246580582],[106.64579892630172,10.920387372645271],[106.64743262125809,10.920203535023338],[106.64903493513856,10.920100676111698],[106.65025810953904,10.920408275267283],[106.65083506740389,10.920450007640941],[106.65195471544348,10.920093897238237],[106.65257008804372,10.919700171551714],[106.65301607909569,10.91988177832758],[106.65460925870357,10.921398968381313],[106.65524056080794,10.922248123641896],[106.65546220962949,10.922911160963393],[106.65590011064256,10.924914681516901],[106.65625282489623,10.925460312011339],[106.65698470204688,10.926421167014931],[106.6558354329314,10.9271723017034],[106.65377439191587,10.928902190697713],[106.65264987701718,10.93001674748559],[106.65033277035528,10.933089752008971],[106.64995964643549,10.933769435622809],[106.64964715114718,10.934749356756711],[106.64946697631873,10.935827397476098],[106.64942182019439,10.936707203478829],[106.64953776890702,10.937967576798151],[106.64978972594241,10.939186836882335],[106.65108837523762,10.943259027844151],[106.6514603316995,10.944818668592388],[106.65167621965924,10.946078560553111],[106.65189777490049,10.95164192998704],[106.65181816610942,10.952854030427952],[106.6514609613724,10.954772161946963],[106.65070940308011,10.957643791484612],[106.64990441551424,10.959896386262896],[106.64857590919047,10.963565465464967],[106.64827564935479,10.966748831698512],[106.64792357768455,10.96959583971286],[106.64846697724892,10.971773866650976],[106.64909043569604,10.972816046849537],[106.64975653344231,10.974988937173125],[106.64954073733881,10.976215223099597],[106.64903493513856,10.978371993423337],[106.64845816194968,10.98000864417736],[106.64825154223196,10.980418075506046],[106.64794939385563,10.980805697851048],[106.6473753220918,10.981297899283142],[106.64712633625095,10.981456332894624],[106.64618319702126,10.981726211092262],[106.64544784809884,10.981797478190144],[106.64351184594146,10.98158803485854],[106.64297997232818,10.98150565480723],[106.64145200103563,10.981145943556887],[106.64003566660577,10.980457967592544],[106.63844124452356,10.979591522118703],[106.63649810903554,10.978906383434031],[106.63402196996846,10.978744677996257],[106.63261054107082,10.978927213327422],[106.63066907680562,10.979372989119524],[106.62899611251066,10.97990697123645],[106.62775758758589,10.980173880883209],[106.62670273330548,10.98078979863022],[106.62564932324325,10.981670533962403],[106.6245917809665,10.98263656238412],[106.62336452393062,10.984123976658534],[106.62222262799362,10.985440465151296],[106.62117058884185,10.986581434760733],[106.61967344080799,10.987720291809975],[106.61844144486966,10.988341676599019],[106.61720981570672,10.989043855883825],[106.61624315271993,10.990009335332363],[106.61563255995172,10.991322931506602],[106.61537677524821,10.992719958790072],[106.61564632052979,10.993853882880208],[106.61600823304153,10.995247683473364],[106.61743601259167,10.998031400348664],[106.61884554380057,10.999975990609945],[106.61994523995158,11.002554987248185],[106.61995315469018,11.004013417206004],[106.6195913255151,11.005958497250443],[106.61886542048681,11.007779921125652],[106.61752181457335,11.00960903400255],[106.61532497078817,11.01156384867236],[106.61274699508337,11.011941065115023],[106.60893602917804,11.011961312668946],[106.60476377590402,11.012346878530558],[106.60231300145868,11.01357602358979],[106.59936763031675,11.014076208027346],[106.5969247412149,11.016759229599135],[106.59571203027876,11.02016276880794],[106.59450256364148,11.023323987192432],[106.5943956373694,11.026237037665897],[106.59490194138155,11.029151375406869],[106.59577812891904,11.032422772367894],[106.59862065944428,11.035562634365936],[106.60109333539053,11.038340848357539],[106.60233359608583,11.04003516914705],[106.60147770662428,11.04137248412962],[106.60087237170437,11.042834166224726],[106.59965568153916,11.044662606504803],[106.59757062386542,11.045521769219341],[106.59535896496044,11.045654641453517],[106.59301882022842,11.044697650051063],[106.5916590982981,11.04276158275941],[106.59065639881074,11.03961199827949],[106.59003068072892,11.037308687427318],[106.58842583638396,11.036222112259148],[106.58523425872193,11.0366023037769],[106.58265862151706,11.03746845235525],[106.5819236686311,11.036808058528619],[106.58141991307191,11.036038859831345],[106.5806355962564,11.035481930073818],[106.57992430017892,11.034996524371874],[106.5792871931156,11.03478890360459],[106.57835864780499,11.034443690000003],[106.57771471127663,11.03381429115582],[106.57735520112207,11.032833367851309],[106.57706906815824,11.031995650016519],[106.57706385266464,11.03101285567462],[106.57762676701604,11.030098928337296],[106.57811927332442,11.029602745794671],[106.57868407882904,11.029038839077081],[106.57854856493834,11.02832594471817],[106.5783764525291,11.027564002241258],[106.57806298169348,11.027570102974902],[106.57774258727677,11.027118455645562],[106.57789006037011,11.026655499060462],[106.57770185234875,11.025431338265946],[106.57783161065635,11.024205512856174],[106.57855593861832,11.02204760520841],[106.57806343130709,11.020829501477335],[106.57758405381456,11.020378756405771],[106.57722823069628,11.018397043643148],[106.57783898431167,11.017927184199849],[106.57843813961497,11.016995058448552],[106.57949446627151,11.015746452493763],[106.57797458767664,11.014394588458472],[106.57486724191823,11.012615660471367],[106.56838086132159,11.009234081494117],[106.5670596905677,11.008495979751933],[106.56556004171583,11.00751186923072],[106.56548226311683,11.007395606405023],[106.5660928933176,11.00605515655176]]]},"id":"3_00000000000000000001","properties":{"DAN_SO":99675,"DT_KM2":54.437,"OBJECTID":2,"Shape_Area":5.38878132298E7,"Shape_Leng":50040.4631273,"XA_MOI":"Bình Mỹ","area_km2":54.10552891234025,"green_km2":39.60949496571512,"green_km2_max":9.758021545410157E-5,"green_km2_mean":9.756139633993842E-5,"green_km2_min":9.753861236572265E-5,"green_km2_stdDev":1.1334297688166567E-8,"green_km2_sum":39.60949496571512,"green_ratio":0.7320785095713406,"green_th":0.4,"ndvi_max":0.8789242506027222,"ndvi_mean":0.5245920896721421,"ndvi_min":-0.3667163848876953,"ndvi_std":0.23042880298998297,"ndvi_stdDev":0.23042880298998297,"ndvi_sum":286743.76222562906,"xa":"Bình Mỹ","year":2022.0}},{"type":"Feature","geometry":{"type":"Polygon","coordinates":[[[106.48988393949836,10.925126801198955],[106.49610239428488,10.921806818217608],[106.49733602175363,10.921482150912077],[106.49973435298651,10.92069843455003],[106.50279889204482,10.920548801003337],[106.50797289707499,10.919966786385407],[106.51830303774045,10.91889247103405],[106.52234387950757,10.918760252784132],[106.52499079892401,10.918657262747972],[106.52976069527678,10.918112883938884],[106.53461404016848,10.917913587057068],[106.5399996529743,10.917886498782536],[106.54574252084286,10.91846792148308],[106.5504254890346,10.918704507238083],[106.55757794701141,10.918757913463894],[106.56269142385209,10.919687791280527],[106.56535646865647,10.920464013150328],[106.56792029845431,10.920971440596277],[106.57154035650088,10.92112786030671],[106.57719325089671,10.921013547478243],[106.58063478694221,10.920906044676927],[106.58381244777043,10.920714539899008],[106.58371568835142,10.921307462133035],[106.58348844776842,10.922111938767372],[106.58213768866607,10.925157076202844],[106.58190802179658,10.925521759756187],[106.58142512867143,10.92609423488904],[106.5807564538774,10.926730466872751],[106.5806822667136,10.927300786719798],[106.58074647233023,10.92827427957046],[106.58065178254098,10.930119250360516],[106.5839815970082,10.929478183411915],[106.5832344997323,10.931600310512195],[106.58160902359751,10.93422504032602],[106.57861627691152,10.94022264473785],[106.57652458929591,10.9448558647252],[106.5753813230689,10.947657639732663],[106.57100128687306,10.955013125459693],[106.56632910723496,10.962993989072489],[106.56559996507704,10.964245315752441],[106.56496901499006,10.965173064207468],[106.56399260609068,10.966905856112927],[106.56268863644786,10.96940768242769],[106.56203755376904,10.970842657230136],[106.559989726897,10.971795565525198],[106.55740693043589,10.97294866898761],[106.54888100175661,10.976281692309577],[106.54538720028027,10.977816320879585],[106.54325277192702,10.978756110094748],[106.53998409911594,10.982546925549691],[106.53789710530133,10.98476097379742],[106.53731154956435,10.985701920993092],[106.53678991812848,10.98848247887067],[106.53697188661917,10.98940158189036],[106.53764815625804,10.991072109609277],[106.53754791142043,10.992764481305619],[106.53698905855495,10.994472710627095],[106.53742132428492,10.996382326826138],[106.53502634224817,10.99701821073496],[106.53301221911647,10.997526568872747],[106.53170124675992,10.997860733103806],[106.53074692654575,10.99865990891784],[106.52967618706754,10.998912126510223],[106.52803718397266,10.99904606304598],[106.526311079537,10.999938823137045],[106.51940958909752,11.00403937082371],[106.51649241970337,11.005629155233471],[106.51407115467704,11.00648051034411],[106.51232565678349,11.004465203967998],[106.51139021176063,11.003626127670742],[106.50910582313959,11.001043479935616],[106.50796489658718,10.999989989115385],[106.50540736291613,10.997269622989107],[106.50272733888335,10.994563216420858],[106.49973039784341,10.99205583184841],[106.49847653132882,10.990221982297161],[106.49676954458923,10.986792673519059],[106.49829082056948,10.985829302879653],[106.4996909363061,10.984242642567676],[106.50273147386437,10.981018787183165],[106.50393457700224,10.980025542818474],[106.50535288835194,10.98115399200994],[106.50632929760476,10.982019727517677],[106.50714651121079,10.981059768461346],[106.50292626751917,10.97822190762165],[106.503810077443,10.977854015029667],[106.50508725763369,10.9771341489231],[106.50548538921409,10.976817997497422],[106.50502990661212,10.975680339421553],[106.50487025870935,10.975533008293189],[106.50463860765954,10.975538670491469],[106.50323791976237,10.976093095495706],[106.50277498106102,10.976162734446298],[106.50267924726205,10.976086864821735],[106.50266953904823,10.975059185857567],[106.50214304889919,10.974245053550515],[106.50296815671807,10.97393577811875],[106.50214044207058,10.971929309549601],[106.50149808452497,10.969737861651216],[106.49972015042754,10.970240334512663],[106.49928211880946,10.968936493559333],[106.49937722184154,10.968877648675592],[106.49968482381351,10.968638298376797],[106.49964005879964,10.965164889878775],[106.49924903950401,10.964174991072257],[106.49970963334336,10.96363871688278],[106.49974513974078,10.963485930338049],[106.4993969076352,10.96287281847524],[106.49941416641472,10.962697710748026],[106.49912013812947,10.96202594239221],[106.49849774515297,10.961988613783019],[106.49834268652987,10.961872697738436],[106.49822133638258,10.961218047260001],[106.49795301797135,10.961143056912434],[106.49802726618098,10.960568254363823],[106.49833630440928,10.960607163418523],[106.49841315953633,10.960530504659342],[106.49841181120053,10.960261189100862],[106.49891141515026,10.960258731880792],[106.49898818059751,10.9601820785007],[106.49910242992728,10.959414094237326],[106.49861558978276,10.95924144711534],[106.49864983754792,10.958819435272584],[106.49874907519805,10.958684298070336],[106.49901721484304,10.958723385616551],[106.49909407021812,10.958646729043457],[106.49909245220994,10.958341522446897],[106.4988783359029,10.958207959766247],[106.49893595492134,10.957915977849039],[106.49916544236929,10.957497429108594],[106.49902836111792,10.957323113887087],[106.49803976073699,10.956726592763117],[106.49811598653353,10.956537738835243],[106.49826987643311,10.956420249142962],[106.49927627599698,10.95695837563046],[106.4997052287527,10.956462567342069],[106.50009570955498,10.955540622757205],[106.50006523692494,10.953987982914052],[106.49965830638448,10.953455901315447],[106.49939708741415,10.952986006358087],[106.49883393061707,10.95209121125587],[106.49830789948051,10.95133975650957],[106.49781360039897,10.950588217096684],[106.49783094893776,10.950426624888106],[106.49770420575966,10.949596966930649],[106.49756550746123,10.949108484267976],[106.49735552757963,10.94799199952261],[106.49747310190538,10.94790619161841],[106.49783589282215,10.947787679932087],[106.49799481629438,10.947777987091094],[106.49809908741588,10.947745984943099],[106.49812146975816,10.947687595679396],[106.49786007291286,10.947177238917352],[106.49768182346166,10.946949222537091],[106.4974800233318,10.946568710927865],[106.49742492159271,10.946438869440971],[106.49725026805152,10.946031283118126],[106.49717709877771,10.945932931990015],[106.4969061749308,10.945332879168324],[106.49662653226733,10.94481820444051],[106.49655749806996,10.944634481177829],[106.49608073126133,10.943743710146018],[106.49589214619598,10.94327791576402],[106.49478158313374,10.940985541860186],[106.4943281910407,10.940215879159863],[106.49422715772538,10.939996438286778],[106.49267319233572,10.93711834682965],[106.49184282149687,10.935443884662542],[106.49034783864579,10.932543036213342],[106.48716609168721,10.926513311578052],[106.48988393949836,10.925126801198955]]]},"id":"3_00000000000000000002","properties":{"DAN_SO":128661,"DT_KM2":64.877,"OBJECTID":3,"Shape_Area":6.39682713554E7,"Shape_Leng":37422.3099649,"XA_MOI":"Củ Chi","area_km2":64.2313115228001,"green_km2":42.63357143301747,"green_km2_max":9.757949829101562E-5,"green_km2_mean":9.756803826425815E-5,"green_km2_min":9.755104064941407E-5,"green_km2_stdDev":7.33286742220814E-9,"green_km2_sum":42.63357143301747,"green_ratio":0.6637505979911977,"green_th":0.4,"ndvi_max":0.8678885102272034,"ndvi_mean":0.47838503570116264,"ndvi_min":-0.4882849156856537,"ndvi_std":0.21336827970310082,"ndvi_stdDev":0.21336827970310082,"ndvi_sum":313654.38683050085,"xa":"Củ Chi","year":2022.0}},{"type":"Feature","geometry":{"type":"Polygon","coordinates":[[[106.43942806157875,11.023215644249726],[106.43971328939935,11.023016780978557],[106.44153969128293,11.02211498357733],[106.44431464138248,11.021042652942977],[106.4444455760128,11.020867019247854],[106.44445555113212,11.020121970439106],[106.44453238652677,11.020045325902581],[106.44595649749398,11.019567232974742],[106.44595425082927,11.019109509491084],[106.44637635461683,11.019026754538283],[106.44648931717612,11.018909498104792],[106.44645013524728,11.017397206427502],[106.44657235413216,11.016382368549056],[106.44806774392792,11.016541322293996],[106.45039954888786,11.016835321525676],[106.45241881397364,11.016363389692492],[106.45381862394372,11.016504835453107],[106.45490281807531,11.016194433623527],[106.45661009371946,11.016029132986949],[106.45830821636248,11.014948387938004],[106.45939162491015,11.014480926835885],[106.46079606505815,11.014626752729894],[106.46266677922647,11.015380720886679],[106.46343529124377,11.014609577598147],[106.4638773824069,11.012156985800603],[106.46339817324386,11.010781528254405],[106.46237370106745,11.00937275200061],[106.46189413585064,11.008845493270691],[106.46398424296426,11.007116562733305],[106.46481495309166,11.007009350217023],[106.46571747668771,11.006713224471195],[106.46546501774395,11.005260341757456],[106.46531016322726,11.005184790578845],[106.46418879705112,11.005315930099853],[106.46411123543845,11.005239932721862],[106.46380000065801,11.003850179140391],[106.46364317013963,11.002437220000802],[106.46378238530454,11.001193399465222],[106.46648851640525,11.000964958749014],[106.46662377893976,11.0007488708068],[106.46678834098482,11.000039014945859],[106.46825978845261,10.993564762223865],[106.46845419069521,10.993370850287514],[106.46967372510213,10.993813722931963],[106.47054687978309,10.994024996634126],[106.47062372475915,10.993948298996104],[106.470885806784,10.9927576859645],[106.47129016511815,10.992778239447562],[106.47169092912597,10.992067143481549],[106.4724269383992,10.992104020335484],[106.47308277885291,10.991526366180812],[106.47394489265017,10.990431632593731],[106.47417579091027,10.990277890890278],[106.47467965152183,10.990221662561634],[106.47533882454348,10.990317139155266],[106.47582129664586,10.990530262262743],[106.47605282612581,10.990488687646325],[106.47628291778733,10.99018244137517],[106.47763480126899,10.989834776526832],[106.47767830328203,10.990373119992983],[106.47791019433,10.990412382911886],[106.48155792811238,10.98864431555193],[106.48271273342877,10.987952044965683],[106.48392462070221,10.98687802562372],[106.48575940777098,10.98681520238966],[106.48574089173867,10.998546723309836],[106.48744005907982,10.99769910850511],[106.49104966669577,10.996492188777541],[106.49157154496078,10.996390902401558],[106.49064194458293,11.000326861756024],[106.49057309211706,11.001090128699405],[106.49030613172462,11.001288918720977],[106.49006595754622,11.002304290398193],[106.48985715364584,11.005042980021349],[106.48939514316855,11.005314461889403],[106.48916009348011,11.00644656870148],[106.48909142126882,11.007250233786856],[106.48885987743355,11.008171409072144],[106.49243706035158,11.00861162288637],[106.49632765390643,11.009045717504947],[106.49958828240992,11.008872615831836],[106.49979251157652,11.008831180369441],[106.50474405065538,11.00799440904661],[106.5083080189031,11.007622141086161],[106.51047301939333,11.007274790299554],[106.51407115467704,11.00648051034411],[106.51571625264836,11.008397613363725],[106.51880412706134,11.009979833939967],[106.52017857782141,11.010489038032821],[106.52173121717111,11.011203815436554],[106.5226048571198,11.011486595380688],[106.52314695080979,11.011789062669417],[106.52586562101014,11.013108351108325],[106.52969003202718,11.014798965714103],[106.53438640229359,11.017310848508583],[106.54397833131344,11.02215835372129],[106.54668000534386,11.023670446065005],[106.54753127037834,11.02400712406408],[106.54676604877173,11.025352895529672],[106.54857503672017,11.026407215294485],[106.55080644270471,11.02746396095735],[106.55115089302156,11.027309604102474],[106.55177442953124,11.027535251737538],[106.55394679641546,11.02858775033898],[106.55400658829225,11.028722052759706],[106.55355010246326,11.030025813807272],[106.55311429742353,11.030948109559578],[106.55101153038834,11.034513164757563],[106.54989600322536,11.035766448508962],[106.54929216263382,11.037564652042107],[106.54902207129687,11.03804622938189],[106.54748838337035,11.040118454456827],[106.54569271119388,11.043363314191055],[106.54569370019401,11.04355178922732],[106.54764842298295,11.043788644228048],[106.54798073033767,11.043921587931084],[106.54848800354878,11.044488939444596],[106.5492595250806,11.04433235054505],[106.54949266341484,11.044618420387831],[106.5499446450151,11.045037933390983],[106.55038853557579,11.04564601193962],[106.54932498001332,11.04642330048023],[106.54842902241153,11.047110098186621],[106.54745736447057,11.0489370361441],[106.54635839923404,11.05076471570471],[106.54538603146362,11.052466033577844],[106.54330258100536,11.053692860951209],[106.54048002500927,11.05431311951721],[106.53790339870812,11.05505322552181],[106.53520911837145,11.056767828373193],[106.53324893580742,11.05811510394229],[106.53178458703307,11.059576568023674],[106.5306931646867,11.062009995017473],[106.5294751655475,11.064565264923338],[106.52825285811247,11.06627233070953],[106.52666564901068,11.067734421430332],[106.52507467596487,11.069322126651448],[106.52398256892211,11.071634394493188],[106.52325905559822,11.07406593526044],[106.52259982275704,11.073984009891648],[106.52012095301437,11.074337584720265],[106.51808009202965,11.073302146739671],[106.51635595649174,11.072875470353424],[106.51525265735258,11.072131540734757],[106.51415538697846,11.071692752171822],[106.51289307461505,11.07095410714504],[106.51224699869658,11.06989373502296],[106.51174925100062,11.068522942619794],[106.51126301097426,11.067614402781839],[106.50887983073815,11.065359916872392],[106.50762285354392,11.06477385065929],[106.50575488579656,11.064652971985286],[106.5043496060269,11.064377211741338],[106.50185854520763,11.064115895667811],[106.49975305002759,11.063735860159964],[106.49855131905737,11.064177196771107],[106.49620981055484,11.062963592405172],[106.49294096470791,11.062526488496466],[106.48966974265885,11.061627070965576],[106.48924278779565,11.059847520103308],[106.48824407633744,11.059120881726558],[106.4878709652081,11.058997109264379],[106.48711656546762,11.058955893105711],[106.48687918133547,11.05873271305317],[106.48665959451027,11.058428627135854],[106.48609017988473,11.058135188541218],[106.48585243737543,11.057835700740249],[106.48588245853192,11.0574899320805],[106.4857626435826,11.057149508403265],[106.48546620748961,11.056926531343542],[106.4847420171291,11.056562047740888],[106.48308026269633,11.055888081233753],[106.4821839562036,11.055623179149572],[106.48034866103714,11.054761570997595],[106.47921418177935,11.054116354964844],[106.47834800173105,11.053523682492424],[106.47761808355564,11.052925842035329],[106.47780188859551,11.052426796791744],[106.47730916561858,11.052016370891943],[106.47685823792371,11.051798642852102],[106.47659021637993,11.051804465151415],[106.4762049023051,11.051963374927297],[106.47600932444941,11.051928462790412],[106.47589023416232,11.05174056453735],[106.4765256827394,11.050696220685104],[106.47655606208303,11.05042685436922],[106.4750894997894,11.048777946576745],[106.47396682303064,11.047769121755715],[106.47260759316411,11.046689702276783],[106.4722513169509,11.0462964575688],[106.47070335595704,11.043822218176556],[106.4696282474592,11.045052569641726],[106.46808515912991,11.046289774290457],[106.46498688344714,11.047224819195101],[106.46298115790998,11.048616824451553],[106.46205204354159,11.049083551991847],[106.46127598725303,11.049239883894666],[106.46050820214204,11.050163627330122],[106.46020910553202,11.051237682932614],[106.45897264036712,11.052011068953433],[106.45789058206414,11.052783722772823],[106.45614033764271,11.05531441131893],[106.45581967827495,11.054790889109253],[106.45483918981617,11.052206008908144],[106.45431605482061,11.049304878655633],[106.45408445948463,11.04563036579275],[106.45423283504677,11.045319987847309],[106.45388162280233,11.04318092666092],[106.4529178591725,11.041219800812009],[106.44888293358403,11.037375001505586],[106.4462828033312,11.035197304184267],[106.4443825799999,11.03308804670683],[106.44240940352859,11.02999177982942],[106.4411425796129,11.027322988644137],[106.44016809108865,11.025913880791869],[106.439046590198,11.024168881280803],[106.43942806157875,11.023215644249726]]]},"id":"3_00000000000000000003","properties":{"DAN_SO":40239,"DT_KM2":62.056,"OBJECTID":4,"Shape_Area":6.18775951106E7,"Shape_Leng":40792.3929424,"XA_MOI":"Nhuận Đức","area_km2":62.1329590832498,"green_km2":50.911994346036295,"green_km2_max":9.755738067626953E-5,"green_km2_mean":9.75425178516034E-5,"green_km2_min":9.752909088134766E-5,"green_km2_stdDev":5.563078420203927E-9,"green_km2_sum":50.911994346036295,"green_ratio":0.8194039861810071,"green_th":0.4,"ndvi_max":0.8835341334342957,"ndvi_mean":0.5734858642146111,"ndvi_min":-0.3884514570236206,"ndvi_std":0.17764348971097363,"ndvi_stdDev":0.17764348971097363,"ndvi_sum":363233.3746838054,"xa":"Nhuận Đức","year":2022.0}},{"type":"Feature","geometry":{"type":"Polygon","coordinates":[[[106.51649241970337,11.005629155233471],[106.51940958909752,11.00403937082371],[106.526311079537,10.999938823137045],[106.52803718397266,10.99904606304598],[106.52967618706754,10.998912126510223],[106.53074692654575,10.99865990891784],[106.53170124675992,10.997860733103806],[106.53301221911647,10.997526568872747],[106.53502634224817,10.99701821073496],[106.53742132428492,10.996382326826138],[106.53698905855495,10.994472710627095],[106.53754791142043,10.992764481305619],[106.53764815625804,10.991072109609277],[106.53697188661917,10.98940158189036],[106.53678991812848,10.98848247887067],[106.53731154956435,10.985701920993092],[106.53789710530133,10.98476097379742],[106.53998409911594,10.982546925549691],[106.54325277192702,10.978756110094748],[106.54538720028027,10.977816320879585],[106.54888100175661,10.976281692309577],[106.55740693043589,10.97294866898761],[106.559989726897,10.971795565525198],[106.56203755376904,10.970842657230136],[106.56268863644786,10.96940768242769],[106.56399260609068,10.966905856112927],[106.56496901499006,10.965173064207468],[106.56559996507704,10.964245315752441],[106.56632910723496,10.962993989072489],[106.57100128687306,10.955013125459693],[106.5753813230689,10.947657639732663],[106.57652458929591,10.9448558647252],[106.57861627691152,10.94022264473785],[106.58160902359751,10.93422504032602],[106.5832344997323,10.931600310512195],[106.5839815970082,10.929478183411915],[106.58597758606184,10.929081915443192],[106.58806226157876,10.928294707796892],[106.5985644523741,10.924640850265005],[106.60040148688417,10.924258788080271],[106.60334588289193,10.92375417523277],[106.60414763971933,10.925060426360307],[106.60672506304658,10.928102948319385],[106.61050541157798,10.932705402114438],[106.61350363819597,10.936275181022612],[106.617362352427,10.941061092373594],[106.6201987815519,10.944061783887115],[106.62378230321049,10.948314977145632],[106.62471832959591,10.949243372063894],[106.62529162189684,10.950285978845551],[106.62490468990124,10.952603685460284],[106.62469359549408,10.955530736924638],[106.62403998663443,10.958931338412167],[106.61974323433442,10.95967667932254],[106.61730982797815,10.960672391684538],[106.61579256045286,10.960604170387377],[106.6151371797246,10.961182026887796],[106.61395872257586,10.960761950306077],[106.6140333708957,10.960303807688048],[106.61395575463114,10.960227927618247],[106.61314289906534,10.960232222528381],[106.61188584796939,10.960409416127312],[106.60905915108677,10.960069848923148],[106.60936430305962,10.963595576325584],[106.6097545348731,10.964369838095571],[106.60929280410598,10.965480746315016],[106.60890985791211,10.966057213900571],[106.6086203553575,10.967108827892213],[106.60816312378213,10.968219693818611],[106.6081263402455,10.968982801220108],[106.608157457858,10.972213697396867],[106.60823507203818,10.972289587110492],[106.60966666745001,10.972475013966793],[106.60976280898234,10.972609177718939],[106.60982504468372,10.973201201702219],[106.60986641524659,10.97496015770818],[106.60915385337701,10.975058109840196],[106.60528548301798,10.975280493184018],[106.6042405411799,10.97522319417254],[106.6034491263408,10.975016396523744],[106.60309946580092,10.975018305986772],[106.60298300234682,10.975324016480227],[106.60287013627952,10.975441348052339],[106.60253864313593,10.975460987963544],[106.60102876396836,10.975083047134417],[106.5996159317066,10.975032065525552],[106.5980904250108,10.975129885125204],[106.59646573584193,10.975367258842953],[106.59457450733636,10.97587080511047],[106.59320497330451,10.976254987036583],[106.59344238615702,10.979027063908868],[106.59481003317576,10.979127645098588],[106.5946286449826,10.983423317457575],[106.58707711453673,10.983727576505807],[106.5838492271521,10.984013623555006],[106.58093558226231,10.984441692356572],[106.57743882899318,10.984540605683854],[106.5761171527562,10.984547458233664],[106.57319426115923,10.990962051023734],[106.57233264294868,10.992932163353906],[106.57070841842148,10.997576363587303],[106.56984429247265,10.999932471132329],[106.56826585538977,11.00207678449169],[106.56727513444898,11.003710950078698],[106.56704692219758,11.004362809148597],[106.5660928933176,11.00605515655176],[106.56548226311683,11.007395606405023],[106.56556004171583,11.00751186923072],[106.5670596905677,11.008495979751933],[106.56838086132159,11.009234081494117],[106.57486724191823,11.012615660471367],[106.57797458767664,11.014394588458472],[106.57949446627151,11.015746452493763],[106.57843813961497,11.016995058448552],[106.57783898431167,11.017927184199849],[106.57722823069628,11.018397043643148],[106.57758405381456,11.020378756405771],[106.57806343130709,11.020829501477335],[106.57855593861832,11.02204760520841],[106.57783161065635,11.024205512856174],[106.57770185234875,11.025431338265946],[106.57789006037011,11.026655499060462],[106.57774258727677,11.027118455645562],[106.57806298169348,11.027570102974902],[106.5783764525291,11.027564002241258],[106.57854856493834,11.02832594471817],[106.57868407882904,11.029038839077081],[106.57811927332442,11.029602745794671],[106.57762676701604,11.030098928337296],[106.57706385266464,11.03101285567462],[106.57706906815824,11.031995650016519],[106.57735520112207,11.032833367851309],[106.57771471127663,11.03381429115582],[106.57835864780499,11.034443690000003],[106.5792871931156,11.03478890360459],[106.57992430017892,11.034996524371874],[106.5806355962564,11.035481930073818],[106.58141991307191,11.036038859831345],[106.5819236686311,11.036808058528619],[106.58265862151706,11.03746845235525],[106.58144185456038,11.039296819486308],[106.58046779851155,11.041482896452854],[106.57999075365697,11.044034400617782],[106.57926723015845,11.046344825129413],[106.57804715529511,11.048415567345222],[106.57621696609422,11.05024713599737],[106.57475025423372,11.052072243650171],[106.57328741900263,11.05378069806821],[106.57156823169785,11.054274378436205],[106.57008788391936,11.053555028789818],[106.56885356422522,11.05210296160439],[106.5682280895773,11.049803932292974],[106.56784395769215,11.047620431034517],[106.56709835535513,11.045802295822144],[106.5650041726273,11.044964920812971],[106.56193253191796,11.044859630793336],[106.55763827939015,11.04548761444918],[106.55567186622584,11.04561888728622],[106.55296819009452,11.04551160455409],[106.55038853557579,11.04564601193962],[106.5499446450151,11.045037933390983],[106.54949266341484,11.044618420387831],[106.5492595250806,11.04433235054505],[106.54848800354878,11.044488939444596],[106.54798073033767,11.043921587931084],[106.54764842298295,11.043788644228048],[106.54569370019401,11.04355178922732],[106.54569271119388,11.043363314191055],[106.54748838337035,11.040118454456827],[106.54902207129687,11.03804622938189],[106.54929216263382,11.037564652042107],[106.54989600322536,11.035766448508962],[106.55101153038834,11.034513164757563],[106.55311429742353,11.030948109559578],[106.55355010246326,11.030025813807272],[106.55400658829225,11.028722052759706],[106.55394679641546,11.02858775033898],[106.55177442953124,11.027535251737538],[106.55115089302156,11.027309604102474],[106.55080644270471,11.02746396095735],[106.54857503672017,11.026407215294485],[106.54676604877173,11.025352895529672],[106.54753127037834,11.02400712406408],[106.54668000534386,11.023670446065005],[106.54397833131344,11.02215835372129],[106.53438640229359,11.017310848508583],[106.52969003202718,11.014798965714103],[106.52586562101014,11.013108351108325],[106.52314695080979,11.011789062669417],[106.5226048571198,11.011486595380688],[106.52173121717111,11.011203815436554],[106.52017857782141,11.010489038032821],[106.51880412706134,11.009979833939967],[106.51571625264836,11.008397613363725],[106.51407115467704,11.00648051034411],[106.51649241970337,11.005629155233471]]]},"id":"3_00000000000000000004","properties":{"DAN_SO":97766,"DT_KM2":59.075,"OBJECTID":5,"Shape_Area":5.93669067075E7,"Shape_Leng":48438.2013139,"XA_MOI":"Phú Hòa Đông","area_km2":59.609127551109395,"green_km2":45.0021529994807,"green_km2_max":9.757762908935547E-5,"green_km2_mean":9.75579859464696E-5,"green_km2_min":9.753582000732422E-5,"green_km2_stdDev":1.0719544537254542E-8,"green_km2_sum":45.0021529994807,"green_ratio":0.7549540623773675,"green_th":0.4,"ndvi_max":0.8724653124809265,"ndvi_mean":0.5435469729173424,"ndvi_min":-0.36674708127975464,"ndvi_std":0.20271463607328186,"ndvi_stdDev":0.20271463607328186,"ndvi_sum":329502.5105689357,"xa":"Phú Hòa Đông","year":2022.0}},{"type":"Feature","geometry":{"type":"Polygon","coordinates":[[[106.4410439982632,10.952728662821132],[106.44379476790601,10.950538911415318],[106.45461963652261,10.942579699354598],[106.46032225531111,10.939455833540338],[106.46846389733064,10.935512305527876],[106.47292333492517,10.9336148520465],[106.48716609168721,10.926513311578052],[106.49034783864579,10.932543036213342],[106.49184282149687,10.935443884662542],[106.49267319233572,10.93711834682965],[106.49422715772538,10.939996438286778],[106.4943281910407,10.940215879159863],[106.49478158313374,10.940985541860186],[106.49589214619598,10.94327791576402],[106.49608073126133,10.943743710146018],[106.49655749806996,10.944634481177829],[106.49662653226733,10.94481820444051],[106.4969061749308,10.945332879168324],[106.49717709877771,10.945932931990015],[106.49725026805152,10.946031283118126],[106.49742492159271,10.946438869440971],[106.4974800233318,10.946568710927865],[106.49768182346166,10.946949222537091],[106.49786007291286,10.947177238917352],[106.49812146975816,10.947687595679396],[106.49809908741588,10.947745984943099],[106.49799481629438,10.947777987091094],[106.49783589282215,10.947787679932087],[106.49747310190538,10.94790619161841],[106.49735552757963,10.94799199952261],[106.49756550746123,10.949108484267976],[106.49770420575966,10.949596966930649],[106.49783094893776,10.950426624888106],[106.49781360039897,10.950588217096684],[106.49830789948051,10.95133975650957],[106.49883393061707,10.95209121125587],[106.49939708741415,10.952986006358087],[106.49965830638448,10.953455901315447],[106.50006523692494,10.953987982914052],[106.50009570955498,10.955540622757205],[106.4997052287527,10.956462567342069],[106.49927627599698,10.95695837563046],[106.49826987643311,10.956420249142962],[106.49811598653353,10.956537738835243],[106.49803976073699,10.956726592763117],[106.49902836111792,10.957323113887087],[106.49916544236929,10.957497429108594],[106.49893595492134,10.957915977849039],[106.4988783359029,10.958207959766247],[106.49909245220994,10.958341522446897],[106.49909407021812,10.958646729043457],[106.49901721484304,10.958723385616551],[106.49874907519805,10.958684298070336],[106.49864983754792,10.958819435272584],[106.49861558978276,10.95924144711534],[106.49910242992728,10.959414094237326],[106.49898818059751,10.9601820785007],[106.49891141515026,10.960258731880792],[106.49841181120053,10.960261189100862],[106.49841315953633,10.960530504659342],[106.49833630440928,10.960607163418523],[106.49802726618098,10.960568254363823],[106.49795301797135,10.961143056912434],[106.49822133638258,10.961218047260001],[106.49834268652987,10.961872697738436],[106.49849774515297,10.961988613783019],[106.49912013812947,10.96202594239221],[106.49941416641472,10.962697710748026],[106.4993969076352,10.96287281847524],[106.49974513974078,10.963485930338049],[106.49970963334336,10.96363871688278],[106.49924903950401,10.964174991072257],[106.49964005879964,10.965164889878775],[106.49968482381351,10.968638298376797],[106.49937722184154,10.968877648675592],[106.49928211880946,10.968936493559333],[106.49972015042754,10.970240334512663],[106.50149808452497,10.969737861651216],[106.50214044207058,10.971929309549601],[106.50296815671807,10.97393577811875],[106.50214304889919,10.974245053550515],[106.50266953904823,10.975059185857567],[106.50267924726205,10.976086864821735],[106.50277498106102,10.976162734446298],[106.50323791976237,10.976093095495706],[106.50463860765954,10.975538670491469],[106.50487025870935,10.975533008293189],[106.50502990661212,10.975680339421553],[106.50548538921409,10.976817997497422],[106.50508725763369,10.9771341489231],[106.503810077443,10.977854015029667],[106.50292626751917,10.97822190762165],[106.50714651121079,10.981059768461346],[106.50632929760476,10.982019727517677],[106.50535288835194,10.98115399200994],[106.50393457700224,10.980025542818474],[106.50273147386437,10.981018787183165],[106.4996909363061,10.984242642567676],[106.49829082056948,10.985829302879653],[106.49676954458923,10.986792673519059],[106.49847653132882,10.990221982297161],[106.49973039784341,10.99205583184841],[106.50272733888335,10.994563216420858],[106.50540736291613,10.997269622989107],[106.50796489658718,10.999989989115385],[106.50910582313959,11.001043479935616],[106.51139021176063,11.003626127670742],[106.51232565678349,11.004465203967998],[106.51407115467704,11.00648051034411],[106.51047301939333,11.007274790299554],[106.5083080189031,11.007622141086161],[106.50474405065538,11.00799440904661],[106.49979251157652,11.008831180369441],[106.49958828240992,11.008872615831836],[106.49632765390643,11.009045717504947],[106.49243706035158,11.00861162288637],[106.48885987743355,11.008171409072144],[106.48909142126882,11.007250233786856],[106.48916009348011,11.00644656870148],[106.48939514316855,11.005314461889403],[106.48985715364584,11.005042980021349],[106.49006595754622,11.002304290398193],[106.49030613172462,11.001288918720977],[106.49057309211706,11.001090128699405],[106.49064194458293,11.000326861756024],[106.49157154496078,10.996390902401558],[106.49104966669577,10.996492188777541],[106.48744005907982,10.99769910850511],[106.48574089173867,10.998546723309836],[106.48575940777098,10.98681520238966],[106.48392462070221,10.98687802562372],[106.48271273342877,10.987952044965683],[106.48155792811238,10.98864431555193],[106.47791019433,10.990412382911886],[106.47767830328203,10.990373119992983],[106.47763480126899,10.989834776526832],[106.47628291778733,10.99018244137517],[106.47605282612581,10.990488687646325],[106.47582129664586,10.990530262262743],[106.47533882454348,10.990317139155266],[106.47467965152183,10.990221662561634],[106.47417579091027,10.990277890890278],[106.47394489265017,10.990431632593731],[106.47308277885291,10.991526366180812],[106.4724269383992,10.992104020335484],[106.47169092912597,10.992067143481549],[106.47129016511815,10.992778239447562],[106.470885806784,10.9927576859645],[106.47062372475915,10.993948298996104],[106.47054687978309,10.994024996634126],[106.46967372510213,10.993813722931963],[106.46845419069521,10.993370850287514],[106.46825978845261,10.993564762223865],[106.46678834098482,11.000039014945859],[106.46662377893976,11.0007488708068],[106.46648851640525,11.000964958749014],[106.46378238530454,11.001193399465222],[106.46364317013963,11.002437220000802],[106.46380000065801,11.003850179140391],[106.46411123543845,11.005239932721862],[106.46418879705112,11.005315930099853],[106.46531016322726,11.005184790578845],[106.46546501774395,11.005260341757456],[106.46571747668771,11.006713224471195],[106.46481495309166,11.007009350217023],[106.46398424296426,11.007116562733305],[106.46189413585064,11.008845493270691],[106.46237370106745,11.00937275200061],[106.46339817324386,11.010781528254405],[106.4638773824069,11.012156985800603],[106.46343529124377,11.014609577598147],[106.46266677922647,11.015380720886679],[106.46079606505815,11.014626752729894],[106.45939162491015,11.014480926835885],[106.45830821636248,11.014948387938004],[106.45661009371946,11.016029132986949],[106.45490281807531,11.016194433623527],[106.45381862394372,11.016504835453107],[106.45241881397364,11.016363389692492],[106.45039954888786,11.016835321525676],[106.44965651744982,11.012593248554216],[106.44886478027956,11.011398752456786],[106.44763961561108,11.009806891543555],[106.44706680214517,11.008781908395878],[106.44435741754643,11.004652371537112],[106.44301302801549,11.002832160728323],[106.4414292476129,11.000348884801591],[106.4385589908111,10.998589669205813],[106.43802646097399,10.997438847291411],[106.43693166082595,10.995554510932676],[106.43656151669401,10.995094030012094],[106.43597795017506,10.994652507045648],[106.43485323680791,10.994078863666426],[106.43356794740032,10.993196244593664],[106.43244306732645,10.992582242007316],[106.43145379253365,10.991850856734013],[106.43085101027071,10.991180511886084],[106.42917701364708,10.98974319260706],[106.42799267074359,10.989053157418883],[106.4309556074255,10.9836580695543],[106.43288554219522,10.979793833073307],[106.43286127973897,10.979470796282694],[106.43222569425348,10.976704723147375],[106.43165229411113,10.974593507754474],[106.43108186093407,10.973097194734352],[106.43048429162349,10.970676529522203],[106.42979210182862,10.968413334823007],[106.42909218643499,10.967375342267184],[106.42640190575455,10.964228380692708],[106.42567145010156,10.96345089196037],[106.4410439982632,10.952728662821132]]]},"id":"3_00000000000000000005","properties":{"DAN_SO":84342,"DT_KM2":53.508,"OBJECTID":6,"Shape_Area":5.27078163182E7,"Shape_Leng":40995.4829881,"XA_MOI":"Tân An Hội","area_km2":52.92711879383533,"green_km2":38.878444938847366,"green_km2_max":9.757673645019532E-5,"green_km2_mean":9.756229808558586E-5,"green_km2_min":9.754770660400391E-5,"green_km2_stdDev":6.889817161541096E-9,"green_km2_sum":38.878444938847366,"green_ratio":0.7345656787079013,"green_th":0.4,"ndvi_max":0.8750246167182922,"ndvi_mean":0.5235920811746756,"ndvi_min":-0.3242320716381073,"ndvi_std":0.20509575932202065,"ndvi_stdDev":0.20509575932202065,"ndvi_sum":282912.51538101933,"xa":"Tân An Hội","year":2022.0}},{"type":"Feature","geometry":{"type":"Polygon","coordinates":[[[106.36117291579755,10.983857107558471],[106.37281563527566,10.968257948251768],[106.39162764790873,10.970878933440263],[106.40203488269,10.972101302108102],[106.41306891109068,10.973311513276485],[106.41622598851939,10.970518746467674],[106.41869698142312,10.968626721660321],[106.42567145010156,10.96345089196037],[106.42640190575455,10.964228380692708],[106.42909218643499,10.967375342267184],[106.42979210182862,10.968413334823007],[106.43048429162349,10.970676529522203],[106.43108186093407,10.973097194734352],[106.43165229411113,10.974593507754474],[106.43222569425348,10.976704723147375],[106.43286127973897,10.979470796282694],[106.43288554219522,10.979793833073307],[106.4309556074255,10.9836580695543],[106.42799267074359,10.989053157418883],[106.42917701364708,10.98974319260706],[106.43085101027071,10.991180511886084],[106.43145379253365,10.991850856734013],[106.43244306732645,10.992582242007316],[106.43356794740032,10.993196244593664],[106.43485323680791,10.994078863666426],[106.43597795017506,10.994652507045648],[106.43656151669401,10.995094030012094],[106.43693166082595,10.995554510932676],[106.43802646097399,10.997438847291411],[106.4385589908111,10.998589669205813],[106.4414292476129,11.000348884801591],[106.44301302801549,11.002832160728323],[106.44435741754643,11.004652371537112],[106.44706680214517,11.008781908395878],[106.44763961561108,11.009806891543555],[106.44886478027956,11.011398752456786],[106.44965651744982,11.012593248554216],[106.45039954888786,11.016835321525676],[106.44806774392792,11.016541322293996],[106.44657235413216,11.016382368549056],[106.44645013524728,11.017397206427502],[106.44648931717612,11.018909498104792],[106.44637635461683,11.019026754538283],[106.44595425082927,11.019109509491084],[106.44595649749398,11.019567232974742],[106.44453238652677,11.020045325902581],[106.44445555113212,11.020121970439106],[106.4444455760128,11.020867019247854],[106.44431464138248,11.021042652942977],[106.44153969128293,11.02211498357733],[106.43971328939935,11.023016780978557],[106.43942806157875,11.023215644249726],[106.439046590198,11.024168881280803],[106.44016809108865,11.025913880791869],[106.4411425796129,11.027322988644137],[106.44240940352859,11.02999177982942],[106.4443825799999,11.03308804670683],[106.4462828033312,11.035197304184267],[106.44888293358403,11.037375001505586],[106.4529178591725,11.041219800812009],[106.45388162280233,11.04318092666092],[106.45423283504677,11.045319987847309],[106.45408445948463,11.04563036579275],[106.45431605482061,11.049304878655633],[106.45483918981617,11.052206008908144],[106.45581967827495,11.054790889109253],[106.45614033764271,11.05531441131893],[106.45544258061156,11.056628204354574],[106.45531757054957,11.059846732280876],[106.45472397598377,11.062914811575322],[106.45139808017883,11.073042165631445],[106.45096859700567,11.07718208327363],[106.4508923883239,11.081077958124776],[106.45058530716024,11.086070017841932],[106.44981819036919,11.087146358853877],[106.44661243475264,11.0931397186642],[106.44493795206684,11.097285616110272],[106.44510681063065,11.09835743996182],[106.44652139963249,11.100491395353584],[106.44668423839465,11.101258080681696],[106.44455152798037,11.105558760000065],[106.44215095177374,11.10623894057569],[106.44020511509912,11.106966378325078],[106.4379472016714,11.10984496861236],[106.4362540073083,11.110216577761832],[106.43508624859436,11.107453048714973],[106.43552306776712,11.106634136060354],[106.43519597000788,11.105729187316015],[106.4346290317292,11.104080311498434],[106.43434273252865,11.103157161490055],[106.43421746551948,11.102619213756748],[106.43409121010943,11.10188373814915],[106.43388156339475,11.100839051704842],[106.43356597045286,11.100418650582395],[106.43344789280656,11.100419220266783],[106.43294386196271,11.10050690704654],[106.43267086448608,11.10043188349087],[106.43255179887846,11.100239515684105],[106.4324604104545,11.099194259632132],[106.43229982931899,11.09888534098042],[106.43210411280316,11.098814441334065],[106.43124927050876,11.098706303882862],[106.43113002599384,11.098477970112018],[106.43119436590446,11.097701262978982],[106.43101913854088,11.096234577343536],[106.43084633754681,11.09526592602794],[106.43076249811463,11.094844480650382],[106.43061620602448,11.092794199367562],[106.4305330855645,11.092525302848525],[106.43021857601647,11.09233380983521],[106.42925006931402,11.092194750812542],[106.42855051518013,11.092242959098572],[106.42843217080208,11.092203138659972],[106.42761930759193,11.092292291732237],[106.42711987364656,11.092375431929632],[106.42661531898044,11.092341916449795],[106.42606898155951,11.092120082038832],[106.42579051177178,11.091852120310545],[106.42570703380868,11.091502441513152],[106.42577011403174,11.090456414331358],[106.42587650579034,11.089912880525402],[106.42597499010188,11.088673765087186],[106.42600473309201,11.088247269430418],[106.42606745397333,11.087124930768203],[106.42617222843909,11.08623588453629],[106.42626630984397,11.085032620888914],[106.42635158519424,11.082940835924889],[106.42626253580399,11.082375753393777],[106.42617914750943,11.082035032925525],[106.42582780279949,11.081736004590063],[106.42557799797042,11.080826166041625],[106.42564323474215,11.08021095284715],[106.42565320896111,11.078532396999016],[106.42579563367157,11.077916914836745],[106.42612649069412,11.076806837629293],[106.42679566455934,11.075187931256252],[106.42681866829166,11.074308224460722],[106.4267292592682,11.073662347107156],[106.42659761690663,11.072747436017416],[106.4261508422231,11.071497379860832],[106.42599008624134,11.071157071478883],[106.42546819177002,11.0703292844859],[106.42530689717002,11.069872262428996],[106.42513437049404,11.068961987857305],[106.42517507599375,11.068921424004719],[106.42517040339735,11.068885550332979],[106.4251212512839,11.0681228103078],[106.42522719342223,11.067471543229715],[106.4247820391177,11.06656257758473],[106.42385102812023,11.06665675134031],[106.42307852848273,11.066637895450267],[106.42241466811315,11.066533312899637],[106.42183248911513,11.066392483197857],[106.42148151117729,11.066174227629519],[106.42135759975304,11.06590548057737],[106.42127358443493,11.065452604992638],[106.4209940428029,11.064960266952419],[106.42035930228778,11.064285539438606],[106.42014966941524,11.063222895790405],[106.42090939864137,11.062478794841649],[106.42113493677034,11.062132167981895],[106.42050486831603,11.061497831962072],[106.42088405931311,11.060993403492436],[106.42168395690469,11.060096486028302],[106.42189781456739,11.059215827676722],[106.42139246387364,11.05899830036493],[106.42104202581426,11.058887742623288],[106.42080489639612,11.05870489607087],[106.42087633171715,11.05843525752662],[106.4209115551801,11.058206178322802],[106.42098182241227,11.057707730274165],[106.42101129512032,11.05720937877491],[106.42091577840183,11.056258382195459],[106.42065933015759,11.05488628254435],[106.42061700814071,11.054585752082344],[106.42048662762913,11.053940088372466],[106.42019513627832,11.052832950047115],[106.42026109020414,11.052374819251764],[106.42097256726397,11.051056484011497],[106.42157765714839,11.050281712512286],[106.42397377288904,11.047828972061444],[106.42401438830436,11.047788425998927],[106.42385435283116,11.047560273870603],[106.42361713034634,11.047372943059102],[106.42318482900693,11.04722679448085],[106.42247433279164,11.0468577067486],[106.42262259599755,11.046511432434936],[106.42299595017562,11.04573770935586],[106.42360113580976,11.04499886611209],[106.42284804612977,11.044270819056912],[106.42195100944875,11.043844160153094],[106.4219864128064,11.043651067013986],[106.42221150282298,11.043223629880808],[106.42220584187345,11.042994771305015],[106.42205048031923,11.04280699450235],[106.42161836195145,11.042696787912648],[106.42149966209553,11.042585149729975],[106.42161198216942,11.042315383833072],[106.4219200090517,11.042120954511782],[106.42191389882908,11.041811284076818],[106.42179034657156,11.041623414702505],[106.4214345164805,11.041324360652107],[106.42119666776706,11.04097989440852],[106.4207994151964,11.040568842759532],[106.42055680486193,11.040188518100809],[106.42082322696673,11.039841649386117],[106.42062221976866,11.039613773720964],[106.42018803769628,11.039086224546086],[106.41989726560729,11.038131617018028],[106.41969059842445,11.037674811035547],[106.41960191130948,11.037181524935633],[106.41967765926853,11.036871506264795],[106.4196310244008,11.03660697275212],[106.41939416615908,11.036495873094207],[106.4188898099611,11.036466821560573],[106.41837422315265,11.03601594417325],[106.417869599869,11.035946445084445],[106.41751476489357,11.03583595139127],[106.41688605523521,11.035466328147272],[106.41633435217324,11.035056068869087],[106.41514846511669,11.034078692215784],[106.41475176323861,11.033779893808738],[106.41395755308329,11.032989221930556],[106.41312731514924,11.03227495288071],[106.41215565345928,11.031453720231413],[106.41150207111846,11.03061747682506],[106.41109917645949,11.029973079538856],[106.41100977420487,11.029322774622617],[106.41071955408628,11.028484879274771],[106.41039267507087,11.027570771510286],[106.41025124929047,11.026503358428764],[106.41009032591822,11.02608667002384],[106.40964637213705,11.025402102392022],[106.4092844530207,11.024757461752353],[106.40932506556138,11.024716929627274],[106.40932039332178,11.024680986096827],[106.4092784330209,11.024452331672721],[106.40942596799219,11.023948948824692],[106.4094562477161,11.023643650287141],[106.40929604376711,11.02337957706006],[106.40905928717642,11.023268460522285],[106.40898219533544,11.023309256284815],[106.40879162227118,11.023350568555111],[106.4085141640167,11.023279987502665],[106.408435994174,11.023087369116672],[106.40850194436119,11.02262478647883],[106.4086551393593,11.022354821966696],[106.40869054044826,11.022166188836062],[106.40860221743804,11.021744667338844],[106.40851281626054,11.021094326066134],[106.40868487986765,11.020020913937564],[106.40893421511322,11.018942579292572],[106.40896997565231,11.018825749161293],[106.40906629552703,11.018057821656502],[106.40901337350077,11.017447695548064],[106.40888928982159,11.017143105505147],[106.40828585424852,11.016351538374787],[106.4081557510378,11.015737259689356],[106.40895137657719,11.014921227157942],[106.4094432193477,11.014223318836756],[106.4098640809864,11.013871294865694],[106.41032097380547,11.013483254124397],[106.41073653599537,11.012974144818568],[106.41110968908895,11.012164547012093],[106.41151393154401,11.011202201517841],[106.41198978675318,11.010006230197119],[106.41213768306218,11.009579146325963],[106.41185914210625,11.009279775633006],[106.41078245005274,11.008301898359996],[106.41003129375771,11.007973239133383],[106.40791072953614,11.00720216668511],[106.40578587425686,11.006476008688425],[106.40577976450948,11.00613040706989],[106.40580968430349,11.00574428874133],[106.40537795916609,11.005714900314715],[106.40510472838396,11.005568015048116],[106.4049339256349,11.00499440084277],[106.40479861329932,11.004232021108248],[106.40452592237381,11.004197358690408],[106.40327604114968,11.004064062785135],[106.40268466154883,11.003882765500014],[106.40044638323072,11.003192907545355],[106.39938628226135,11.002829785097582],[106.39812556073065,11.002315007587706],[106.39722476768613,11.002022901853607],[106.39534152453221,11.001484043160989],[106.39416330460972,11.001121396695765],[106.39235735466177,11.0005776647317],[106.39094277527562,11.000180234574772],[106.38953817806113,10.99997572911912],[106.38852017897936,10.999877185954544],[106.38424438613069,10.999622876231227],[106.38162700821965,10.99944181877227],[106.37993193820606,10.999296946758115],[106.37930801436701,10.999932539903421],[106.37200954850744,10.99927893066113],[106.36875208461076,10.999172403186112],[106.36515591735524,10.997545957494525],[106.36451577887415,10.996642269139258],[106.36420029176836,10.996185878646141],[106.36433683510317,10.995265183606065],[106.35946579762626,10.99197927714757],[106.35588165025239,10.990963005430226],[106.36117291579755,10.983857107558471]]]},"id":"3_00000000000000000006","properties":{"DAN_SO":49862,"DT_KM2":62.445,"OBJECTID":7,"Shape_Area":6.26979176182E7,"Shape_Leng":50253.2798163,"XA_MOI":"Thái Mỹ","area_km2":62.96127112290408,"green_km2":51.990180804420355,"green_km2_max":9.756489562988282E-5,"green_km2_mean":9.7545843746612E-5,"green_km2_min":9.751744079589843E-5,"green_km2_stdDev":1.2297546331044315E-8,"green_km2_sum":51.990180804420355,"green_ratio":0.8257485892070457,"green_th":0.4,"ndvi_max":0.9007782340049744,"ndvi_mean":0.5734554128237038,"ndvi_min":-0.4289468228816986,"ndvi_std":0.16842324656367114,"ndvi_stdDev":0.16842324656367114,"ndvi_sum":362087.888474904,"xa":"Thái Mỹ","year":2022.0}},{"type":"Feature","geometry":{"type":"Polygon","coordinates":[[[106.4379472016714,11.10984496861236],[106.44020511509912,11.106966378325078],[106.44215095177374,11.10623894057569],[106.44455152798037,11.105558760000065],[106.44668423839465,11.101258080681696],[106.44652139963249,11.100491395353584],[106.44510681063065,11.09835743996182],[106.44493795206684,11.097285616110272],[106.44661243475264,11.0931397186642],[106.44981819036919,11.087146358853877],[106.45058530716024,11.086070017841932],[106.4508923883239,11.081077958124776],[106.45096859700567,11.07718208327363],[106.45139808017883,11.073042165631445],[106.45472397598377,11.062914811575322],[106.45531757054957,11.059846732280876],[106.45544258061156,11.056628204354574],[106.45614033764271,11.05531441131893],[106.45789058206414,11.052783722772823],[106.45897264036712,11.052011068953433],[106.46020910553202,11.051237682932614],[106.46050820214204,11.050163627330122],[106.46127598725303,11.049239883894666],[106.46205204354159,11.049083551991847],[106.46298115790998,11.048616824451553],[106.46498688344714,11.047224819195101],[106.46808515912991,11.046289774290457],[106.4696282474592,11.045052569641726],[106.47070335595704,11.043822218176556],[106.4722513169509,11.0462964575688],[106.47260759316411,11.046689702276783],[106.47396682303064,11.047769121755715],[106.4750894997894,11.048777946576745],[106.47655606208303,11.05042685436922],[106.4765256827394,11.050696220685104],[106.47589023416232,11.05174056453735],[106.47600932444941,11.051928462790412],[106.4762049023051,11.051963374927297],[106.47659021637993,11.051804465151415],[106.47685823792371,11.051798642852102],[106.47730916561858,11.052016370891943],[106.47780188859551,11.052426796791744],[106.47761808355564,11.052925842035329],[106.47834800173105,11.053523682492424],[106.47921418177935,11.054116354964844],[106.48034866103714,11.054761570997595],[106.4821839562036,11.055623179149572],[106.48308026269633,11.055888081233753],[106.4847420171291,11.056562047740888],[106.48546620748961,11.056926531343542],[106.4857626435826,11.057149508403265],[106.48588245853192,11.0574899320805],[106.48585243737543,11.057835700740249],[106.48609017988473,11.058135188541218],[106.48665959451027,11.058428627135854],[106.48687918133547,11.05873271305317],[106.48711656546762,11.058955893105711],[106.4878709652081,11.058997109264379],[106.48824407633744,11.059120881726558],[106.48924278779565,11.059847520103308],[106.48966974265885,11.061627070965576],[106.49294096470791,11.062526488496466],[106.49620981055484,11.062963592405172],[106.49855131905737,11.064177196771107],[106.49975305002759,11.063735860159964],[106.50185854520763,11.064115895667811],[106.5043496060269,11.064377211741338],[106.50575488579656,11.064652971985286],[106.50762285354392,11.06477385065929],[106.50887983073815,11.065359916872392],[106.51126301097426,11.067614402781839],[106.51174925100062,11.068522942619794],[106.51224699869658,11.06989373502296],[106.51289307461505,11.07095410714504],[106.51415538697846,11.071692752171822],[106.51525265735258,11.072131540734757],[106.51635595649174,11.072875470353424],[106.51808009202965,11.073302146739671],[106.52012095301437,11.074337584720265],[106.52259982275704,11.073984009891648],[106.52325905559822,11.07406593526044],[106.52375853843921,11.07575978234276],[106.52450776490643,11.078305100386116],[106.52624608119116,11.08145575562927],[106.52871729095581,11.083987783586464],[106.5310640139076,11.086161449098455],[106.53279096611662,11.087974707195492],[106.53354103359929,11.089792977714323],[106.53342209068268,11.091373218907036],[106.5320776717485,11.092349453014672],[106.52998886760976,11.092602413128269],[106.52728228125851,11.092010245234201],[106.52518525346494,11.09068347512656],[106.52321869067559,11.08996644854035],[106.52235790378721,11.090455428320256],[106.52089084330574,11.091432245767136],[106.5197915659626,11.093259815443513],[106.51845460499881,11.095694501465022],[106.51698981896558,11.098008597294122],[106.51626570023933,11.100318996242212],[106.51651795037988,11.101650588794183],[106.51799513898787,11.102616986340324],[106.5205791650566,11.103209831434395],[106.52353765468354,11.104164246641716],[106.52538546181702,11.105613401777466],[106.52613748095649,11.107795178070958],[106.52676921505395,11.111310349899046],[106.52727760639,11.114705039491604],[106.5268020289584,11.117620040240695],[106.52657242163475,11.120659455798007],[106.52534662479816,11.121756186593176],[106.52325510001526,11.121524427791456],[106.51969636385061,11.122269484584839],[106.5167629191753,11.125318057752693],[106.51431764887023,11.127879440798004],[106.51236826700507,11.131412174811736],[106.51139920121838,11.133844975134128],[106.51067492183121,11.136155331608563],[106.50945092496967,11.137615527774646],[106.5083566511653,11.139564270884511],[106.50743956184915,11.141507620723218],[106.50750383527969,11.14163299343901],[106.50627994666978,11.142244998238828],[106.50418699221832,11.14177074965147],[106.50209091233303,11.140686203046025],[106.4997054085319,11.140760978439188],[106.49837882192054,11.141719020192317],[106.49659884667504,11.142899236773696],[106.49521771776426,11.14388450058998],[106.49353979089496,11.14457501789625],[106.49196075229345,11.14507204308343],[106.4901808312396,11.145377037542618],[106.48869529809987,11.145483146083608],[106.48710721750733,11.145096119568766],[106.4854222544477,11.144422284005776],[106.4836378945356,11.14384318298667],[106.48145303600718,11.14317189425859],[106.4794761846452,11.143181593064389],[106.47660603521408,11.143586221178403],[106.47265118401377,11.144287789689317],[106.4711665836375,11.144591223554478],[106.47028075371504,11.145573930527764],[106.46919594071336,11.146750597058213],[106.46820873879511,11.14744208070586],[106.46653498199697,11.149012048164996],[106.46683390788742,11.149697236538028],[106.46772808171382,11.150375014223634],[106.46882412167405,11.151446724570942],[106.46971884324776,11.152223254467568],[106.47032110850743,11.153589140977141],[106.47032937719636,11.15524959175904],[106.46963948205386,11.156330102524777],[106.46825628328207,11.156924748084913],[106.4672700744207,11.156925140025324],[106.46598179946056,11.157425100233526],[106.46490204168587,11.158700403260868],[106.46391665747505,11.159777846034146],[106.46312971952747,11.160567059315087],[106.46223799190857,11.160373980385813],[106.4612442620253,11.159790915492167],[106.46005110935822,11.159307561439128],[106.4589658999534,11.15951025328332],[106.45748310408361,11.160204118689467],[106.45629581447498,11.160892103773257],[106.45510907082806,11.160799064085982],[106.45351908754749,11.160025893221002],[106.45242798064942,11.159052852395115],[106.45152991794012,11.157589671080705],[106.45092581948748,11.155833328247784],[106.45072019994244,11.15378333459642],[106.45150520397036,11.152603709082168],[106.45249349543217,11.152109712508754],[106.45368157228403,11.152494436311848],[106.45477717924325,11.153467426951053],[106.455866321241,11.154050097664475],[106.45665727608888,11.1531666143625],[106.45713880647901,11.151306284067061],[106.45742756347633,11.149056458435735],[106.45711597914547,11.146710810537947],[106.45631450765104,11.144564928074782],[106.45551303922724,11.142419161256054],[106.45441554113799,11.141055636048298],[106.45302022065263,11.13920443476015],[106.45172780954158,11.137936078446904],[106.45053785655537,11.13716090144527],[106.44904936890435,11.13667889224121],[106.44780443232773,11.136738777979899],[106.44783876167111,11.13540568903863],[106.44769245759767,11.134297900503325],[106.44775401673155,11.132049108330941],[106.4476059153715,11.131511320910917],[106.4469524912682,11.130782949053112],[106.44618071475227,11.13001468728562],[106.44532949924886,11.128825039522003],[106.4445420920523,11.127644019359957],[106.4445026408911,11.127024861520644],[106.44332243454458,11.123597236281473],[106.44217476598672,11.120317575342087],[106.44202325371961,11.118155106323792],[106.44158884727203,11.116689634374174],[106.44035177337993,11.115560096865824],[106.4397433039438,11.115648243620226],[106.4386059893754,11.11446437333371],[106.4378982262671,11.11377213004075],[106.43690245545054,11.112726706940686],[106.43647057582317,11.111750421847212],[106.4362540073083,11.110216577761832],[106.4379472016714,11.10984496861236]]]},"id":"4_00000000000000000000","properties":{"DAN_SO":40898,"DT_KM2":77.699,"OBJECTID":1,"Shape_Area":7.79554584335E7,"Shape_Leng":42981.2296077,"XA_MOI":"An Nhơn Tây","area_km2":78.27929988169157,"green_km2":64.47722459186633,"green_km2_max":9.75389633178711E-5,"green_km2_mean":9.752019030118178E-5,"green_km2_min":9.750122833251953E-5,"green_km2_stdDev":8.250665068920523E-9,"green_km2_sum":64.47722459186633,"green_ratio":0.8236816717742087,"green_th":0.4,"ndvi_max":0.8837635517120361,"ndvi_mean":0.5935767142651389,"ndvi_min":-0.48498404026031494,"ndvi_std":0.20028506149017597,"ndvi_stdDev":0.20028506149017597,"ndvi_sum":468846.0999060256,"xa":"An Nhơn Tây","year":2023.0}},{"type":"Feature","geometry":{"type":"Polygon","coordinates":[[[106.5660928933176,11.00605515655176],[106.56704692219758,11.004362809148597],[106.56727513444898,11.003710950078698],[106.56826585538977,11.00207678449169],[106.56984429247265,10.999932471132329],[106.57070841842148,10.997576363587303],[106.57233264294868,10.992932163353906],[106.57319426115923,10.990962051023734],[106.5761171527562,10.984547458233664],[106.57743882899318,10.984540605683854],[106.58093558226231,10.984441692356572],[106.5838492271521,10.984013623555006],[106.58707711453673,10.983727576505807],[106.5946286449826,10.983423317457575],[106.59481003317576,10.979127645098588],[106.59344238615702,10.979027063908868],[106.59320497330451,10.976254987036583],[106.59457450733636,10.97587080511047],[106.59646573584193,10.975367258842953],[106.5980904250108,10.975129885125204],[106.5996159317066,10.975032065525552],[106.60102876396836,10.975083047134417],[106.60253864313593,10.975460987963544],[106.60287013627952,10.975441348052339],[106.60298300234682,10.975324016480227],[106.60309946580092,10.975018305986772],[106.6034491263408,10.975016396523744],[106.6042405411799,10.97522319417254],[106.60528548301798,10.975280493184018],[106.60915385337701,10.975058109840196],[106.60986641524659,10.97496015770818],[106.60982504468372,10.973201201702219],[106.60976280898234,10.972609177718939],[106.60966666745001,10.972475013966793],[106.60823507203818,10.972289587110492],[106.608157457858,10.972213697396867],[106.6081263402455,10.968982801220108],[106.60816312378213,10.968219693818611],[106.6086203553575,10.967108827892213],[106.60890985791211,10.966057213900571],[106.60929280410598,10.965480746315016],[106.6097545348731,10.964369838095571],[106.60936430305962,10.963595576325584],[106.60905915108677,10.960069848923148],[106.61188584796939,10.960409416127312],[106.61314289906534,10.960232222528381],[106.61395575463114,10.960227927618247],[106.6140333708957,10.960303807688048],[106.61395872257586,10.960761950306077],[106.6151371797246,10.961182026887796],[106.61579256045286,10.960604170387377],[106.61730982797815,10.960672391684538],[106.61974323433442,10.95967667932254],[106.62403998663443,10.958931338412167],[106.62469359549408,10.955530736924638],[106.62490468990124,10.952603685460284],[106.62529162189684,10.950285978845551],[106.62471832959591,10.949243372063894],[106.62378230321049,10.948314977145632],[106.6201987815519,10.944061783887115],[106.617362352427,10.941061092373594],[106.61350363819597,10.936275181022612],[106.61050541157798,10.932705402114438],[106.60672506304658,10.928102948319385],[106.60414763971933,10.925060426360307],[106.60334588289193,10.92375417523277],[106.60040148688417,10.924258788080271],[106.600346718262,10.924209707677505],[106.59988842504987,10.921730386454517],[106.59911995873387,10.918992421418526],[106.60428272007505,10.918094833126018],[106.60661534273366,10.91783126653125],[106.61020475479967,10.91737709261955],[106.61763675690406,10.916278786963856],[106.62236482500897,10.915629957411884],[106.62457532155531,10.916304856179154],[106.62709812317235,10.916789578823366],[106.62892910426353,10.916968330639019],[106.63094547693437,10.917020401024864],[106.63186975145034,10.916638518697265],[106.63343120508594,10.916526974515442],[106.63459393768392,10.916583573046262],[106.63551516955994,10.916488940848252],[106.63563281984096,10.916407490848332],[106.63661782863342,10.916348433891901],[106.6385122134173,10.916499869680468],[106.63964142248439,10.917063716633773],[106.64162497328704,10.917748620867142],[106.64219417259864,10.918041766869008],[106.64344267441366,10.918820450963233],[106.64446963549665,10.919784246580582],[106.64579892630172,10.920387372645271],[106.64743262125809,10.920203535023338],[106.64903493513856,10.920100676111698],[106.65025810953904,10.920408275267283],[106.65083506740389,10.920450007640941],[106.65195471544348,10.920093897238237],[106.65257008804372,10.919700171551714],[106.65301607909569,10.91988177832758],[106.65460925870357,10.921398968381313],[106.65524056080794,10.922248123641896],[106.65546220962949,10.922911160963393],[106.65590011064256,10.924914681516901],[106.65625282489623,10.925460312011339],[106.65698470204688,10.926421167014931],[106.6558354329314,10.9271723017034],[106.65377439191587,10.928902190697713],[106.65264987701718,10.93001674748559],[106.65033277035528,10.933089752008971],[106.64995964643549,10.933769435622809],[106.64964715114718,10.934749356756711],[106.64946697631873,10.935827397476098],[106.64942182019439,10.936707203478829],[106.64953776890702,10.937967576798151],[106.64978972594241,10.939186836882335],[106.65108837523762,10.943259027844151],[106.6514603316995,10.944818668592388],[106.65167621965924,10.946078560553111],[106.65189777490049,10.95164192998704],[106.65181816610942,10.952854030427952],[106.6514609613724,10.954772161946963],[106.65070940308011,10.957643791484612],[106.64990441551424,10.959896386262896],[106.64857590919047,10.963565465464967],[106.64827564935479,10.966748831698512],[106.64792357768455,10.96959583971286],[106.64846697724892,10.971773866650976],[106.64909043569604,10.972816046849537],[106.64975653344231,10.974988937173125],[106.64954073733881,10.976215223099597],[106.64903493513856,10.978371993423337],[106.64845816194968,10.98000864417736],[106.64825154223196,10.980418075506046],[106.64794939385563,10.980805697851048],[106.6473753220918,10.981297899283142],[106.64712633625095,10.981456332894624],[106.64618319702126,10.981726211092262],[106.64544784809884,10.981797478190144],[106.64351184594146,10.98158803485854],[106.64297997232818,10.98150565480723],[106.64145200103563,10.981145943556887],[106.64003566660577,10.980457967592544],[106.63844124452356,10.979591522118703],[106.63649810903554,10.978906383434031],[106.63402196996846,10.978744677996257],[106.63261054107082,10.978927213327422],[106.63066907680562,10.979372989119524],[106.62899611251066,10.97990697123645],[106.62775758758589,10.980173880883209],[106.62670273330548,10.98078979863022],[106.62564932324325,10.981670533962403],[106.6245917809665,10.98263656238412],[106.62336452393062,10.984123976658534],[106.62222262799362,10.985440465151296],[106.62117058884185,10.986581434760733],[106.61967344080799,10.987720291809975],[106.61844144486966,10.988341676599019],[106.61720981570672,10.989043855883825],[106.61624315271993,10.990009335332363],[106.61563255995172,10.991322931506602],[106.61537677524821,10.992719958790072],[106.61564632052979,10.993853882880208],[106.61600823304153,10.995247683473364],[106.61743601259167,10.998031400348664],[106.61884554380057,10.999975990609945],[106.61994523995158,11.002554987248185],[106.61995315469018,11.004013417206004],[106.6195913255151,11.005958497250443],[106.61886542048681,11.007779921125652],[106.61752181457335,11.00960903400255],[106.61532497078817,11.01156384867236],[106.61274699508337,11.011941065115023],[106.60893602917804,11.011961312668946],[106.60476377590402,11.012346878530558],[106.60231300145868,11.01357602358979],[106.59936763031675,11.014076208027346],[106.5969247412149,11.016759229599135],[106.59571203027876,11.02016276880794],[106.59450256364148,11.023323987192432],[106.5943956373694,11.026237037665897],[106.59490194138155,11.029151375406869],[106.59577812891904,11.032422772367894],[106.59862065944428,11.035562634365936],[106.60109333539053,11.038340848357539],[106.60233359608583,11.04003516914705],[106.60147770662428,11.04137248412962],[106.60087237170437,11.042834166224726],[106.59965568153916,11.044662606504803],[106.59757062386542,11.045521769219341],[106.59535896496044,11.045654641453517],[106.59301882022842,11.044697650051063],[106.5916590982981,11.04276158275941],[106.59065639881074,11.03961199827949],[106.59003068072892,11.037308687427318],[106.58842583638396,11.036222112259148],[106.58523425872193,11.0366023037769],[106.58265862151706,11.03746845235525],[106.5819236686311,11.036808058528619],[106.58141991307191,11.036038859831345],[106.5806355962564,11.035481930073818],[106.57992430017892,11.034996524371874],[106.5792871931156,11.03478890360459],[106.57835864780499,11.034443690000003],[106.57771471127663,11.03381429115582],[106.57735520112207,11.032833367851309],[106.57706906815824,11.031995650016519],[106.57706385266464,11.03101285567462],[106.57762676701604,11.030098928337296],[106.57811927332442,11.029602745794671],[106.57868407882904,11.029038839077081],[106.57854856493834,11.02832594471817],[106.5783764525291,11.027564002241258],[106.57806298169348,11.027570102974902],[106.57774258727677,11.027118455645562],[106.57789006037011,11.026655499060462],[106.57770185234875,11.025431338265946],[106.57783161065635,11.024205512856174],[106.57855593861832,11.02204760520841],[106.57806343130709,11.020829501477335],[106.57758405381456,11.020378756405771],[106.57722823069628,11.018397043643148],[106.57783898431167,11.017927184199849],[106.57843813961497,11.016995058448552],[106.57949446627151,11.015746452493763],[106.57797458767664,11.014394588458472],[106.57486724191823,11.012615660471367],[106.56838086132159,11.009234081494117],[106.5670596905677,11.008495979751933],[106.56556004171583,11.00751186923072],[106.56548226311683,11.007395606405023],[106.5660928933176,11.00605515655176]]]},"id":"4_00000000000000000001","properties":{"DAN_SO":99675,"DT_KM2":54.437,"OBJECTID":2,"Shape_Area":5.38878132298E7,"Shape_Leng":50040.4631273,"XA_MOI":"Bình Mỹ","area_km2":54.10552891234025,"green_km2":38.74646208307955,"green_km2_max":9.758021545410157E-5,"green_km2_mean":9.756148451621221E-5,"green_km2_min":9.753861236572265E-5,"green_km2_stdDev":1.1427043483011576E-8,"green_km2_sum":38.74646208307955,"green_ratio":0.7161275910610747,"green_th":0.4,"ndvi_max":0.8553300499916077,"ndvi_mean":0.5118029178793089,"ndvi_min":-0.3365539312362671,"ndvi_std":0.2267482829096313,"ndvi_stdDev":0.2267482829096313,"ndvi_sum":279753.15884478355,"xa":"Bình Mỹ","year":2023.0}},{"type":"Feature","geometry":{"type":"Polygon","coordinates":[[[106.48988393949836,10.925126801198955],[106.49610239428488,10.921806818217608],[106.49733602175363,10.921482150912077],[106.49973435298651,10.92069843455003],[106.50279889204482,10.920548801003337],[106.50797289707499,10.919966786385407],[106.51830303774045,10.91889247103405],[106.52234387950757,10.918760252784132],[106.52499079892401,10.918657262747972],[106.52976069527678,10.918112883938884],[106.53461404016848,10.917913587057068],[106.5399996529743,10.917886498782536],[106.54574252084286,10.91846792148308],[106.5504254890346,10.918704507238083],[106.55757794701141,10.918757913463894],[106.56269142385209,10.919687791280527],[106.56535646865647,10.920464013150328],[106.56792029845431,10.920971440596277],[106.57154035650088,10.92112786030671],[106.57719325089671,10.921013547478243],[106.58063478694221,10.920906044676927],[106.58381244777043,10.920714539899008],[106.58371568835142,10.921307462133035],[106.58348844776842,10.922111938767372],[106.58213768866607,10.925157076202844],[106.58190802179658,10.925521759756187],[106.58142512867143,10.92609423488904],[106.5807564538774,10.926730466872751],[106.5806822667136,10.927300786719798],[106.58074647233023,10.92827427957046],[106.58065178254098,10.930119250360516],[106.5839815970082,10.929478183411915],[106.5832344997323,10.931600310512195],[106.58160902359751,10.93422504032602],[106.57861627691152,10.94022264473785],[106.57652458929591,10.9448558647252],[106.5753813230689,10.947657639732663],[106.57100128687306,10.955013125459693],[106.56632910723496,10.962993989072489],[106.56559996507704,10.964245315752441],[106.56496901499006,10.965173064207468],[106.56399260609068,10.966905856112927],[106.56268863644786,10.96940768242769],[106.56203755376904,10.970842657230136],[106.559989726897,10.971795565525198],[106.55740693043589,10.97294866898761],[106.54888100175661,10.976281692309577],[106.54538720028027,10.977816320879585],[106.54325277192702,10.978756110094748],[106.53998409911594,10.982546925549691],[106.53789710530133,10.98476097379742],[106.53731154956435,10.985701920993092],[106.53678991812848,10.98848247887067],[106.53697188661917,10.98940158189036],[106.53764815625804,10.991072109609277],[106.53754791142043,10.992764481305619],[106.53698905855495,10.994472710627095],[106.53742132428492,10.996382326826138],[106.53502634224817,10.99701821073496],[106.53301221911647,10.997526568872747],[106.53170124675992,10.997860733103806],[106.53074692654575,10.99865990891784],[106.52967618706754,10.998912126510223],[106.52803718397266,10.99904606304598],[106.526311079537,10.999938823137045],[106.51940958909752,11.00403937082371],[106.51649241970337,11.005629155233471],[106.51407115467704,11.00648051034411],[106.51232565678349,11.004465203967998],[106.51139021176063,11.003626127670742],[106.50910582313959,11.001043479935616],[106.50796489658718,10.999989989115385],[106.50540736291613,10.997269622989107],[106.50272733888335,10.994563216420858],[106.49973039784341,10.99205583184841],[106.49847653132882,10.990221982297161],[106.49676954458923,10.986792673519059],[106.49829082056948,10.985829302879653],[106.4996909363061,10.984242642567676],[106.50273147386437,10.981018787183165],[106.50393457700224,10.980025542818474],[106.50535288835194,10.98115399200994],[106.50632929760476,10.982019727517677],[106.50714651121079,10.981059768461346],[106.50292626751917,10.97822190762165],[106.503810077443,10.977854015029667],[106.50508725763369,10.9771341489231],[106.50548538921409,10.976817997497422],[106.50502990661212,10.975680339421553],[106.50487025870935,10.975533008293189],[106.50463860765954,10.975538670491469],[106.50323791976237,10.976093095495706],[106.50277498106102,10.976162734446298],[106.50267924726205,10.976086864821735],[106.50266953904823,10.975059185857567],[106.50214304889919,10.974245053550515],[106.50296815671807,10.97393577811875],[106.50214044207058,10.971929309549601],[106.50149808452497,10.969737861651216],[106.49972015042754,10.970240334512663],[106.49928211880946,10.968936493559333],[106.49937722184154,10.968877648675592],[106.49968482381351,10.968638298376797],[106.49964005879964,10.965164889878775],[106.49924903950401,10.964174991072257],[106.49970963334336,10.96363871688278],[106.49974513974078,10.963485930338049],[106.4993969076352,10.96287281847524],[106.49941416641472,10.962697710748026],[106.49912013812947,10.96202594239221],[106.49849774515297,10.961988613783019],[106.49834268652987,10.961872697738436],[106.49822133638258,10.961218047260001],[106.49795301797135,10.961143056912434],[106.49802726618098,10.960568254363823],[106.49833630440928,10.960607163418523],[106.49841315953633,10.960530504659342],[106.49841181120053,10.960261189100862],[106.49891141515026,10.960258731880792],[106.49898818059751,10.9601820785007],[106.49910242992728,10.959414094237326],[106.49861558978276,10.95924144711534],[106.49864983754792,10.958819435272584],[106.49874907519805,10.958684298070336],[106.49901721484304,10.958723385616551],[106.49909407021812,10.958646729043457],[106.49909245220994,10.958341522446897],[106.4988783359029,10.958207959766247],[106.49893595492134,10.957915977849039],[106.49916544236929,10.957497429108594],[106.49902836111792,10.957323113887087],[106.49803976073699,10.956726592763117],[106.49811598653353,10.956537738835243],[106.49826987643311,10.956420249142962],[106.49927627599698,10.95695837563046],[106.4997052287527,10.956462567342069],[106.50009570955498,10.955540622757205],[106.50006523692494,10.953987982914052],[106.49965830638448,10.953455901315447],[106.49939708741415,10.952986006358087],[106.49883393061707,10.95209121125587],[106.49830789948051,10.95133975650957],[106.49781360039897,10.950588217096684],[106.49783094893776,10.950426624888106],[106.49770420575966,10.949596966930649],[106.49756550746123,10.949108484267976],[106.49735552757963,10.94799199952261],[106.49747310190538,10.94790619161841],[106.49783589282215,10.947787679932087],[106.49799481629438,10.947777987091094],[106.49809908741588,10.947745984943099],[106.49812146975816,10.947687595679396],[106.49786007291286,10.947177238917352],[106.49768182346166,10.946949222537091],[106.4974800233318,10.946568710927865],[106.49742492159271,10.946438869440971],[106.49725026805152,10.946031283118126],[106.49717709877771,10.945932931990015],[106.4969061749308,10.945332879168324],[106.49662653226733,10.94481820444051],[106.49655749806996,10.944634481177829],[106.49608073126133,10.943743710146018],[106.49589214619598,10.94327791576402],[106.49478158313374,10.940985541860186],[106.4943281910407,10.940215879159863],[106.49422715772538,10.939996438286778],[106.49267319233572,10.93711834682965],[106.49184282149687,10.935443884662542],[106.49034783864579,10.932543036213342],[106.48716609168721,10.926513311578052],[106.48988393949836,10.925126801198955]]]},"id":"4_00000000000000000002","properties":{"DAN_SO":128661,"DT_KM2":64.877,"OBJECTID":3,"Shape_Area":6.39682713554E7,"Shape_Leng":37422.3099649,"XA_MOI":"Củ Chi","area_km2":64.2313115228001,"green_km2":36.708082994236065,"green_km2_max":9.757949829101562E-5,"green_km2_mean":9.756757117080923E-5,"green_km2_min":9.755104064941407E-5,"green_km2_stdDev":7.37174478901751E-9,"green_km2_sum":36.708082994236065,"green_ratio":0.5714982634475064,"green_th":0.4,"ndvi_max":0.8666666746139526,"ndvi_mean":0.43451640033407257,"ndvi_min":-0.4257907569408417,"ndvi_std":0.2062372964305228,"ndvi_stdDev":0.2062372964305228,"ndvi_sum":284891.8025097179,"xa":"Củ Chi","year":2023.0}},{"type":"Feature","geometry":{"type":"Polygon","coordinates":[[[106.43942806157875,11.023215644249726],[106.43971328939935,11.023016780978557],[106.44153969128293,11.02211498357733],[106.44431464138248,11.021042652942977],[106.4444455760128,11.020867019247854],[106.44445555113212,11.020121970439106],[106.44453238652677,11.020045325902581],[106.44595649749398,11.019567232974742],[106.44595425082927,11.019109509491084],[106.44637635461683,11.019026754538283],[106.44648931717612,11.018909498104792],[106.44645013524728,11.017397206427502],[106.44657235413216,11.016382368549056],[106.44806774392792,11.016541322293996],[106.45039954888786,11.016835321525676],[106.45241881397364,11.016363389692492],[106.45381862394372,11.016504835453107],[106.45490281807531,11.016194433623527],[106.45661009371946,11.016029132986949],[106.45830821636248,11.014948387938004],[106.45939162491015,11.014480926835885],[106.46079606505815,11.014626752729894],[106.46266677922647,11.015380720886679],[106.46343529124377,11.014609577598147],[106.4638773824069,11.012156985800603],[106.46339817324386,11.010781528254405],[106.46237370106745,11.00937275200061],[106.46189413585064,11.008845493270691],[106.46398424296426,11.007116562733305],[106.46481495309166,11.007009350217023],[106.46571747668771,11.006713224471195],[106.46546501774395,11.005260341757456],[106.46531016322726,11.005184790578845],[106.46418879705112,11.005315930099853],[106.46411123543845,11.005239932721862],[106.46380000065801,11.003850179140391],[106.46364317013963,11.002437220000802],[106.46378238530454,11.001193399465222],[106.46648851640525,11.000964958749014],[106.46662377893976,11.0007488708068],[106.46678834098482,11.000039014945859],[106.46825978845261,10.993564762223865],[106.46845419069521,10.993370850287514],[106.46967372510213,10.993813722931963],[106.47054687978309,10.994024996634126],[106.47062372475915,10.993948298996104],[106.470885806784,10.9927576859645],[106.47129016511815,10.992778239447562],[106.47169092912597,10.992067143481549],[106.4724269383992,10.992104020335484],[106.47308277885291,10.991526366180812],[106.47394489265017,10.990431632593731],[106.47417579091027,10.990277890890278],[106.47467965152183,10.990221662561634],[106.47533882454348,10.990317139155266],[106.47582129664586,10.990530262262743],[106.47605282612581,10.990488687646325],[106.47628291778733,10.99018244137517],[106.47763480126899,10.989834776526832],[106.47767830328203,10.990373119992983],[106.47791019433,10.990412382911886],[106.48155792811238,10.98864431555193],[106.48271273342877,10.987952044965683],[106.48392462070221,10.98687802562372],[106.48575940777098,10.98681520238966],[106.48574089173867,10.998546723309836],[106.48744005907982,10.99769910850511],[106.49104966669577,10.996492188777541],[106.49157154496078,10.996390902401558],[106.49064194458293,11.000326861756024],[106.49057309211706,11.001090128699405],[106.49030613172462,11.001288918720977],[106.49006595754622,11.002304290398193],[106.48985715364584,11.005042980021349],[106.48939514316855,11.005314461889403],[106.48916009348011,11.00644656870148],[106.48909142126882,11.007250233786856],[106.48885987743355,11.008171409072144],[106.49243706035158,11.00861162288637],[106.49632765390643,11.009045717504947],[106.49958828240992,11.008872615831836],[106.49979251157652,11.008831180369441],[106.50474405065538,11.00799440904661],[106.5083080189031,11.007622141086161],[106.51047301939333,11.007274790299554],[106.51407115467704,11.00648051034411],[106.51571625264836,11.008397613363725],[106.51880412706134,11.009979833939967],[106.52017857782141,11.010489038032821],[106.52173121717111,11.011203815436554],[106.5226048571198,11.011486595380688],[106.52314695080979,11.011789062669417],[106.52586562101014,11.013108351108325],[106.52969003202718,11.014798965714103],[106.53438640229359,11.017310848508583],[106.54397833131344,11.02215835372129],[106.54668000534386,11.023670446065005],[106.54753127037834,11.02400712406408],[106.54676604877173,11.025352895529672],[106.54857503672017,11.026407215294485],[106.55080644270471,11.02746396095735],[106.55115089302156,11.027309604102474],[106.55177442953124,11.027535251737538],[106.55394679641546,11.02858775033898],[106.55400658829225,11.028722052759706],[106.55355010246326,11.030025813807272],[106.55311429742353,11.030948109559578],[106.55101153038834,11.034513164757563],[106.54989600322536,11.035766448508962],[106.54929216263382,11.037564652042107],[106.54902207129687,11.03804622938189],[106.54748838337035,11.040118454456827],[106.54569271119388,11.043363314191055],[106.54569370019401,11.04355178922732],[106.54764842298295,11.043788644228048],[106.54798073033767,11.043921587931084],[106.54848800354878,11.044488939444596],[106.5492595250806,11.04433235054505],[106.54949266341484,11.044618420387831],[106.5499446450151,11.045037933390983],[106.55038853557579,11.04564601193962],[106.54932498001332,11.04642330048023],[106.54842902241153,11.047110098186621],[106.54745736447057,11.0489370361441],[106.54635839923404,11.05076471570471],[106.54538603146362,11.052466033577844],[106.54330258100536,11.053692860951209],[106.54048002500927,11.05431311951721],[106.53790339870812,11.05505322552181],[106.53520911837145,11.056767828373193],[106.53324893580742,11.05811510394229],[106.53178458703307,11.059576568023674],[106.5306931646867,11.062009995017473],[106.5294751655475,11.064565264923338],[106.52825285811247,11.06627233070953],[106.52666564901068,11.067734421430332],[106.52507467596487,11.069322126651448],[106.52398256892211,11.071634394493188],[106.52325905559822,11.07406593526044],[106.52259982275704,11.073984009891648],[106.52012095301437,11.074337584720265],[106.51808009202965,11.073302146739671],[106.51635595649174,11.072875470353424],[106.51525265735258,11.072131540734757],[106.51415538697846,11.071692752171822],[106.51289307461505,11.07095410714504],[106.51224699869658,11.06989373502296],[106.51174925100062,11.068522942619794],[106.51126301097426,11.067614402781839],[106.50887983073815,11.065359916872392],[106.50762285354392,11.06477385065929],[106.50575488579656,11.064652971985286],[106.5043496060269,11.064377211741338],[106.50185854520763,11.064115895667811],[106.49975305002759,11.063735860159964],[106.49855131905737,11.064177196771107],[106.49620981055484,11.062963592405172],[106.49294096470791,11.062526488496466],[106.48966974265885,11.061627070965576],[106.48924278779565,11.059847520103308],[106.48824407633744,11.059120881726558],[106.4878709652081,11.058997109264379],[106.48711656546762,11.058955893105711],[106.48687918133547,11.05873271305317],[106.48665959451027,11.058428627135854],[106.48609017988473,11.058135188541218],[106.48585243737543,11.057835700740249],[106.48588245853192,11.0574899320805],[106.4857626435826,11.057149508403265],[106.48546620748961,11.056926531343542],[106.4847420171291,11.056562047740888],[106.48308026269633,11.055888081233753],[106.4821839562036,11.055623179149572],[106.48034866103714,11.054761570997595],[106.47921418177935,11.054116354964844],[106.47834800173105,11.053523682492424],[106.47761808355564,11.052925842035329],[106.47780188859551,11.052426796791744],[106.47730916561858,11.052016370891943],[106.47685823792371,11.051798642852102],[106.47659021637993,11.051804465151415],[106.4762049023051,11.051963374927297],[106.47600932444941,11.051928462790412],[106.47589023416232,11.05174056453735],[106.4765256827394,11.050696220685104],[106.47655606208303,11.05042685436922],[106.4750894997894,11.048777946576745],[106.47396682303064,11.047769121755715],[106.47260759316411,11.046689702276783],[106.4722513169509,11.0462964575688],[106.47070335595704,11.043822218176556],[106.4696282474592,11.045052569641726],[106.46808515912991,11.046289774290457],[106.46498688344714,11.047224819195101],[106.46298115790998,11.048616824451553],[106.46205204354159,11.049083551991847],[106.46127598725303,11.049239883894666],[106.46050820214204,11.050163627330122],[106.46020910553202,11.051237682932614],[106.45897264036712,11.052011068953433],[106.45789058206414,11.052783722772823],[106.45614033764271,11.05531441131893],[106.45581967827495,11.054790889109253],[106.45483918981617,11.052206008908144],[106.45431605482061,11.049304878655633],[106.45408445948463,11.04563036579275],[106.45423283504677,11.045319987847309],[106.45388162280233,11.04318092666092],[106.4529178591725,11.041219800812009],[106.44888293358403,11.037375001505586],[106.4462828033312,11.035197304184267],[106.4443825799999,11.03308804670683],[106.44240940352859,11.02999177982942],[106.4411425796129,11.027322988644137],[106.44016809108865,11.025913880791869],[106.439046590198,11.024168881280803],[106.43942806157875,11.023215644249726]]]},"id":"4_00000000000000000003","properties":{"DAN_SO":40239,"DT_KM2":62.056,"OBJECTID":4,"Shape_Area":6.18775951106E7,"Shape_Leng":40792.3929424,"XA_MOI":"Nhuận Đức","area_km2":62.1329590832498,"green_km2":48.96680325359692,"green_km2_max":9.755738067626953E-5,"green_km2_mean":9.754271878868612E-5,"green_km2_min":9.752909088134766E-5,"green_km2_stdDev":5.554761228667929E-9,"green_km2_sum":48.96680325359692,"green_ratio":0.7880970740181229,"green_th":0.4,"ndvi_max":0.8553677797317505,"ndvi_mean":0.546057623369292,"ndvi_min":-0.312421590089798,"ndvi_std":0.17317203917613055,"ndvi_stdDev":0.17317203917613055,"ndvi_sum":345860.9282024442,"xa":"Nhuận Đức","year":2023.0}},{"type":"Feature","geometry":{"type":"Polygon","coordinates":[[[106.51649241970337,11.005629155233471],[106.51940958909752,11.00403937082371],[106.526311079537,10.999938823137045],[106.52803718397266,10.99904606304598],[106.52967618706754,10.998912126510223],[106.53074692654575,10.99865990891784],[106.53170124675992,10.997860733103806],[106.53301221911647,10.997526568872747],[106.53502634224817,10.99701821073496],[106.53742132428492,10.996382326826138],[106.53698905855495,10.994472710627095],[106.53754791142043,10.992764481305619],[106.53764815625804,10.991072109609277],[106.53697188661917,10.98940158189036],[106.53678991812848,10.98848247887067],[106.53731154956435,10.985701920993092],[106.53789710530133,10.98476097379742],[106.53998409911594,10.982546925549691],[106.54325277192702,10.978756110094748],[106.54538720028027,10.977816320879585],[106.54888100175661,10.976281692309577],[106.55740693043589,10.97294866898761],[106.559989726897,10.971795565525198],[106.56203755376904,10.970842657230136],[106.56268863644786,10.96940768242769],[106.56399260609068,10.966905856112927],[106.56496901499006,10.965173064207468],[106.56559996507704,10.964245315752441],[106.56632910723496,10.962993989072489],[106.57100128687306,10.955013125459693],[106.5753813230689,10.947657639732663],[106.57652458929591,10.9448558647252],[106.57861627691152,10.94022264473785],[106.58160902359751,10.93422504032602],[106.5832344997323,10.931600310512195],[106.5839815970082,10.929478183411915],[106.58597758606184,10.929081915443192],[106.58806226157876,10.928294707796892],[106.5985644523741,10.924640850265005],[106.60040148688417,10.924258788080271],[106.60334588289193,10.92375417523277],[106.60414763971933,10.925060426360307],[106.60672506304658,10.928102948319385],[106.61050541157798,10.932705402114438],[106.61350363819597,10.936275181022612],[106.617362352427,10.941061092373594],[106.6201987815519,10.944061783887115],[106.62378230321049,10.948314977145632],[106.62471832959591,10.949243372063894],[106.62529162189684,10.950285978845551],[106.62490468990124,10.952603685460284],[106.62469359549408,10.955530736924638],[106.62403998663443,10.958931338412167],[106.61974323433442,10.95967667932254],[106.61730982797815,10.960672391684538],[106.61579256045286,10.960604170387377],[106.6151371797246,10.961182026887796],[106.61395872257586,10.960761950306077],[106.6140333708957,10.960303807688048],[106.61395575463114,10.960227927618247],[106.61314289906534,10.960232222528381],[106.61188584796939,10.960409416127312],[106.60905915108677,10.960069848923148],[106.60936430305962,10.963595576325584],[106.6097545348731,10.964369838095571],[106.60929280410598,10.965480746315016],[106.60890985791211,10.966057213900571],[106.6086203553575,10.967108827892213],[106.60816312378213,10.968219693818611],[106.6081263402455,10.968982801220108],[106.608157457858,10.972213697396867],[106.60823507203818,10.972289587110492],[106.60966666745001,10.972475013966793],[106.60976280898234,10.972609177718939],[106.60982504468372,10.973201201702219],[106.60986641524659,10.97496015770818],[106.60915385337701,10.975058109840196],[106.60528548301798,10.975280493184018],[106.6042405411799,10.97522319417254],[106.6034491263408,10.975016396523744],[106.60309946580092,10.975018305986772],[106.60298300234682,10.975324016480227],[106.60287013627952,10.975441348052339],[106.60253864313593,10.975460987963544],[106.60102876396836,10.975083047134417],[106.5996159317066,10.975032065525552],[106.5980904250108,10.975129885125204],[106.59646573584193,10.975367258842953],[106.59457450733636,10.97587080511047],[106.59320497330451,10.976254987036583],[106.59344238615702,10.979027063908868],[106.59481003317576,10.979127645098588],[106.5946286449826,10.983423317457575],[106.58707711453673,10.983727576505807],[106.5838492271521,10.984013623555006],[106.58093558226231,10.984441692356572],[106.57743882899318,10.984540605683854],[106.5761171527562,10.984547458233664],[106.57319426115923,10.990962051023734],[106.57233264294868,10.992932163353906],[106.57070841842148,10.997576363587303],[106.56984429247265,10.999932471132329],[106.56826585538977,11.00207678449169],[106.56727513444898,11.003710950078698],[106.56704692219758,11.004362809148597],[106.5660928933176,11.00605515655176],[106.56548226311683,11.007395606405023],[106.56556004171583,11.00751186923072],[106.5670596905677,11.008495979751933],[106.56838086132159,11.009234081494117],[106.57486724191823,11.012615660471367],[106.57797458767664,11.014394588458472],[106.57949446627151,11.015746452493763],[106.57843813961497,11.016995058448552],[106.57783898431167,11.017927184199849],[106.57722823069628,11.018397043643148],[106.57758405381456,11.020378756405771],[106.57806343130709,11.020829501477335],[106.57855593861832,11.02204760520841],[106.57783161065635,11.024205512856174],[106.57770185234875,11.025431338265946],[106.57789006037011,11.026655499060462],[106.57774258727677,11.027118455645562],[106.57806298169348,11.027570102974902],[106.5783764525291,11.027564002241258],[106.57854856493834,11.02832594471817],[106.57868407882904,11.029038839077081],[106.57811927332442,11.029602745794671],[106.57762676701604,11.030098928337296],[106.57706385266464,11.03101285567462],[106.57706906815824,11.031995650016519],[106.57735520112207,11.032833367851309],[106.57771471127663,11.03381429115582],[106.57835864780499,11.034443690000003],[106.5792871931156,11.03478890360459],[106.57992430017892,11.034996524371874],[106.5806355962564,11.035481930073818],[106.58141991307191,11.036038859831345],[106.5819236686311,11.036808058528619],[106.58265862151706,11.03746845235525],[106.58144185456038,11.039296819486308],[106.58046779851155,11.041482896452854],[106.57999075365697,11.044034400617782],[106.57926723015845,11.046344825129413],[106.57804715529511,11.048415567345222],[106.57621696609422,11.05024713599737],[106.57475025423372,11.052072243650171],[106.57328741900263,11.05378069806821],[106.57156823169785,11.054274378436205],[106.57008788391936,11.053555028789818],[106.56885356422522,11.05210296160439],[106.5682280895773,11.049803932292974],[106.56784395769215,11.047620431034517],[106.56709835535513,11.045802295822144],[106.5650041726273,11.044964920812971],[106.56193253191796,11.044859630793336],[106.55763827939015,11.04548761444918],[106.55567186622584,11.04561888728622],[106.55296819009452,11.04551160455409],[106.55038853557579,11.04564601193962],[106.5499446450151,11.045037933390983],[106.54949266341484,11.044618420387831],[106.5492595250806,11.04433235054505],[106.54848800354878,11.044488939444596],[106.54798073033767,11.043921587931084],[106.54764842298295,11.043788644228048],[106.54569370019401,11.04355178922732],[106.54569271119388,11.043363314191055],[106.54748838337035,11.040118454456827],[106.54902207129687,11.03804622938189],[106.54929216263382,11.037564652042107],[106.54989600322536,11.035766448508962],[106.55101153038834,11.034513164757563],[106.55311429742353,11.030948109559578],[106.55355010246326,11.030025813807272],[106.55400658829225,11.028722052759706],[106.55394679641546,11.02858775033898],[106.55177442953124,11.027535251737538],[106.55115089302156,11.027309604102474],[106.55080644270471,11.02746396095735],[106.54857503672017,11.026407215294485],[106.54676604877173,11.025352895529672],[106.54753127037834,11.02400712406408],[106.54668000534386,11.023670446065005],[106.54397833131344,11.02215835372129],[106.53438640229359,11.017310848508583],[106.52969003202718,11.014798965714103],[106.52586562101014,11.013108351108325],[106.52314695080979,11.011789062669417],[106.5226048571198,11.011486595380688],[106.52173121717111,11.011203815436554],[106.52017857782141,11.010489038032821],[106.51880412706134,11.009979833939967],[106.51571625264836,11.008397613363725],[106.51407115467704,11.00648051034411],[106.51649241970337,11.005629155233471]]]},"id":"4_00000000000000000004","properties":{"DAN_SO":97766,"DT_KM2":59.075,"OBJECTID":5,"Shape_Area":5.93669067075E7,"Shape_Leng":48438.2013139,"XA_MOI":"Phú Hòa Đông","area_km2":59.609127551109395,"green_km2":41.463806134745084,"green_km2_max":9.757762908935547E-5,"green_km2_mean":9.755712672798587E-5,"green_km2_min":9.753582000732422E-5,"green_km2_stdDev":1.0554692051231316E-8,"green_km2_sum":41.463806134745084,"green_ratio":0.6955949170568492,"green_th":0.4,"ndvi_max":0.863667368888855,"ndvi_mean":0.5076381756908502,"ndvi_min":-0.37037035822868347,"ndvi_std":0.20119038747599072,"ndvi_stdDev":0.20119038747599072,"ndvi_sum":307734.3112647712,"xa":"Phú Hòa Đông","year":2023.0}},{"type":"Feature","geometry":{"type":"Polygon","coordinates":[[[106.4410439982632,10.952728662821132],[106.44379476790601,10.950538911415318],[106.45461963652261,10.942579699354598],[106.46032225531111,10.939455833540338],[106.46846389733064,10.935512305527876],[106.47292333492517,10.9336148520465],[106.48716609168721,10.926513311578052],[106.49034783864579,10.932543036213342],[106.49184282149687,10.935443884662542],[106.49267319233572,10.93711834682965],[106.49422715772538,10.939996438286778],[106.4943281910407,10.940215879159863],[106.49478158313374,10.940985541860186],[106.49589214619598,10.94327791576402],[106.49608073126133,10.943743710146018],[106.49655749806996,10.944634481177829],[106.49662653226733,10.94481820444051],[106.4969061749308,10.945332879168324],[106.49717709877771,10.945932931990015],[106.49725026805152,10.946031283118126],[106.49742492159271,10.946438869440971],[106.4974800233318,10.946568710927865],[106.49768182346166,10.946949222537091],[106.49786007291286,10.947177238917352],[106.49812146975816,10.947687595679396],[106.49809908741588,10.947745984943099],[106.49799481629438,10.947777987091094],[106.49783589282215,10.947787679932087],[106.49747310190538,10.94790619161841],[106.49735552757963,10.94799199952261],[106.49756550746123,10.949108484267976],[106.49770420575966,10.949596966930649],[106.49783094893776,10.950426624888106],[106.49781360039897,10.950588217096684],[106.49830789948051,10.95133975650957],[106.49883393061707,10.95209121125587],[106.49939708741415,10.952986006358087],[106.49965830638448,10.953455901315447],[106.50006523692494,10.953987982914052],[106.50009570955498,10.955540622757205],[106.4997052287527,10.956462567342069],[106.49927627599698,10.95695837563046],[106.49826987643311,10.956420249142962],[106.49811598653353,10.956537738835243],[106.49803976073699,10.956726592763117],[106.49902836111792,10.957323113887087],[106.49916544236929,10.957497429108594],[106.49893595492134,10.957915977849039],[106.4988783359029,10.958207959766247],[106.49909245220994,10.958341522446897],[106.49909407021812,10.958646729043457],[106.49901721484304,10.958723385616551],[106.49874907519805,10.958684298070336],[106.49864983754792,10.958819435272584],[106.49861558978276,10.95924144711534],[106.49910242992728,10.959414094237326],[106.49898818059751,10.9601820785007],[106.49891141515026,10.960258731880792],[106.49841181120053,10.960261189100862],[106.49841315953633,10.960530504659342],[106.49833630440928,10.960607163418523],[106.49802726618098,10.960568254363823],[106.49795301797135,10.961143056912434],[106.49822133638258,10.961218047260001],[106.49834268652987,10.961872697738436],[106.49849774515297,10.961988613783019],[106.49912013812947,10.96202594239221],[106.49941416641472,10.962697710748026],[106.4993969076352,10.96287281847524],[106.49974513974078,10.963485930338049],[106.49970963334336,10.96363871688278],[106.49924903950401,10.964174991072257],[106.49964005879964,10.965164889878775],[106.49968482381351,10.968638298376797],[106.49937722184154,10.968877648675592],[106.49928211880946,10.968936493559333],[106.49972015042754,10.970240334512663],[106.50149808452497,10.969737861651216],[106.50214044207058,10.971929309549601],[106.50296815671807,10.97393577811875],[106.50214304889919,10.974245053550515],[106.50266953904823,10.975059185857567],[106.50267924726205,10.976086864821735],[106.50277498106102,10.976162734446298],[106.50323791976237,10.976093095495706],[106.50463860765954,10.975538670491469],[106.50487025870935,10.975533008293189],[106.50502990661212,10.975680339421553],[106.50548538921409,10.976817997497422],[106.50508725763369,10.9771341489231],[106.503810077443,10.977854015029667],[106.50292626751917,10.97822190762165],[106.50714651121079,10.981059768461346],[106.50632929760476,10.982019727517677],[106.50535288835194,10.98115399200994],[106.50393457700224,10.980025542818474],[106.50273147386437,10.981018787183165],[106.4996909363061,10.984242642567676],[106.49829082056948,10.985829302879653],[106.49676954458923,10.986792673519059],[106.49847653132882,10.990221982297161],[106.49973039784341,10.99205583184841],[106.50272733888335,10.994563216420858],[106.50540736291613,10.997269622989107],[106.50796489658718,10.999989989115385],[106.50910582313959,11.001043479935616],[106.51139021176063,11.003626127670742],[106.51232565678349,11.004465203967998],[106.51407115467704,11.00648051034411],[106.51047301939333,11.007274790299554],[106.5083080189031,11.007622141086161],[106.50474405065538,11.00799440904661],[106.49979251157652,11.008831180369441],[106.49958828240992,11.008872615831836],[106.49632765390643,11.009045717504947],[106.49243706035158,11.00861162288637],[106.48885987743355,11.008171409072144],[106.48909142126882,11.007250233786856],[106.48916009348011,11.00644656870148],[106.48939514316855,11.005314461889403],[106.48985715364584,11.005042980021349],[106.49006595754622,11.002304290398193],[106.49030613172462,11.001288918720977],[106.49057309211706,11.001090128699405],[106.49064194458293,11.000326861756024],[106.49157154496078,10.996390902401558],[106.49104966669577,10.996492188777541],[106.48744005907982,10.99769910850511],[106.48574089173867,10.998546723309836],[106.48575940777098,10.98681520238966],[106.48392462070221,10.98687802562372],[106.48271273342877,10.987952044965683],[106.48155792811238,10.98864431555193],[106.47791019433,10.990412382911886],[106.47767830328203,10.990373119992983],[106.47763480126899,10.989834776526832],[106.47628291778733,10.99018244137517],[106.47605282612581,10.990488687646325],[106.47582129664586,10.990530262262743],[106.47533882454348,10.990317139155266],[106.47467965152183,10.990221662561634],[106.47417579091027,10.990277890890278],[106.47394489265017,10.990431632593731],[106.47308277885291,10.991526366180812],[106.4724269383992,10.992104020335484],[106.47169092912597,10.992067143481549],[106.47129016511815,10.992778239447562],[106.470885806784,10.9927576859645],[106.47062372475915,10.993948298996104],[106.47054687978309,10.994024996634126],[106.46967372510213,10.993813722931963],[106.46845419069521,10.993370850287514],[106.46825978845261,10.993564762223865],[106.46678834098482,11.000039014945859],[106.46662377893976,11.0007488708068],[106.46648851640525,11.000964958749014],[106.46378238530454,11.001193399465222],[106.46364317013963,11.002437220000802],[106.46380000065801,11.003850179140391],[106.46411123543845,11.005239932721862],[106.46418879705112,11.005315930099853],[106.46531016322726,11.005184790578845],[106.46546501774395,11.005260341757456],[106.46571747668771,11.006713224471195],[106.46481495309166,11.007009350217023],[106.46398424296426,11.007116562733305],[106.46189413585064,11.008845493270691],[106.46237370106745,11.00937275200061],[106.46339817324386,11.010781528254405],[106.4638773824069,11.012156985800603],[106.46343529124377,11.014609577598147],[106.46266677922647,11.015380720886679],[106.46079606505815,11.014626752729894],[106.45939162491015,11.014480926835885],[106.45830821636248,11.014948387938004],[106.45661009371946,11.016029132986949],[106.45490281807531,11.016194433623527],[106.45381862394372,11.016504835453107],[106.45241881397364,11.016363389692492],[106.45039954888786,11.016835321525676],[106.44965651744982,11.012593248554216],[106.44886478027956,11.011398752456786],[106.44763961561108,11.009806891543555],[106.44706680214517,11.008781908395878],[106.44435741754643,11.004652371537112],[106.44301302801549,11.002832160728323],[106.4414292476129,11.000348884801591],[106.4385589908111,10.998589669205813],[106.43802646097399,10.997438847291411],[106.43693166082595,10.995554510932676],[106.43656151669401,10.995094030012094],[106.43597795017506,10.994652507045648],[106.43485323680791,10.994078863666426],[106.43356794740032,10.993196244593664],[106.43244306732645,10.992582242007316],[106.43145379253365,10.991850856734013],[106.43085101027071,10.991180511886084],[106.42917701364708,10.98974319260706],[106.42799267074359,10.989053157418883],[106.4309556074255,10.9836580695543],[106.43288554219522,10.979793833073307],[106.43286127973897,10.979470796282694],[106.43222569425348,10.976704723147375],[106.43165229411113,10.974593507754474],[106.43108186093407,10.973097194734352],[106.43048429162349,10.970676529522203],[106.42979210182862,10.968413334823007],[106.42909218643499,10.967375342267184],[106.42640190575455,10.964228380692708],[106.42567145010156,10.96345089196037],[106.4410439982632,10.952728662821132]]]},"id":"4_00000000000000000005","properties":{"DAN_SO":84342,"DT_KM2":53.508,"OBJECTID":6,"Shape_Area":5.27078163182E7,"Shape_Leng":40995.4829881,"XA_MOI":"Tân An Hội","area_km2":52.92711879383533,"green_km2":39.02649424409576,"green_km2_max":9.757673645019532E-5,"green_km2_mean":9.756237711387393E-5,"green_km2_min":9.754770660400391E-5,"green_km2_stdDev":6.8727622135349025E-9,"green_km2_sum":39.02649424409576,"green_ratio":0.7373629083440937,"green_th":0.4,"ndvi_max":0.8684164881706238,"ndvi_mean":0.5193116502961455,"ndvi_min":-0.3465346395969391,"ndvi_std":0.19778514281382906,"ndvi_stdDev":0.19778514281382906,"ndvi_sum":280599.6701140651,"xa":"Tân An Hội","year":2023.0}},{"type":"Feature","geometry":{"type":"Polygon","coordinates":[[[106.36117291579755,10.983857107558471],[106.37281563527566,10.968257948251768],[106.39162764790873,10.970878933440263],[106.40203488269,10.972101302108102],[106.41306891109068,10.973311513276485],[106.41622598851939,10.970518746467674],[106.41869698142312,10.968626721660321],[106.42567145010156,10.96345089196037],[106.42640190575455,10.964228380692708],[106.42909218643499,10.967375342267184],[106.42979210182862,10.968413334823007],[106.43048429162349,10.970676529522203],[106.43108186093407,10.973097194734352],[106.43165229411113,10.974593507754474],[106.43222569425348,10.976704723147375],[106.43286127973897,10.979470796282694],[106.43288554219522,10.979793833073307],[106.4309556074255,10.9836580695543],[106.42799267074359,10.989053157418883],[106.42917701364708,10.98974319260706],[106.43085101027071,10.991180511886084],[106.43145379253365,10.991850856734013],[106.43244306732645,10.992582242007316],[106.43356794740032,10.993196244593664],[106.43485323680791,10.994078863666426],[106.43597795017506,10.994652507045648],[106.43656151669401,10.995094030012094],[106.43693166082595,10.995554510932676],[106.43802646097399,10.997438847291411],[106.4385589908111,10.998589669205813],[106.4414292476129,11.000348884801591],[106.44301302801549,11.002832160728323],[106.44435741754643,11.004652371537112],[106.44706680214517,11.008781908395878],[106.44763961561108,11.009806891543555],[106.44886478027956,11.011398752456786],[106.44965651744982,11.012593248554216],[106.45039954888786,11.016835321525676],[106.44806774392792,11.016541322293996],[106.44657235413216,11.016382368549056],[106.44645013524728,11.017397206427502],[106.44648931717612,11.018909498104792],[106.44637635461683,11.019026754538283],[106.44595425082927,11.019109509491084],[106.44595649749398,11.019567232974742],[106.44453238652677,11.020045325902581],[106.44445555113212,11.020121970439106],[106.4444455760128,11.020867019247854],[106.44431464138248,11.021042652942977],[106.44153969128293,11.02211498357733],[106.43971328939935,11.023016780978557],[106.43942806157875,11.023215644249726],[106.439046590198,11.024168881280803],[106.44016809108865,11.025913880791869],[106.4411425796129,11.027322988644137],[106.44240940352859,11.02999177982942],[106.4443825799999,11.03308804670683],[106.4462828033312,11.035197304184267],[106.44888293358403,11.037375001505586],[106.4529178591725,11.041219800812009],[106.45388162280233,11.04318092666092],[106.45423283504677,11.045319987847309],[106.45408445948463,11.04563036579275],[106.45431605482061,11.049304878655633],[106.45483918981617,11.052206008908144],[106.45581967827495,11.054790889109253],[106.45614033764271,11.05531441131893],[106.45544258061156,11.056628204354574],[106.45531757054957,11.059846732280876],[106.45472397598377,11.062914811575322],[106.45139808017883,11.073042165631445],[106.45096859700567,11.07718208327363],[106.4508923883239,11.081077958124776],[106.45058530716024,11.086070017841932],[106.44981819036919,11.087146358853877],[106.44661243475264,11.0931397186642],[106.44493795206684,11.097285616110272],[106.44510681063065,11.09835743996182],[106.44652139963249,11.100491395353584],[106.44668423839465,11.101258080681696],[106.44455152798037,11.105558760000065],[106.44215095177374,11.10623894057569],[106.44020511509912,11.106966378325078],[106.4379472016714,11.10984496861236],[106.4362540073083,11.110216577761832],[106.43508624859436,11.107453048714973],[106.43552306776712,11.106634136060354],[106.43519597000788,11.105729187316015],[106.4346290317292,11.104080311498434],[106.43434273252865,11.103157161490055],[106.43421746551948,11.102619213756748],[106.43409121010943,11.10188373814915],[106.43388156339475,11.100839051704842],[106.43356597045286,11.100418650582395],[106.43344789280656,11.100419220266783],[106.43294386196271,11.10050690704654],[106.43267086448608,11.10043188349087],[106.43255179887846,11.100239515684105],[106.4324604104545,11.099194259632132],[106.43229982931899,11.09888534098042],[106.43210411280316,11.098814441334065],[106.43124927050876,11.098706303882862],[106.43113002599384,11.098477970112018],[106.43119436590446,11.097701262978982],[106.43101913854088,11.096234577343536],[106.43084633754681,11.09526592602794],[106.43076249811463,11.094844480650382],[106.43061620602448,11.092794199367562],[106.4305330855645,11.092525302848525],[106.43021857601647,11.09233380983521],[106.42925006931402,11.092194750812542],[106.42855051518013,11.092242959098572],[106.42843217080208,11.092203138659972],[106.42761930759193,11.092292291732237],[106.42711987364656,11.092375431929632],[106.42661531898044,11.092341916449795],[106.42606898155951,11.092120082038832],[106.42579051177178,11.091852120310545],[106.42570703380868,11.091502441513152],[106.42577011403174,11.090456414331358],[106.42587650579034,11.089912880525402],[106.42597499010188,11.088673765087186],[106.42600473309201,11.088247269430418],[106.42606745397333,11.087124930768203],[106.42617222843909,11.08623588453629],[106.42626630984397,11.085032620888914],[106.42635158519424,11.082940835924889],[106.42626253580399,11.082375753393777],[106.42617914750943,11.082035032925525],[106.42582780279949,11.081736004590063],[106.42557799797042,11.080826166041625],[106.42564323474215,11.08021095284715],[106.42565320896111,11.078532396999016],[106.42579563367157,11.077916914836745],[106.42612649069412,11.076806837629293],[106.42679566455934,11.075187931256252],[106.42681866829166,11.074308224460722],[106.4267292592682,11.073662347107156],[106.42659761690663,11.072747436017416],[106.4261508422231,11.071497379860832],[106.42599008624134,11.071157071478883],[106.42546819177002,11.0703292844859],[106.42530689717002,11.069872262428996],[106.42513437049404,11.068961987857305],[106.42517507599375,11.068921424004719],[106.42517040339735,11.068885550332979],[106.4251212512839,11.0681228103078],[106.42522719342223,11.067471543229715],[106.4247820391177,11.06656257758473],[106.42385102812023,11.06665675134031],[106.42307852848273,11.066637895450267],[106.42241466811315,11.066533312899637],[106.42183248911513,11.066392483197857],[106.42148151117729,11.066174227629519],[106.42135759975304,11.06590548057737],[106.42127358443493,11.065452604992638],[106.4209940428029,11.064960266952419],[106.42035930228778,11.064285539438606],[106.42014966941524,11.063222895790405],[106.42090939864137,11.062478794841649],[106.42113493677034,11.062132167981895],[106.42050486831603,11.061497831962072],[106.42088405931311,11.060993403492436],[106.42168395690469,11.060096486028302],[106.42189781456739,11.059215827676722],[106.42139246387364,11.05899830036493],[106.42104202581426,11.058887742623288],[106.42080489639612,11.05870489607087],[106.42087633171715,11.05843525752662],[106.4209115551801,11.058206178322802],[106.42098182241227,11.057707730274165],[106.42101129512032,11.05720937877491],[106.42091577840183,11.056258382195459],[106.42065933015759,11.05488628254435],[106.42061700814071,11.054585752082344],[106.42048662762913,11.053940088372466],[106.42019513627832,11.052832950047115],[106.42026109020414,11.052374819251764],[106.42097256726397,11.051056484011497],[106.42157765714839,11.050281712512286],[106.42397377288904,11.047828972061444],[106.42401438830436,11.047788425998927],[106.42385435283116,11.047560273870603],[106.42361713034634,11.047372943059102],[106.42318482900693,11.04722679448085],[106.42247433279164,11.0468577067486],[106.42262259599755,11.046511432434936],[106.42299595017562,11.04573770935586],[106.42360113580976,11.04499886611209],[106.42284804612977,11.044270819056912],[106.42195100944875,11.043844160153094],[106.4219864128064,11.043651067013986],[106.42221150282298,11.043223629880808],[106.42220584187345,11.042994771305015],[106.42205048031923,11.04280699450235],[106.42161836195145,11.042696787912648],[106.42149966209553,11.042585149729975],[106.42161198216942,11.042315383833072],[106.4219200090517,11.042120954511782],[106.42191389882908,11.041811284076818],[106.42179034657156,11.041623414702505],[106.4214345164805,11.041324360652107],[106.42119666776706,11.04097989440852],[106.4207994151964,11.040568842759532],[106.42055680486193,11.040188518100809],[106.42082322696673,11.039841649386117],[106.42062221976866,11.039613773720964],[106.42018803769628,11.039086224546086],[106.41989726560729,11.038131617018028],[106.41969059842445,11.037674811035547],[106.41960191130948,11.037181524935633],[106.41967765926853,11.036871506264795],[106.4196310244008,11.03660697275212],[106.41939416615908,11.036495873094207],[106.4188898099611,11.036466821560573],[106.41837422315265,11.03601594417325],[106.417869599869,11.035946445084445],[106.41751476489357,11.03583595139127],[106.41688605523521,11.035466328147272],[106.41633435217324,11.035056068869087],[106.41514846511669,11.034078692215784],[106.41475176323861,11.033779893808738],[106.41395755308329,11.032989221930556],[106.41312731514924,11.03227495288071],[106.41215565345928,11.031453720231413],[106.41150207111846,11.03061747682506],[106.41109917645949,11.029973079538856],[106.41100977420487,11.029322774622617],[106.41071955408628,11.028484879274771],[106.41039267507087,11.027570771510286],[106.41025124929047,11.026503358428764],[106.41009032591822,11.02608667002384],[106.40964637213705,11.025402102392022],[106.4092844530207,11.024757461752353],[106.40932506556138,11.024716929627274],[106.40932039332178,11.024680986096827],[106.4092784330209,11.024452331672721],[106.40942596799219,11.023948948824692],[106.4094562477161,11.023643650287141],[106.40929604376711,11.02337957706006],[106.40905928717642,11.023268460522285],[106.40898219533544,11.023309256284815],[106.40879162227118,11.023350568555111],[106.4085141640167,11.023279987502665],[106.408435994174,11.023087369116672],[106.40850194436119,11.02262478647883],[106.4086551393593,11.022354821966696],[106.40869054044826,11.022166188836062],[106.40860221743804,11.021744667338844],[106.40851281626054,11.021094326066134],[106.40868487986765,11.020020913937564],[106.40893421511322,11.018942579292572],[106.40896997565231,11.018825749161293],[106.40906629552703,11.018057821656502],[106.40901337350077,11.017447695548064],[106.40888928982159,11.017143105505147],[106.40828585424852,11.016351538374787],[106.4081557510378,11.015737259689356],[106.40895137657719,11.014921227157942],[106.4094432193477,11.014223318836756],[106.4098640809864,11.013871294865694],[106.41032097380547,11.013483254124397],[106.41073653599537,11.012974144818568],[106.41110968908895,11.012164547012093],[106.41151393154401,11.011202201517841],[106.41198978675318,11.010006230197119],[106.41213768306218,11.009579146325963],[106.41185914210625,11.009279775633006],[106.41078245005274,11.008301898359996],[106.41003129375771,11.007973239133383],[106.40791072953614,11.00720216668511],[106.40578587425686,11.006476008688425],[106.40577976450948,11.00613040706989],[106.40580968430349,11.00574428874133],[106.40537795916609,11.005714900314715],[106.40510472838396,11.005568015048116],[106.4049339256349,11.00499440084277],[106.40479861329932,11.004232021108248],[106.40452592237381,11.004197358690408],[106.40327604114968,11.004064062785135],[106.40268466154883,11.003882765500014],[106.40044638323072,11.003192907545355],[106.39938628226135,11.002829785097582],[106.39812556073065,11.002315007587706],[106.39722476768613,11.002022901853607],[106.39534152453221,11.001484043160989],[106.39416330460972,11.001121396695765],[106.39235735466177,11.0005776647317],[106.39094277527562,11.000180234574772],[106.38953817806113,10.99997572911912],[106.38852017897936,10.999877185954544],[106.38424438613069,10.999622876231227],[106.38162700821965,10.99944181877227],[106.37993193820606,10.999296946758115],[106.37930801436701,10.999932539903421],[106.37200954850744,10.99927893066113],[106.36875208461076,10.999172403186112],[106.36515591735524,10.997545957494525],[106.36451577887415,10.996642269139258],[106.36420029176836,10.996185878646141],[106.36433683510317,10.995265183606065],[106.35946579762626,10.99197927714757],[106.35588165025239,10.990963005430226],[106.36117291579755,10.983857107558471]]]},"id":"4_00000000000000000006","properties":{"DAN_SO":49862,"DT_KM2":62.445,"OBJECTID":7,"Shape_Area":6.26979176182E7,"Shape_Leng":50253.2798163,"XA_MOI":"Thái Mỹ","area_km2":62.96127112290408,"green_km2":48.43677422700363,"green_km2_max":9.756486511230469E-5,"green_km2_mean":9.75459868787553E-5,"green_km2_min":9.751744079589843E-5,"green_km2_stdDev":1.2294623229618245E-8,"green_km2_sum":48.43677422700363,"green_ratio":0.7693106152900283,"green_th":0.4,"ndvi_max":0.8644599318504333,"ndvi_mean":0.5298376871385647,"ndvi_min":-0.3011152446269989,"ndvi_std":0.16759399030006264,"ndvi_stdDev":0.16759399030006264,"ndvi_sum":334547.0372766523,"xa":"Thái Mỹ","year":2023.0}},{"type":"Feature","geometry":{"type":"Polygon","coordinates":[[[106.4379472016714,11.10984496861236],[106.44020511509912,11.106966378325078],[106.44215095177374,11.10623894057569],[106.44455152798037,11.105558760000065],[106.44668423839465,11.101258080681696],[106.44652139963249,11.100491395353584],[106.44510681063065,11.09835743996182],[106.44493795206684,11.097285616110272],[106.44661243475264,11.0931397186642],[106.44981819036919,11.087146358853877],[106.45058530716024,11.086070017841932],[106.4508923883239,11.081077958124776],[106.45096859700567,11.07718208327363],[106.45139808017883,11.073042165631445],[106.45472397598377,11.062914811575322],[106.45531757054957,11.059846732280876],[106.45544258061156,11.056628204354574],[106.45614033764271,11.05531441131893],[106.45789058206414,11.052783722772823],[106.45897264036712,11.052011068953433],[106.46020910553202,11.051237682932614],[106.46050820214204,11.050163627330122],[106.46127598725303,11.049239883894666],[106.46205204354159,11.049083551991847],[106.46298115790998,11.048616824451553],[106.46498688344714,11.047224819195101],[106.46808515912991,11.046289774290457],[106.4696282474592,11.045052569641726],[106.47070335595704,11.043822218176556],[106.4722513169509,11.0462964575688],[106.47260759316411,11.046689702276783],[106.47396682303064,11.047769121755715],[106.4750894997894,11.048777946576745],[106.47655606208303,11.05042685436922],[106.4765256827394,11.050696220685104],[106.47589023416232,11.05174056453735],[106.47600932444941,11.051928462790412],[106.4762049023051,11.051963374927297],[106.47659021637993,11.051804465151415],[106.47685823792371,11.051798642852102],[106.47730916561858,11.052016370891943],[106.47780188859551,11.052426796791744],[106.47761808355564,11.052925842035329],[106.47834800173105,11.053523682492424],[106.47921418177935,11.054116354964844],[106.48034866103714,11.054761570997595],[106.4821839562036,11.055623179149572],[106.48308026269633,11.055888081233753],[106.4847420171291,11.056562047740888],[106.48546620748961,11.056926531343542],[106.4857626435826,11.057149508403265],[106.48588245853192,11.0574899320805],[106.48585243737543,11.057835700740249],[106.48609017988473,11.058135188541218],[106.48665959451027,11.058428627135854],[106.48687918133547,11.05873271305317],[106.48711656546762,11.058955893105711],[106.4878709652081,11.058997109264379],[106.48824407633744,11.059120881726558],[106.48924278779565,11.059847520103308],[106.48966974265885,11.061627070965576],[106.49294096470791,11.062526488496466],[106.49620981055484,11.062963592405172],[106.49855131905737,11.064177196771107],[106.49975305002759,11.063735860159964],[106.50185854520763,11.064115895667811],[106.5043496060269,11.064377211741338],[106.50575488579656,11.064652971985286],[106.50762285354392,11.06477385065929],[106.50887983073815,11.065359916872392],[106.51126301097426,11.067614402781839],[106.51174925100062,11.068522942619794],[106.51224699869658,11.06989373502296],[106.51289307461505,11.07095410714504],[106.51415538697846,11.071692752171822],[106.51525265735258,11.072131540734757],[106.51635595649174,11.072875470353424],[106.51808009202965,11.073302146739671],[106.52012095301437,11.074337584720265],[106.52259982275704,11.073984009891648],[106.52325905559822,11.07406593526044],[106.52375853843921,11.07575978234276],[106.52450776490643,11.078305100386116],[106.52624608119116,11.08145575562927],[106.52871729095581,11.083987783586464],[106.5310640139076,11.086161449098455],[106.53279096611662,11.087974707195492],[106.53354103359929,11.089792977714323],[106.53342209068268,11.091373218907036],[106.5320776717485,11.092349453014672],[106.52998886760976,11.092602413128269],[106.52728228125851,11.092010245234201],[106.52518525346494,11.09068347512656],[106.52321869067559,11.08996644854035],[106.52235790378721,11.090455428320256],[106.52089084330574,11.091432245767136],[106.5197915659626,11.093259815443513],[106.51845460499881,11.095694501465022],[106.51698981896558,11.098008597294122],[106.51626570023933,11.100318996242212],[106.51651795037988,11.101650588794183],[106.51799513898787,11.102616986340324],[106.5205791650566,11.103209831434395],[106.52353765468354,11.104164246641716],[106.52538546181702,11.105613401777466],[106.52613748095649,11.107795178070958],[106.52676921505395,11.111310349899046],[106.52727760639,11.114705039491604],[106.5268020289584,11.117620040240695],[106.52657242163475,11.120659455798007],[106.52534662479816,11.121756186593176],[106.52325510001526,11.121524427791456],[106.51969636385061,11.122269484584839],[106.5167629191753,11.125318057752693],[106.51431764887023,11.127879440798004],[106.51236826700507,11.131412174811736],[106.51139920121838,11.133844975134128],[106.51067492183121,11.136155331608563],[106.50945092496967,11.137615527774646],[106.5083566511653,11.139564270884511],[106.50743956184915,11.141507620723218],[106.50750383527969,11.14163299343901],[106.50627994666978,11.142244998238828],[106.50418699221832,11.14177074965147],[106.50209091233303,11.140686203046025],[106.4997054085319,11.140760978439188],[106.49837882192054,11.141719020192317],[106.49659884667504,11.142899236773696],[106.49521771776426,11.14388450058998],[106.49353979089496,11.14457501789625],[106.49196075229345,11.14507204308343],[106.4901808312396,11.145377037542618],[106.48869529809987,11.145483146083608],[106.48710721750733,11.145096119568766],[106.4854222544477,11.144422284005776],[106.4836378945356,11.14384318298667],[106.48145303600718,11.14317189425859],[106.4794761846452,11.143181593064389],[106.47660603521408,11.143586221178403],[106.47265118401377,11.144287789689317],[106.4711665836375,11.144591223554478],[106.47028075371504,11.145573930527764],[106.46919594071336,11.146750597058213],[106.46820873879511,11.14744208070586],[106.46653498199697,11.149012048164996],[106.46683390788742,11.149697236538028],[106.46772808171382,11.150375014223634],[106.46882412167405,11.151446724570942],[106.46971884324776,11.152223254467568],[106.47032110850743,11.153589140977141],[106.47032937719636,11.15524959175904],[106.46963948205386,11.156330102524777],[106.46825628328207,11.156924748084913],[106.4672700744207,11.156925140025324],[106.46598179946056,11.157425100233526],[106.46490204168587,11.158700403260868],[106.46391665747505,11.159777846034146],[106.46312971952747,11.160567059315087],[106.46223799190857,11.160373980385813],[106.4612442620253,11.159790915492167],[106.46005110935822,11.159307561439128],[106.4589658999534,11.15951025328332],[106.45748310408361,11.160204118689467],[106.45629581447498,11.160892103773257],[106.45510907082806,11.160799064085982],[106.45351908754749,11.160025893221002],[106.45242798064942,11.159052852395115],[106.45152991794012,11.157589671080705],[106.45092581948748,11.155833328247784],[106.45072019994244,11.15378333459642],[106.45150520397036,11.152603709082168],[106.45249349543217,11.152109712508754],[106.45368157228403,11.152494436311848],[106.45477717924325,11.153467426951053],[106.455866321241,11.154050097664475],[106.45665727608888,11.1531666143625],[106.45713880647901,11.151306284067061],[106.45742756347633,11.149056458435735],[106.45711597914547,11.146710810537947],[106.45631450765104,11.144564928074782],[106.45551303922724,11.142419161256054],[106.45441554113799,11.141055636048298],[106.45302022065263,11.13920443476015],[106.45172780954158,11.137936078446904],[106.45053785655537,11.13716090144527],[106.44904936890435,11.13667889224121],[106.44780443232773,11.136738777979899],[106.44783876167111,11.13540568903863],[106.44769245759767,11.134297900503325],[106.44775401673155,11.132049108330941],[106.4476059153715,11.131511320910917],[106.4469524912682,11.130782949053112],[106.44618071475227,11.13001468728562],[106.44532949924886,11.128825039522003],[106.4445420920523,11.127644019359957],[106.4445026408911,11.127024861520644],[106.44332243454458,11.123597236281473],[106.44217476598672,11.120317575342087],[106.44202325371961,11.118155106323792],[106.44158884727203,11.116689634374174],[106.44035177337993,11.115560096865824],[106.4397433039438,11.115648243620226],[106.4386059893754,11.11446437333371],[106.4378982262671,11.11377213004075],[106.43690245545054,11.112726706940686],[106.43647057582317,11.111750421847212],[106.4362540073083,11.110216577761832],[106.4379472016714,11.10984496861236]]]},"id":"5_00000000000000000000","properties":{"DAN_SO":40898,"DT_KM2":77.699,"OBJECTID":1,"Shape_Area":7.79554584335E7,"Shape_Leng":42981.2296077,"XA_MOI":"An Nhơn Tây","area_km2":78.27929988169157,"green_km2":56.09106054208743,"green_km2_max":9.75389633178711E-5,"green_km2_mean":9.752027242742188E-5,"green_km2_min":9.750122833251953E-5,"green_km2_stdDev":8.475556453125314E-9,"green_km2_sum":56.09106054208743,"green_ratio":0.7165503604000212,"green_th":0.4,"ndvi_max":0.8703039288520813,"ndvi_mean":0.5426959349795307,"ndvi_min":-0.3127753436565399,"ndvi_std":0.21158779876697206,"ndvi_stdDev":0.21158779876697206,"ndvi_sum":428657.0993018323,"xa":"An Nhơn Tây","year":2024.0}},{"type":"Feature","geometry":{"type":"Polygon","coordinates":[[[106.5660928933176,11.00605515655176],[106.56704692219758,11.004362809148597],[106.56727513444898,11.003710950078698],[106.56826585538977,11.00207678449169],[106.56984429247265,10.999932471132329],[106.57070841842148,10.997576363587303],[106.57233264294868,10.992932163353906],[106.57319426115923,10.990962051023734],[106.5761171527562,10.984547458233664],[106.57743882899318,10.984540605683854],[106.58093558226231,10.984441692356572],[106.5838492271521,10.984013623555006],[106.58707711453673,10.983727576505807],[106.5946286449826,10.983423317457575],[106.59481003317576,10.979127645098588],[106.59344238615702,10.979027063908868],[106.59320497330451,10.976254987036583],[106.59457450733636,10.97587080511047],[106.59646573584193,10.975367258842953],[106.5980904250108,10.975129885125204],[106.5996159317066,10.975032065525552],[106.60102876396836,10.975083047134417],[106.60253864313593,10.975460987963544],[106.60287013627952,10.975441348052339],[106.60298300234682,10.975324016480227],[106.60309946580092,10.975018305986772],[106.6034491263408,10.975016396523744],[106.6042405411799,10.97522319417254],[106.60528548301798,10.975280493184018],[106.60915385337701,10.975058109840196],[106.60986641524659,10.97496015770818],[106.60982504468372,10.973201201702219],[106.60976280898234,10.972609177718939],[106.60966666745001,10.972475013966793],[106.60823507203818,10.972289587110492],[106.608157457858,10.972213697396867],[106.6081263402455,10.968982801220108],[106.60816312378213,10.968219693818611],[106.6086203553575,10.967108827892213],[106.60890985791211,10.966057213900571],[106.60929280410598,10.965480746315016],[106.6097545348731,10.964369838095571],[106.60936430305962,10.963595576325584],[106.60905915108677,10.960069848923148],[106.61188584796939,10.960409416127312],[106.61314289906534,10.960232222528381],[106.61395575463114,10.960227927618247],[106.6140333708957,10.960303807688048],[106.61395872257586,10.960761950306077],[106.6151371797246,10.961182026887796],[106.61579256045286,10.960604170387377],[106.61730982797815,10.960672391684538],[106.61974323433442,10.95967667932254],[106.62403998663443,10.958931338412167],[106.62469359549408,10.955530736924638],[106.62490468990124,10.952603685460284],[106.62529162189684,10.950285978845551],[106.62471832959591,10.949243372063894],[106.62378230321049,10.948314977145632],[106.6201987815519,10.944061783887115],[106.617362352427,10.941061092373594],[106.61350363819597,10.936275181022612],[106.61050541157798,10.932705402114438],[106.60672506304658,10.928102948319385],[106.60414763971933,10.925060426360307],[106.60334588289193,10.92375417523277],[106.60040148688417,10.924258788080271],[106.600346718262,10.924209707677505],[106.59988842504987,10.921730386454517],[106.59911995873387,10.918992421418526],[106.60428272007505,10.918094833126018],[106.60661534273366,10.91783126653125],[106.61020475479967,10.91737709261955],[106.61763675690406,10.916278786963856],[106.62236482500897,10.915629957411884],[106.62457532155531,10.916304856179154],[106.62709812317235,10.916789578823366],[106.62892910426353,10.916968330639019],[106.63094547693437,10.917020401024864],[106.63186975145034,10.916638518697265],[106.63343120508594,10.916526974515442],[106.63459393768392,10.916583573046262],[106.63551516955994,10.916488940848252],[106.63563281984096,10.916407490848332],[106.63661782863342,10.916348433891901],[106.6385122134173,10.916499869680468],[106.63964142248439,10.917063716633773],[106.64162497328704,10.917748620867142],[106.64219417259864,10.918041766869008],[106.64344267441366,10.918820450963233],[106.64446963549665,10.919784246580582],[106.64579892630172,10.920387372645271],[106.64743262125809,10.920203535023338],[106.64903493513856,10.920100676111698],[106.65025810953904,10.920408275267283],[106.65083506740389,10.920450007640941],[106.65195471544348,10.920093897238237],[106.65257008804372,10.919700171551714],[106.65301607909569,10.91988177832758],[106.65460925870357,10.921398968381313],[106.65524056080794,10.922248123641896],[106.65546220962949,10.922911160963393],[106.65590011064256,10.924914681516901],[106.65625282489623,10.925460312011339],[106.65698470204688,10.926421167014931],[106.6558354329314,10.9271723017034],[106.65377439191587,10.928902190697713],[106.65264987701718,10.93001674748559],[106.65033277035528,10.933089752008971],[106.64995964643549,10.933769435622809],[106.64964715114718,10.934749356756711],[106.64946697631873,10.935827397476098],[106.64942182019439,10.936707203478829],[106.64953776890702,10.937967576798151],[106.64978972594241,10.939186836882335],[106.65108837523762,10.943259027844151],[106.6514603316995,10.944818668592388],[106.65167621965924,10.946078560553111],[106.65189777490049,10.95164192998704],[106.65181816610942,10.952854030427952],[106.6514609613724,10.954772161946963],[106.65070940308011,10.957643791484612],[106.64990441551424,10.959896386262896],[106.64857590919047,10.963565465464967],[106.64827564935479,10.966748831698512],[106.64792357768455,10.96959583971286],[106.64846697724892,10.971773866650976],[106.64909043569604,10.972816046849537],[106.64975653344231,10.974988937173125],[106.64954073733881,10.976215223099597],[106.64903493513856,10.978371993423337],[106.64845816194968,10.98000864417736],[106.64825154223196,10.980418075506046],[106.64794939385563,10.980805697851048],[106.6473753220918,10.981297899283142],[106.64712633625095,10.981456332894624],[106.64618319702126,10.981726211092262],[106.64544784809884,10.981797478190144],[106.64351184594146,10.98158803485854],[106.64297997232818,10.98150565480723],[106.64145200103563,10.981145943556887],[106.64003566660577,10.980457967592544],[106.63844124452356,10.979591522118703],[106.63649810903554,10.978906383434031],[106.63402196996846,10.978744677996257],[106.63261054107082,10.978927213327422],[106.63066907680562,10.979372989119524],[106.62899611251066,10.97990697123645],[106.62775758758589,10.980173880883209],[106.62670273330548,10.98078979863022],[106.62564932324325,10.981670533962403],[106.6245917809665,10.98263656238412],[106.62336452393062,10.984123976658534],[106.62222262799362,10.985440465151296],[106.62117058884185,10.986581434760733],[106.61967344080799,10.987720291809975],[106.61844144486966,10.988341676599019],[106.61720981570672,10.989043855883825],[106.61624315271993,10.990009335332363],[106.61563255995172,10.991322931506602],[106.61537677524821,10.992719958790072],[106.61564632052979,10.993853882880208],[106.61600823304153,10.995247683473364],[106.61743601259167,10.998031400348664],[106.61884554380057,10.999975990609945],[106.61994523995158,11.002554987248185],[106.61995315469018,11.004013417206004],[106.6195913255151,11.005958497250443],[106.61886542048681,11.007779921125652],[106.61752181457335,11.00960903400255],[106.61532497078817,11.01156384867236],[106.61274699508337,11.011941065115023],[106.60893602917804,11.011961312668946],[106.60476377590402,11.012346878530558],[106.60231300145868,11.01357602358979],[106.59936763031675,11.014076208027346],[106.5969247412149,11.016759229599135],[106.59571203027876,11.02016276880794],[106.59450256364148,11.023323987192432],[106.5943956373694,11.026237037665897],[106.59490194138155,11.029151375406869],[106.59577812891904,11.032422772367894],[106.59862065944428,11.035562634365936],[106.60109333539053,11.038340848357539],[106.60233359608583,11.04003516914705],[106.60147770662428,11.04137248412962],[106.60087237170437,11.042834166224726],[106.59965568153916,11.044662606504803],[106.59757062386542,11.045521769219341],[106.59535896496044,11.045654641453517],[106.59301882022842,11.044697650051063],[106.5916590982981,11.04276158275941],[106.59065639881074,11.03961199827949],[106.59003068072892,11.037308687427318],[106.58842583638396,11.036222112259148],[106.58523425872193,11.0366023037769],[106.58265862151706,11.03746845235525],[106.5819236686311,11.036808058528619],[106.58141991307191,11.036038859831345],[106.5806355962564,11.035481930073818],[106.57992430017892,11.034996524371874],[106.5792871931156,11.03478890360459],[106.57835864780499,11.034443690000003],[106.57771471127663,11.03381429115582],[106.57735520112207,11.032833367851309],[106.57706906815824,11.031995650016519],[106.57706385266464,11.03101285567462],[106.57762676701604,11.030098928337296],[106.57811927332442,11.029602745794671],[106.57868407882904,11.029038839077081],[106.57854856493834,11.02832594471817],[106.5783764525291,11.027564002241258],[106.57806298169348,11.027570102974902],[106.57774258727677,11.027118455645562],[106.57789006037011,11.026655499060462],[106.57770185234875,11.025431338265946],[106.57783161065635,11.024205512856174],[106.57855593861832,11.02204760520841],[106.57806343130709,11.020829501477335],[106.57758405381456,11.020378756405771],[106.57722823069628,11.018397043643148],[106.57783898431167,11.017927184199849],[106.57843813961497,11.016995058448552],[106.57949446627151,11.015746452493763],[106.57797458767664,11.014394588458472],[106.57486724191823,11.012615660471367],[106.56838086132159,11.009234081494117],[106.5670596905677,11.008495979751933],[106.56556004171583,11.00751186923072],[106.56548226311683,11.007395606405023],[106.5660928933176,11.00605515655176]]]},"id":"5_00000000000000000001","properties":{"DAN_SO":99675,"DT_KM2":54.437,"OBJECTID":2,"Shape_Area":5.38878132298E7,"Shape_Leng":50040.4631273,"XA_MOI":"Bình Mỹ","area_km2":54.10552891234025,"green_km2":36.88039414887323,"green_km2_max":9.758021545410157E-5,"green_km2_mean":9.75615314561222E-5,"green_km2_min":9.753861236572265E-5,"green_km2_stdDev":1.158431364501374E-8,"green_km2_sum":36.88039414887323,"green_ratio":0.6816381780247535,"green_th":0.4,"ndvi_max":0.8630474805831909,"ndvi_mean":0.4976655701503885,"ndvi_min":-0.34315168857574463,"ndvi_std":0.23487625071587306,"ndvi_stdDev":0.23487625071587306,"ndvi_sum":272025.6380615096,"xa":"Bình Mỹ","year":2024.0}},{"type":"Feature","geometry":{"type":"Polygon","coordinates":[[[106.48988393949836,10.925126801198955],[106.49610239428488,10.921806818217608],[106.49733602175363,10.921482150912077],[106.49973435298651,10.92069843455003],[106.50279889204482,10.920548801003337],[106.50797289707499,10.919966786385407],[106.51830303774045,10.91889247103405],[106.52234387950757,10.918760252784132],[106.52499079892401,10.918657262747972],[106.52976069527678,10.918112883938884],[106.53461404016848,10.917913587057068],[106.5399996529743,10.917886498782536],[106.54574252084286,10.91846792148308],[106.5504254890346,10.918704507238083],[106.55757794701141,10.918757913463894],[106.56269142385209,10.919687791280527],[106.56535646865647,10.920464013150328],[106.56792029845431,10.920971440596277],[106.57154035650088,10.92112786030671],[106.57719325089671,10.921013547478243],[106.58063478694221,10.920906044676927],[106.58381244777043,10.920714539899008],[106.58371568835142,10.921307462133035],[106.58348844776842,10.922111938767372],[106.58213768866607,10.925157076202844],[106.58190802179658,10.925521759756187],[106.58142512867143,10.92609423488904],[106.5807564538774,10.926730466872751],[106.5806822667136,10.927300786719798],[106.58074647233023,10.92827427957046],[106.58065178254098,10.930119250360516],[106.5839815970082,10.929478183411915],[106.5832344997323,10.931600310512195],[106.58160902359751,10.93422504032602],[106.57861627691152,10.94022264473785],[106.57652458929591,10.9448558647252],[106.5753813230689,10.947657639732663],[106.57100128687306,10.955013125459693],[106.56632910723496,10.962993989072489],[106.56559996507704,10.964245315752441],[106.56496901499006,10.965173064207468],[106.56399260609068,10.966905856112927],[106.56268863644786,10.96940768242769],[106.56203755376904,10.970842657230136],[106.559989726897,10.971795565525198],[106.55740693043589,10.97294866898761],[106.54888100175661,10.976281692309577],[106.54538720028027,10.977816320879585],[106.54325277192702,10.978756110094748],[106.53998409911594,10.982546925549691],[106.53789710530133,10.98476097379742],[106.53731154956435,10.985701920993092],[106.53678991812848,10.98848247887067],[106.53697188661917,10.98940158189036],[106.53764815625804,10.991072109609277],[106.53754791142043,10.992764481305619],[106.53698905855495,10.994472710627095],[106.53742132428492,10.996382326826138],[106.53502634224817,10.99701821073496],[106.53301221911647,10.997526568872747],[106.53170124675992,10.997860733103806],[106.53074692654575,10.99865990891784],[106.52967618706754,10.998912126510223],[106.52803718397266,10.99904606304598],[106.526311079537,10.999938823137045],[106.51940958909752,11.00403937082371],[106.51649241970337,11.005629155233471],[106.51407115467704,11.00648051034411],[106.51232565678349,11.004465203967998],[106.51139021176063,11.003626127670742],[106.50910582313959,11.001043479935616],[106.50796489658718,10.999989989115385],[106.50540736291613,10.997269622989107],[106.50272733888335,10.994563216420858],[106.49973039784341,10.99205583184841],[106.49847653132882,10.990221982297161],[106.49676954458923,10.986792673519059],[106.49829082056948,10.985829302879653],[106.4996909363061,10.984242642567676],[106.50273147386437,10.981018787183165],[106.50393457700224,10.980025542818474],[106.50535288835194,10.98115399200994],[106.50632929760476,10.982019727517677],[106.50714651121079,10.981059768461346],[106.50292626751917,10.97822190762165],[106.503810077443,10.977854015029667],[106.50508725763369,10.9771341489231],[106.50548538921409,10.976817997497422],[106.50502990661212,10.975680339421553],[106.50487025870935,10.975533008293189],[106.50463860765954,10.975538670491469],[106.50323791976237,10.976093095495706],[106.50277498106102,10.976162734446298],[106.50267924726205,10.976086864821735],[106.50266953904823,10.975059185857567],[106.50214304889919,10.974245053550515],[106.50296815671807,10.97393577811875],[106.50214044207058,10.971929309549601],[106.50149808452497,10.969737861651216],[106.49972015042754,10.970240334512663],[106.49928211880946,10.968936493559333],[106.49937722184154,10.968877648675592],[106.49968482381351,10.968638298376797],[106.49964005879964,10.965164889878775],[106.49924903950401,10.964174991072257],[106.49970963334336,10.96363871688278],[106.49974513974078,10.963485930338049],[106.4993969076352,10.96287281847524],[106.49941416641472,10.962697710748026],[106.49912013812947,10.96202594239221],[106.49849774515297,10.961988613783019],[106.49834268652987,10.961872697738436],[106.49822133638258,10.961218047260001],[106.49795301797135,10.961143056912434],[106.49802726618098,10.960568254363823],[106.49833630440928,10.960607163418523],[106.49841315953633,10.960530504659342],[106.49841181120053,10.960261189100862],[106.49891141515026,10.960258731880792],[106.49898818059751,10.9601820785007],[106.49910242992728,10.959414094237326],[106.49861558978276,10.95924144711534],[106.49864983754792,10.958819435272584],[106.49874907519805,10.958684298070336],[106.49901721484304,10.958723385616551],[106.49909407021812,10.958646729043457],[106.49909245220994,10.958341522446897],[106.4988783359029,10.958207959766247],[106.49893595492134,10.957915977849039],[106.49916544236929,10.957497429108594],[106.49902836111792,10.957323113887087],[106.49803976073699,10.956726592763117],[106.49811598653353,10.956537738835243],[106.49826987643311,10.956420249142962],[106.49927627599698,10.95695837563046],[106.4997052287527,10.956462567342069],[106.50009570955498,10.955540622757205],[106.50006523692494,10.953987982914052],[106.49965830638448,10.953455901315447],[106.49939708741415,10.952986006358087],[106.49883393061707,10.95209121125587],[106.49830789948051,10.95133975650957],[106.49781360039897,10.950588217096684],[106.49783094893776,10.950426624888106],[106.49770420575966,10.949596966930649],[106.49756550746123,10.949108484267976],[106.49735552757963,10.94799199952261],[106.49747310190538,10.94790619161841],[106.49783589282215,10.947787679932087],[106.49799481629438,10.947777987091094],[106.49809908741588,10.947745984943099],[106.49812146975816,10.947687595679396],[106.49786007291286,10.947177238917352],[106.49768182346166,10.946949222537091],[106.4974800233318,10.946568710927865],[106.49742492159271,10.946438869440971],[106.49725026805152,10.946031283118126],[106.49717709877771,10.945932931990015],[106.4969061749308,10.945332879168324],[106.49662653226733,10.94481820444051],[106.49655749806996,10.944634481177829],[106.49608073126133,10.943743710146018],[106.49589214619598,10.94327791576402],[106.49478158313374,10.940985541860186],[106.4943281910407,10.940215879159863],[106.49422715772538,10.939996438286778],[106.49267319233572,10.93711834682965],[106.49184282149687,10.935443884662542],[106.49034783864579,10.932543036213342],[106.48716609168721,10.926513311578052],[106.48988393949836,10.925126801198955]]]},"id":"5_00000000000000000002","properties":{"DAN_SO":128661,"DT_KM2":64.877,"OBJECTID":3,"Shape_Area":6.39682713554E7,"Shape_Leng":37422.3099649,"XA_MOI":"Củ Chi","area_km2":64.2313115228001,"green_km2":36.03993010473526,"green_km2_max":9.757949829101562E-5,"green_km2_mean":9.756799217436866E-5,"green_km2_min":9.755104064941407E-5,"green_km2_stdDev":7.357725407207373E-9,"green_km2_sum":36.03993010473526,"green_ratio":0.5610959709571276,"green_th":0.4,"ndvi_max":0.8762392997741699,"ndvi_mean":0.43218541062010496,"ndvi_min":-0.3035566508769989,"ndvi_std":0.21589521552771035,"ndvi_stdDev":0.21589521552771035,"ndvi_sum":283363.48307060514,"xa":"Củ Chi","year":2024.0}},{"type":"Feature","geometry":{"type":"Polygon","coordinates":[[[106.43942806157875,11.023215644249726],[106.43971328939935,11.023016780978557],[106.44153969128293,11.02211498357733],[106.44431464138248,11.021042652942977],[106.4444455760128,11.020867019247854],[106.44445555113212,11.020121970439106],[106.44453238652677,11.020045325902581],[106.44595649749398,11.019567232974742],[106.44595425082927,11.019109509491084],[106.44637635461683,11.019026754538283],[106.44648931717612,11.018909498104792],[106.44645013524728,11.017397206427502],[106.44657235413216,11.016382368549056],[106.44806774392792,11.016541322293996],[106.45039954888786,11.016835321525676],[106.45241881397364,11.016363389692492],[106.45381862394372,11.016504835453107],[106.45490281807531,11.016194433623527],[106.45661009371946,11.016029132986949],[106.45830821636248,11.014948387938004],[106.45939162491015,11.014480926835885],[106.46079606505815,11.014626752729894],[106.46266677922647,11.015380720886679],[106.46343529124377,11.014609577598147],[106.4638773824069,11.012156985800603],[106.46339817324386,11.010781528254405],[106.46237370106745,11.00937275200061],[106.46189413585064,11.008845493270691],[106.46398424296426,11.007116562733305],[106.46481495309166,11.007009350217023],[106.46571747668771,11.006713224471195],[106.46546501774395,11.005260341757456],[106.46531016322726,11.005184790578845],[106.46418879705112,11.005315930099853],[106.46411123543845,11.005239932721862],[106.46380000065801,11.003850179140391],[106.46364317013963,11.002437220000802],[106.46378238530454,11.001193399465222],[106.46648851640525,11.000964958749014],[106.46662377893976,11.0007488708068],[106.46678834098482,11.000039014945859],[106.46825978845261,10.993564762223865],[106.46845419069521,10.993370850287514],[106.46967372510213,10.993813722931963],[106.47054687978309,10.994024996634126],[106.47062372475915,10.993948298996104],[106.470885806784,10.9927576859645],[106.47129016511815,10.992778239447562],[106.47169092912597,10.992067143481549],[106.4724269383992,10.992104020335484],[106.47308277885291,10.991526366180812],[106.47394489265017,10.990431632593731],[106.47417579091027,10.990277890890278],[106.47467965152183,10.990221662561634],[106.47533882454348,10.990317139155266],[106.47582129664586,10.990530262262743],[106.47605282612581,10.990488687646325],[106.47628291778733,10.99018244137517],[106.47763480126899,10.989834776526832],[106.47767830328203,10.990373119992983],[106.47791019433,10.990412382911886],[106.48155792811238,10.98864431555193],[106.48271273342877,10.987952044965683],[106.48392462070221,10.98687802562372],[106.48575940777098,10.98681520238966],[106.48574089173867,10.998546723309836],[106.48744005907982,10.99769910850511],[106.49104966669577,10.996492188777541],[106.49157154496078,10.996390902401558],[106.49064194458293,11.000326861756024],[106.49057309211706,11.001090128699405],[106.49030613172462,11.001288918720977],[106.49006595754622,11.002304290398193],[106.48985715364584,11.005042980021349],[106.48939514316855,11.005314461889403],[106.48916009348011,11.00644656870148],[106.48909142126882,11.007250233786856],[106.48885987743355,11.008171409072144],[106.49243706035158,11.00861162288637],[106.49632765390643,11.009045717504947],[106.49958828240992,11.008872615831836],[106.49979251157652,11.008831180369441],[106.50474405065538,11.00799440904661],[106.5083080189031,11.007622141086161],[106.51047301939333,11.007274790299554],[106.51407115467704,11.00648051034411],[106.51571625264836,11.008397613363725],[106.51880412706134,11.009979833939967],[106.52017857782141,11.010489038032821],[106.52173121717111,11.011203815436554],[106.5226048571198,11.011486595380688],[106.52314695080979,11.011789062669417],[106.52586562101014,11.013108351108325],[106.52969003202718,11.014798965714103],[106.53438640229359,11.017310848508583],[106.54397833131344,11.02215835372129],[106.54668000534386,11.023670446065005],[106.54753127037834,11.02400712406408],[106.54676604877173,11.025352895529672],[106.54857503672017,11.026407215294485],[106.55080644270471,11.02746396095735],[106.55115089302156,11.027309604102474],[106.55177442953124,11.027535251737538],[106.55394679641546,11.02858775033898],[106.55400658829225,11.028722052759706],[106.55355010246326,11.030025813807272],[106.55311429742353,11.030948109559578],[106.55101153038834,11.034513164757563],[106.54989600322536,11.035766448508962],[106.54929216263382,11.037564652042107],[106.54902207129687,11.03804622938189],[106.54748838337035,11.040118454456827],[106.54569271119388,11.043363314191055],[106.54569370019401,11.04355178922732],[106.54764842298295,11.043788644228048],[106.54798073033767,11.043921587931084],[106.54848800354878,11.044488939444596],[106.5492595250806,11.04433235054505],[106.54949266341484,11.044618420387831],[106.5499446450151,11.045037933390983],[106.55038853557579,11.04564601193962],[106.54932498001332,11.04642330048023],[106.54842902241153,11.047110098186621],[106.54745736447057,11.0489370361441],[106.54635839923404,11.05076471570471],[106.54538603146362,11.052466033577844],[106.54330258100536,11.053692860951209],[106.54048002500927,11.05431311951721],[106.53790339870812,11.05505322552181],[106.53520911837145,11.056767828373193],[106.53324893580742,11.05811510394229],[106.53178458703307,11.059576568023674],[106.5306931646867,11.062009995017473],[106.5294751655475,11.064565264923338],[106.52825285811247,11.06627233070953],[106.52666564901068,11.067734421430332],[106.52507467596487,11.069322126651448],[106.52398256892211,11.071634394493188],[106.52325905559822,11.07406593526044],[106.52259982275704,11.073984009891648],[106.52012095301437,11.074337584720265],[106.51808009202965,11.073302146739671],[106.51635595649174,11.072875470353424],[106.51525265735258,11.072131540734757],[106.51415538697846,11.071692752171822],[106.51289307461505,11.07095410714504],[106.51224699869658,11.06989373502296],[106.51174925100062,11.068522942619794],[106.51126301097426,11.067614402781839],[106.50887983073815,11.065359916872392],[106.50762285354392,11.06477385065929],[106.50575488579656,11.064652971985286],[106.5043496060269,11.064377211741338],[106.50185854520763,11.064115895667811],[106.49975305002759,11.063735860159964],[106.49855131905737,11.064177196771107],[106.49620981055484,11.062963592405172],[106.49294096470791,11.062526488496466],[106.48966974265885,11.061627070965576],[106.48924278779565,11.059847520103308],[106.48824407633744,11.059120881726558],[106.4878709652081,11.058997109264379],[106.48711656546762,11.058955893105711],[106.48687918133547,11.05873271305317],[106.48665959451027,11.058428627135854],[106.48609017988473,11.058135188541218],[106.48585243737543,11.057835700740249],[106.48588245853192,11.0574899320805],[106.4857626435826,11.057149508403265],[106.48546620748961,11.056926531343542],[106.4847420171291,11.056562047740888],[106.48308026269633,11.055888081233753],[106.4821839562036,11.055623179149572],[106.48034866103714,11.054761570997595],[106.47921418177935,11.054116354964844],[106.47834800173105,11.053523682492424],[106.47761808355564,11.052925842035329],[106.47780188859551,11.052426796791744],[106.47730916561858,11.052016370891943],[106.47685823792371,11.051798642852102],[106.47659021637993,11.051804465151415],[106.4762049023051,11.051963374927297],[106.47600932444941,11.051928462790412],[106.47589023416232,11.05174056453735],[106.4765256827394,11.050696220685104],[106.47655606208303,11.05042685436922],[106.4750894997894,11.048777946576745],[106.47396682303064,11.047769121755715],[106.47260759316411,11.046689702276783],[106.4722513169509,11.0462964575688],[106.47070335595704,11.043822218176556],[106.4696282474592,11.045052569641726],[106.46808515912991,11.046289774290457],[106.46498688344714,11.047224819195101],[106.46298115790998,11.048616824451553],[106.46205204354159,11.049083551991847],[106.46127598725303,11.049239883894666],[106.46050820214204,11.050163627330122],[106.46020910553202,11.051237682932614],[106.45897264036712,11.052011068953433],[106.45789058206414,11.052783722772823],[106.45614033764271,11.05531441131893],[106.45581967827495,11.054790889109253],[106.45483918981617,11.052206008908144],[106.45431605482061,11.049304878655633],[106.45408445948463,11.04563036579275],[106.45423283504677,11.045319987847309],[106.45388162280233,11.04318092666092],[106.4529178591725,11.041219800812009],[106.44888293358403,11.037375001505586],[106.4462828033312,11.035197304184267],[106.4443825799999,11.03308804670683],[106.44240940352859,11.02999177982942],[106.4411425796129,11.027322988644137],[106.44016809108865,11.025913880791869],[106.439046590198,11.024168881280803],[106.43942806157875,11.023215644249726]]]},"id":"5_00000000000000000003","properties":{"DAN_SO":40239,"DT_KM2":62.056,"OBJECTID":4,"Shape_Area":6.18775951106E7,"Shape_Leng":40792.3929424,"XA_MOI":"Nhuận Đức","area_km2":62.1329590832498,"green_km2":41.45438120586929,"green_km2_max":9.75573501586914E-5,"green_km2_mean":9.754299756909635E-5,"green_km2_min":9.752909088134766E-5,"green_km2_stdDev":5.481952337768967E-9,"green_km2_sum":41.45438120586929,"green_ratio":0.6671882655761815,"green_th":0.4,"ndvi_max":0.8684948682785034,"ndvi_mean":0.5090522627555678,"ndvi_min":-0.21656054258346558,"ndvi_std":0.19776178009329037,"ndvi_stdDev":0.19776178009329037,"ndvi_sum":322422.54400526365,"xa":"Nhuận Đức","year":2024.0}},{"type":"Feature","geometry":{"type":"Polygon","coordinates":[[[106.51649241970337,11.005629155233471],[106.51940958909752,11.00403937082371],[106.526311079537,10.999938823137045],[106.52803718397266,10.99904606304598],[106.52967618706754,10.998912126510223],[106.53074692654575,10.99865990891784],[106.53170124675992,10.997860733103806],[106.53301221911647,10.997526568872747],[106.53502634224817,10.99701821073496],[106.53742132428492,10.996382326826138],[106.53698905855495,10.994472710627095],[106.53754791142043,10.992764481305619],[106.53764815625804,10.991072109609277],[106.53697188661917,10.98940158189036],[106.53678991812848,10.98848247887067],[106.53731154956435,10.985701920993092],[106.53789710530133,10.98476097379742],[106.53998409911594,10.982546925549691],[106.54325277192702,10.978756110094748],[106.54538720028027,10.977816320879585],[106.54888100175661,10.976281692309577],[106.55740693043589,10.97294866898761],[106.559989726897,10.971795565525198],[106.56203755376904,10.970842657230136],[106.56268863644786,10.96940768242769],[106.56399260609068,10.966905856112927],[106.56496901499006,10.965173064207468],[106.56559996507704,10.964245315752441],[106.56632910723496,10.962993989072489],[106.57100128687306,10.955013125459693],[106.5753813230689,10.947657639732663],[106.57652458929591,10.9448558647252],[106.57861627691152,10.94022264473785],[106.58160902359751,10.93422504032602],[106.5832344997323,10.931600310512195],[106.5839815970082,10.929478183411915],[106.58597758606184,10.929081915443192],[106.58806226157876,10.928294707796892],[106.5985644523741,10.924640850265005],[106.60040148688417,10.924258788080271],[106.60334588289193,10.92375417523277],[106.60414763971933,10.925060426360307],[106.60672506304658,10.928102948319385],[106.61050541157798,10.932705402114438],[106.61350363819597,10.936275181022612],[106.617362352427,10.941061092373594],[106.6201987815519,10.944061783887115],[106.62378230321049,10.948314977145632],[106.62471832959591,10.949243372063894],[106.62529162189684,10.950285978845551],[106.62490468990124,10.952603685460284],[106.62469359549408,10.955530736924638],[106.62403998663443,10.958931338412167],[106.61974323433442,10.95967667932254],[106.61730982797815,10.960672391684538],[106.61579256045286,10.960604170387377],[106.6151371797246,10.961182026887796],[106.61395872257586,10.960761950306077],[106.6140333708957,10.960303807688048],[106.61395575463114,10.960227927618247],[106.61314289906534,10.960232222528381],[106.61188584796939,10.960409416127312],[106.60905915108677,10.960069848923148],[106.60936430305962,10.963595576325584],[106.6097545348731,10.964369838095571],[106.60929280410598,10.965480746315016],[106.60890985791211,10.966057213900571],[106.6086203553575,10.967108827892213],[106.60816312378213,10.968219693818611],[106.6081263402455,10.968982801220108],[106.608157457858,10.972213697396867],[106.60823507203818,10.972289587110492],[106.60966666745001,10.972475013966793],[106.60976280898234,10.972609177718939],[106.60982504468372,10.973201201702219],[106.60986641524659,10.97496015770818],[106.60915385337701,10.975058109840196],[106.60528548301798,10.975280493184018],[106.6042405411799,10.97522319417254],[106.6034491263408,10.975016396523744],[106.60309946580092,10.975018305986772],[106.60298300234682,10.975324016480227],[106.60287013627952,10.975441348052339],[106.60253864313593,10.975460987963544],[106.60102876396836,10.975083047134417],[106.5996159317066,10.975032065525552],[106.5980904250108,10.975129885125204],[106.59646573584193,10.975367258842953],[106.59457450733636,10.97587080511047],[106.59320497330451,10.976254987036583],[106.59344238615702,10.979027063908868],[106.59481003317576,10.979127645098588],[106.5946286449826,10.983423317457575],[106.58707711453673,10.983727576505807],[106.5838492271521,10.984013623555006],[106.58093558226231,10.984441692356572],[106.57743882899318,10.984540605683854],[106.5761171527562,10.984547458233664],[106.57319426115923,10.990962051023734],[106.57233264294868,10.992932163353906],[106.57070841842148,10.997576363587303],[106.56984429247265,10.999932471132329],[106.56826585538977,11.00207678449169],[106.56727513444898,11.003710950078698],[106.56704692219758,11.004362809148597],[106.5660928933176,11.00605515655176],[106.56548226311683,11.007395606405023],[106.56556004171583,11.00751186923072],[106.5670596905677,11.008495979751933],[106.56838086132159,11.009234081494117],[106.57486724191823,11.012615660471367],[106.57797458767664,11.014394588458472],[106.57949446627151,11.015746452493763],[106.57843813961497,11.016995058448552],[106.57783898431167,11.017927184199849],[106.57722823069628,11.018397043643148],[106.57758405381456,11.020378756405771],[106.57806343130709,11.020829501477335],[106.57855593861832,11.02204760520841],[106.57783161065635,11.024205512856174],[106.57770185234875,11.025431338265946],[106.57789006037011,11.026655499060462],[106.57774258727677,11.027118455645562],[106.57806298169348,11.027570102974902],[106.5783764525291,11.027564002241258],[106.57854856493834,11.02832594471817],[106.57868407882904,11.029038839077081],[106.57811927332442,11.029602745794671],[106.57762676701604,11.030098928337296],[106.57706385266464,11.03101285567462],[106.57706906815824,11.031995650016519],[106.57735520112207,11.032833367851309],[106.57771471127663,11.03381429115582],[106.57835864780499,11.034443690000003],[106.5792871931156,11.03478890360459],[106.57992430017892,11.034996524371874],[106.5806355962564,11.035481930073818],[106.58141991307191,11.036038859831345],[106.5819236686311,11.036808058528619],[106.58265862151706,11.03746845235525],[106.58144185456038,11.039296819486308],[106.58046779851155,11.041482896452854],[106.57999075365697,11.044034400617782],[106.57926723015845,11.046344825129413],[106.57804715529511,11.048415567345222],[106.57621696609422,11.05024713599737],[106.57475025423372,11.052072243650171],[106.57328741900263,11.05378069806821],[106.57156823169785,11.054274378436205],[106.57008788391936,11.053555028789818],[106.56885356422522,11.05210296160439],[106.5682280895773,11.049803932292974],[106.56784395769215,11.047620431034517],[106.56709835535513,11.045802295822144],[106.5650041726273,11.044964920812971],[106.56193253191796,11.044859630793336],[106.55763827939015,11.04548761444918],[106.55567186622584,11.04561888728622],[106.55296819009452,11.04551160455409],[106.55038853557579,11.04564601193962],[106.5499446450151,11.045037933390983],[106.54949266341484,11.044618420387831],[106.5492595250806,11.04433235054505],[106.54848800354878,11.044488939444596],[106.54798073033767,11.043921587931084],[106.54764842298295,11.043788644228048],[106.54569370019401,11.04355178922732],[106.54569271119388,11.043363314191055],[106.54748838337035,11.040118454456827],[106.54902207129687,11.03804622938189],[106.54929216263382,11.037564652042107],[106.54989600322536,11.035766448508962],[106.55101153038834,11.034513164757563],[106.55311429742353,11.030948109559578],[106.55355010246326,11.030025813807272],[106.55400658829225,11.028722052759706],[106.55394679641546,11.02858775033898],[106.55177442953124,11.027535251737538],[106.55115089302156,11.027309604102474],[106.55080644270471,11.02746396095735],[106.54857503672017,11.026407215294485],[106.54676604877173,11.025352895529672],[106.54753127037834,11.02400712406408],[106.54668000534386,11.023670446065005],[106.54397833131344,11.02215835372129],[106.53438640229359,11.017310848508583],[106.52969003202718,11.014798965714103],[106.52586562101014,11.013108351108325],[106.52314695080979,11.011789062669417],[106.5226048571198,11.011486595380688],[106.52173121717111,11.011203815436554],[106.52017857782141,11.010489038032821],[106.51880412706134,11.009979833939967],[106.51571625264836,11.008397613363725],[106.51407115467704,11.00648051034411],[106.51649241970337,11.005629155233471]]]},"id":"5_00000000000000000004","properties":{"DAN_SO":97766,"DT_KM2":59.075,"OBJECTID":5,"Shape_Area":5.93669067075E7,"Shape_Leng":48438.2013139,"XA_MOI":"Phú Hòa Đông","area_km2":59.609127551109395,"green_km2":41.126291847431816,"green_km2_max":9.757762908935547E-5,"green_km2_mean":9.755817785876742E-5,"green_km2_min":9.753582000732422E-5,"green_km2_stdDev":1.0891164140526497E-8,"green_km2_sum":41.126291847431816,"green_ratio":0.6899327927953612,"green_th":0.4,"ndvi_max":0.8696420788764954,"ndvi_mean":0.5052135886703958,"ndvi_min":-0.3527543544769287,"ndvi_std":0.20684280311247974,"ndvi_stdDev":0.20684280311247974,"ndvi_sum":306264.50727332465,"xa":"Phú Hòa Đông","year":2024.0}},{"type":"Feature","geometry":{"type":"Polygon","coordinates":[[[106.4410439982632,10.952728662821132],[106.44379476790601,10.950538911415318],[106.45461963652261,10.942579699354598],[106.46032225531111,10.939455833540338],[106.46846389733064,10.935512305527876],[106.47292333492517,10.9336148520465],[106.48716609168721,10.926513311578052],[106.49034783864579,10.932543036213342],[106.49184282149687,10.935443884662542],[106.49267319233572,10.93711834682965],[106.49422715772538,10.939996438286778],[106.4943281910407,10.940215879159863],[106.49478158313374,10.940985541860186],[106.49589214619598,10.94327791576402],[106.49608073126133,10.943743710146018],[106.49655749806996,10.944634481177829],[106.49662653226733,10.94481820444051],[106.4969061749308,10.945332879168324],[106.49717709877771,10.945932931990015],[106.49725026805152,10.946031283118126],[106.49742492159271,10.946438869440971],[106.4974800233318,10.946568710927865],[106.49768182346166,10.946949222537091],[106.49786007291286,10.947177238917352],[106.49812146975816,10.947687595679396],[106.49809908741588,10.947745984943099],[106.49799481629438,10.947777987091094],[106.49783589282215,10.947787679932087],[106.49747310190538,10.94790619161841],[106.49735552757963,10.94799199952261],[106.49756550746123,10.949108484267976],[106.49770420575966,10.949596966930649],[106.49783094893776,10.950426624888106],[106.49781360039897,10.950588217096684],[106.49830789948051,10.95133975650957],[106.49883393061707,10.95209121125587],[106.49939708741415,10.952986006358087],[106.49965830638448,10.953455901315447],[106.50006523692494,10.953987982914052],[106.50009570955498,10.955540622757205],[106.4997052287527,10.956462567342069],[106.49927627599698,10.95695837563046],[106.49826987643311,10.956420249142962],[106.49811598653353,10.956537738835243],[106.49803976073699,10.956726592763117],[106.49902836111792,10.957323113887087],[106.49916544236929,10.957497429108594],[106.49893595492134,10.957915977849039],[106.4988783359029,10.958207959766247],[106.49909245220994,10.958341522446897],[106.49909407021812,10.958646729043457],[106.49901721484304,10.958723385616551],[106.49874907519805,10.958684298070336],[106.49864983754792,10.958819435272584],[106.49861558978276,10.95924144711534],[106.49910242992728,10.959414094237326],[106.49898818059751,10.9601820785007],[106.49891141515026,10.960258731880792],[106.49841181120053,10.960261189100862],[106.49841315953633,10.960530504659342],[106.49833630440928,10.960607163418523],[106.49802726618098,10.960568254363823],[106.49795301797135,10.961143056912434],[106.49822133638258,10.961218047260001],[106.49834268652987,10.961872697738436],[106.49849774515297,10.961988613783019],[106.49912013812947,10.96202594239221],[106.49941416641472,10.962697710748026],[106.4993969076352,10.96287281847524],[106.49974513974078,10.963485930338049],[106.49970963334336,10.96363871688278],[106.49924903950401,10.964174991072257],[106.49964005879964,10.965164889878775],[106.49968482381351,10.968638298376797],[106.49937722184154,10.968877648675592],[106.49928211880946,10.968936493559333],[106.49972015042754,10.970240334512663],[106.50149808452497,10.969737861651216],[106.50214044207058,10.971929309549601],[106.50296815671807,10.97393577811875],[106.50214304889919,10.974245053550515],[106.50266953904823,10.975059185857567],[106.50267924726205,10.976086864821735],[106.50277498106102,10.976162734446298],[106.50323791976237,10.976093095495706],[106.50463860765954,10.975538670491469],[106.50487025870935,10.975533008293189],[106.50502990661212,10.975680339421553],[106.50548538921409,10.976817997497422],[106.50508725763369,10.9771341489231],[106.503810077443,10.977854015029667],[106.50292626751917,10.97822190762165],[106.50714651121079,10.981059768461346],[106.50632929760476,10.982019727517677],[106.50535288835194,10.98115399200994],[106.50393457700224,10.980025542818474],[106.50273147386437,10.981018787183165],[106.4996909363061,10.984242642567676],[106.49829082056948,10.985829302879653],[106.49676954458923,10.986792673519059],[106.49847653132882,10.990221982297161],[106.49973039784341,10.99205583184841],[106.50272733888335,10.994563216420858],[106.50540736291613,10.997269622989107],[106.50796489658718,10.999989989115385],[106.50910582313959,11.001043479935616],[106.51139021176063,11.003626127670742],[106.51232565678349,11.004465203967998],[106.51407115467704,11.00648051034411],[106.51047301939333,11.007274790299554],[106.5083080189031,11.007622141086161],[106.50474405065538,11.00799440904661],[106.49979251157652,11.008831180369441],[106.49958828240992,11.008872615831836],[106.49632765390643,11.009045717504947],[106.49243706035158,11.00861162288637],[106.48885987743355,11.008171409072144],[106.48909142126882,11.007250233786856],[106.48916009348011,11.00644656870148],[106.48939514316855,11.005314461889403],[106.48985715364584,11.005042980021349],[106.49006595754622,11.002304290398193],[106.49030613172462,11.001288918720977],[106.49057309211706,11.001090128699405],[106.49064194458293,11.000326861756024],[106.49157154496078,10.996390902401558],[106.49104966669577,10.996492188777541],[106.48744005907982,10.99769910850511],[106.48574089173867,10.998546723309836],[106.48575940777098,10.98681520238966],[106.48392462070221,10.98687802562372],[106.48271273342877,10.987952044965683],[106.48155792811238,10.98864431555193],[106.47791019433,10.990412382911886],[106.47767830328203,10.990373119992983],[106.47763480126899,10.989834776526832],[106.47628291778733,10.99018244137517],[106.47605282612581,10.990488687646325],[106.47582129664586,10.990530262262743],[106.47533882454348,10.990317139155266],[106.47467965152183,10.990221662561634],[106.47417579091027,10.990277890890278],[106.47394489265017,10.990431632593731],[106.47308277885291,10.991526366180812],[106.4724269383992,10.992104020335484],[106.47169092912597,10.992067143481549],[106.47129016511815,10.992778239447562],[106.470885806784,10.9927576859645],[106.47062372475915,10.993948298996104],[106.47054687978309,10.994024996634126],[106.46967372510213,10.993813722931963],[106.46845419069521,10.993370850287514],[106.46825978845261,10.993564762223865],[106.46678834098482,11.000039014945859],[106.46662377893976,11.0007488708068],[106.46648851640525,11.000964958749014],[106.46378238530454,11.001193399465222],[106.46364317013963,11.002437220000802],[106.46380000065801,11.003850179140391],[106.46411123543845,11.005239932721862],[106.46418879705112,11.005315930099853],[106.46531016322726,11.005184790578845],[106.46546501774395,11.005260341757456],[106.46571747668771,11.006713224471195],[106.46481495309166,11.007009350217023],[106.46398424296426,11.007116562733305],[106.46189413585064,11.008845493270691],[106.46237370106745,11.00937275200061],[106.46339817324386,11.010781528254405],[106.4638773824069,11.012156985800603],[106.46343529124377,11.014609577598147],[106.46266677922647,11.015380720886679],[106.46079606505815,11.014626752729894],[106.45939162491015,11.014480926835885],[106.45830821636248,11.014948387938004],[106.45661009371946,11.016029132986949],[106.45490281807531,11.016194433623527],[106.45381862394372,11.016504835453107],[106.45241881397364,11.016363389692492],[106.45039954888786,11.016835321525676],[106.44965651744982,11.012593248554216],[106.44886478027956,11.011398752456786],[106.44763961561108,11.009806891543555],[106.44706680214517,11.008781908395878],[106.44435741754643,11.004652371537112],[106.44301302801549,11.002832160728323],[106.4414292476129,11.000348884801591],[106.4385589908111,10.998589669205813],[106.43802646097399,10.997438847291411],[106.43693166082595,10.995554510932676],[106.43656151669401,10.995094030012094],[106.43597795017506,10.994652507045648],[106.43485323680791,10.994078863666426],[106.43356794740032,10.993196244593664],[106.43244306732645,10.992582242007316],[106.43145379253365,10.991850856734013],[106.43085101027071,10.991180511886084],[106.42917701364708,10.98974319260706],[106.42799267074359,10.989053157418883],[106.4309556074255,10.9836580695543],[106.43288554219522,10.979793833073307],[106.43286127973897,10.979470796282694],[106.43222569425348,10.976704723147375],[106.43165229411113,10.974593507754474],[106.43108186093407,10.973097194734352],[106.43048429162349,10.970676529522203],[106.42979210182862,10.968413334823007],[106.42909218643499,10.967375342267184],[106.42640190575455,10.964228380692708],[106.42567145010156,10.96345089196037],[106.4410439982632,10.952728662821132]]]},"id":"5_00000000000000000005","properties":{"DAN_SO":84342,"DT_KM2":53.508,"OBJECTID":6,"Shape_Area":5.27078163182E7,"Shape_Leng":40995.4829881,"XA_MOI":"Tân An Hội","area_km2":52.92711879383533,"green_km2":34.255887331067875,"green_km2_max":9.757673645019532E-5,"green_km2_mean":9.756258883814793E-5,"green_km2_min":9.754770660400391E-5,"green_km2_stdDev":7.005054202984927E-9,"green_km2_sum":34.255887331067875,"green_ratio":0.647227510428129,"green_th":0.4,"ndvi_max":0.8550145626068115,"ndvi_mean":0.46908007920083894,"ndvi_min":-0.3387625813484192,"ndvi_std":0.19397006291292393,"ndvi_stdDev":0.19397006291292393,"ndvi_sum":253458.04471317853,"xa":"Tân An Hội","year":2024.0}},{"type":"Feature","geometry":{"type":"Polygon","coordinates":[[[106.36117291579755,10.983857107558471],[106.37281563527566,10.968257948251768],[106.39162764790873,10.970878933440263],[106.40203488269,10.972101302108102],[106.41306891109068,10.973311513276485],[106.41622598851939,10.970518746467674],[106.41869698142312,10.968626721660321],[106.42567145010156,10.96345089196037],[106.42640190575455,10.964228380692708],[106.42909218643499,10.967375342267184],[106.42979210182862,10.968413334823007],[106.43048429162349,10.970676529522203],[106.43108186093407,10.973097194734352],[106.43165229411113,10.974593507754474],[106.43222569425348,10.976704723147375],[106.43286127973897,10.979470796282694],[106.43288554219522,10.979793833073307],[106.4309556074255,10.9836580695543],[106.42799267074359,10.989053157418883],[106.42917701364708,10.98974319260706],[106.43085101027071,10.991180511886084],[106.43145379253365,10.991850856734013],[106.43244306732645,10.992582242007316],[106.43356794740032,10.993196244593664],[106.43485323680791,10.994078863666426],[106.43597795017506,10.994652507045648],[106.43656151669401,10.995094030012094],[106.43693166082595,10.995554510932676],[106.43802646097399,10.997438847291411],[106.4385589908111,10.998589669205813],[106.4414292476129,11.000348884801591],[106.44301302801549,11.002832160728323],[106.44435741754643,11.004652371537112],[106.44706680214517,11.008781908395878],[106.44763961561108,11.009806891543555],[106.44886478027956,11.011398752456786],[106.44965651744982,11.012593248554216],[106.45039954888786,11.016835321525676],[106.44806774392792,11.016541322293996],[106.44657235413216,11.016382368549056],[106.44645013524728,11.017397206427502],[106.44648931717612,11.018909498104792],[106.44637635461683,11.019026754538283],[106.44595425082927,11.019109509491084],[106.44595649749398,11.019567232974742],[106.44453238652677,11.020045325902581],[106.44445555113212,11.020121970439106],[106.4444455760128,11.020867019247854],[106.44431464138248,11.021042652942977],[106.44153969128293,11.02211498357733],[106.43971328939935,11.023016780978557],[106.43942806157875,11.023215644249726],[106.439046590198,11.024168881280803],[106.44016809108865,11.025913880791869],[106.4411425796129,11.027322988644137],[106.44240940352859,11.02999177982942],[106.4443825799999,11.03308804670683],[106.4462828033312,11.035197304184267],[106.44888293358403,11.037375001505586],[106.4529178591725,11.041219800812009],[106.45388162280233,11.04318092666092],[106.45423283504677,11.045319987847309],[106.45408445948463,11.04563036579275],[106.45431605482061,11.049304878655633],[106.45483918981617,11.052206008908144],[106.45581967827495,11.054790889109253],[106.45614033764271,11.05531441131893],[106.45544258061156,11.056628204354574],[106.45531757054957,11.059846732280876],[106.45472397598377,11.062914811575322],[106.45139808017883,11.073042165631445],[106.45096859700567,11.07718208327363],[106.4508923883239,11.081077958124776],[106.45058530716024,11.086070017841932],[106.44981819036919,11.087146358853877],[106.44661243475264,11.0931397186642],[106.44493795206684,11.097285616110272],[106.44510681063065,11.09835743996182],[106.44652139963249,11.100491395353584],[106.44668423839465,11.101258080681696],[106.44455152798037,11.105558760000065],[106.44215095177374,11.10623894057569],[106.44020511509912,11.106966378325078],[106.4379472016714,11.10984496861236],[106.4362540073083,11.110216577761832],[106.43508624859436,11.107453048714973],[106.43552306776712,11.106634136060354],[106.43519597000788,11.105729187316015],[106.4346290317292,11.104080311498434],[106.43434273252865,11.103157161490055],[106.43421746551948,11.102619213756748],[106.43409121010943,11.10188373814915],[106.43388156339475,11.100839051704842],[106.43356597045286,11.100418650582395],[106.43344789280656,11.100419220266783],[106.43294386196271,11.10050690704654],[106.43267086448608,11.10043188349087],[106.43255179887846,11.100239515684105],[106.4324604104545,11.099194259632132],[106.43229982931899,11.09888534098042],[106.43210411280316,11.098814441334065],[106.43124927050876,11.098706303882862],[106.43113002599384,11.098477970112018],[106.43119436590446,11.097701262978982],[106.43101913854088,11.096234577343536],[106.43084633754681,11.09526592602794],[106.43076249811463,11.094844480650382],[106.43061620602448,11.092794199367562],[106.4305330855645,11.092525302848525],[106.43021857601647,11.09233380983521],[106.42925006931402,11.092194750812542],[106.42855051518013,11.092242959098572],[106.42843217080208,11.092203138659972],[106.42761930759193,11.092292291732237],[106.42711987364656,11.092375431929632],[106.42661531898044,11.092341916449795],[106.42606898155951,11.092120082038832],[106.42579051177178,11.091852120310545],[106.42570703380868,11.091502441513152],[106.42577011403174,11.090456414331358],[106.42587650579034,11.089912880525402],[106.42597499010188,11.088673765087186],[106.42600473309201,11.088247269430418],[106.42606745397333,11.087124930768203],[106.42617222843909,11.08623588453629],[106.42626630984397,11.085032620888914],[106.42635158519424,11.082940835924889],[106.42626253580399,11.082375753393777],[106.42617914750943,11.082035032925525],[106.42582780279949,11.081736004590063],[106.42557799797042,11.080826166041625],[106.42564323474215,11.08021095284715],[106.42565320896111,11.078532396999016],[106.42579563367157,11.077916914836745],[106.42612649069412,11.076806837629293],[106.42679566455934,11.075187931256252],[106.42681866829166,11.074308224460722],[106.4267292592682,11.073662347107156],[106.42659761690663,11.072747436017416],[106.4261508422231,11.071497379860832],[106.42599008624134,11.071157071478883],[106.42546819177002,11.0703292844859],[106.42530689717002,11.069872262428996],[106.42513437049404,11.068961987857305],[106.42517507599375,11.068921424004719],[106.42517040339735,11.068885550332979],[106.4251212512839,11.0681228103078],[106.42522719342223,11.067471543229715],[106.4247820391177,11.06656257758473],[106.42385102812023,11.06665675134031],[106.42307852848273,11.066637895450267],[106.42241466811315,11.066533312899637],[106.42183248911513,11.066392483197857],[106.42148151117729,11.066174227629519],[106.42135759975304,11.06590548057737],[106.42127358443493,11.065452604992638],[106.4209940428029,11.064960266952419],[106.42035930228778,11.064285539438606],[106.42014966941524,11.063222895790405],[106.42090939864137,11.062478794841649],[106.42113493677034,11.062132167981895],[106.42050486831603,11.061497831962072],[106.42088405931311,11.060993403492436],[106.42168395690469,11.060096486028302],[106.42189781456739,11.059215827676722],[106.42139246387364,11.05899830036493],[106.42104202581426,11.058887742623288],[106.42080489639612,11.05870489607087],[106.42087633171715,11.05843525752662],[106.4209115551801,11.058206178322802],[106.42098182241227,11.057707730274165],[106.42101129512032,11.05720937877491],[106.42091577840183,11.056258382195459],[106.42065933015759,11.05488628254435],[106.42061700814071,11.054585752082344],[106.42048662762913,11.053940088372466],[106.42019513627832,11.052832950047115],[106.42026109020414,11.052374819251764],[106.42097256726397,11.051056484011497],[106.42157765714839,11.050281712512286],[106.42397377288904,11.047828972061444],[106.42401438830436,11.047788425998927],[106.42385435283116,11.047560273870603],[106.42361713034634,11.047372943059102],[106.42318482900693,11.04722679448085],[106.42247433279164,11.0468577067486],[106.42262259599755,11.046511432434936],[106.42299595017562,11.04573770935586],[106.42360113580976,11.04499886611209],[106.42284804612977,11.044270819056912],[106.42195100944875,11.043844160153094],[106.4219864128064,11.043651067013986],[106.42221150282298,11.043223629880808],[106.42220584187345,11.042994771305015],[106.42205048031923,11.04280699450235],[106.42161836195145,11.042696787912648],[106.42149966209553,11.042585149729975],[106.42161198216942,11.042315383833072],[106.4219200090517,11.042120954511782],[106.42191389882908,11.041811284076818],[106.42179034657156,11.041623414702505],[106.4214345164805,11.041324360652107],[106.42119666776706,11.04097989440852],[106.4207994151964,11.040568842759532],[106.42055680486193,11.040188518100809],[106.42082322696673,11.039841649386117],[106.42062221976866,11.039613773720964],[106.42018803769628,11.039086224546086],[106.41989726560729,11.038131617018028],[106.41969059842445,11.037674811035547],[106.41960191130948,11.037181524935633],[106.41967765926853,11.036871506264795],[106.4196310244008,11.03660697275212],[106.41939416615908,11.036495873094207],[106.4188898099611,11.036466821560573],[106.41837422315265,11.03601594417325],[106.417869599869,11.035946445084445],[106.41751476489357,11.03583595139127],[106.41688605523521,11.035466328147272],[106.41633435217324,11.035056068869087],[106.41514846511669,11.034078692215784],[106.41475176323861,11.033779893808738],[106.41395755308329,11.032989221930556],[106.41312731514924,11.03227495288071],[106.41215565345928,11.031453720231413],[106.41150207111846,11.03061747682506],[106.41109917645949,11.029973079538856],[106.41100977420487,11.029322774622617],[106.41071955408628,11.028484879274771],[106.41039267507087,11.027570771510286],[106.41025124929047,11.026503358428764],[106.41009032591822,11.02608667002384],[106.40964637213705,11.025402102392022],[106.4092844530207,11.024757461752353],[106.40932506556138,11.024716929627274],[106.40932039332178,11.024680986096827],[106.4092784330209,11.024452331672721],[106.40942596799219,11.023948948824692],[106.4094562477161,11.023643650287141],[106.40929604376711,11.02337957706006],[106.40905928717642,11.023268460522285],[106.40898219533544,11.023309256284815],[106.40879162227118,11.023350568555111],[106.4085141640167,11.023279987502665],[106.408435994174,11.023087369116672],[106.40850194436119,11.02262478647883],[106.4086551393593,11.022354821966696],[106.40869054044826,11.022166188836062],[106.40860221743804,11.021744667338844],[106.40851281626054,11.021094326066134],[106.40868487986765,11.020020913937564],[106.40893421511322,11.018942579292572],[106.40896997565231,11.018825749161293],[106.40906629552703,11.018057821656502],[106.40901337350077,11.017447695548064],[106.40888928982159,11.017143105505147],[106.40828585424852,11.016351538374787],[106.4081557510378,11.015737259689356],[106.40895137657719,11.014921227157942],[106.4094432193477,11.014223318836756],[106.4098640809864,11.013871294865694],[106.41032097380547,11.013483254124397],[106.41073653599537,11.012974144818568],[106.41110968908895,11.012164547012093],[106.41151393154401,11.011202201517841],[106.41198978675318,11.010006230197119],[106.41213768306218,11.009579146325963],[106.41185914210625,11.009279775633006],[106.41078245005274,11.008301898359996],[106.41003129375771,11.007973239133383],[106.40791072953614,11.00720216668511],[106.40578587425686,11.006476008688425],[106.40577976450948,11.00613040706989],[106.40580968430349,11.00574428874133],[106.40537795916609,11.005714900314715],[106.40510472838396,11.005568015048116],[106.4049339256349,11.00499440084277],[106.40479861329932,11.004232021108248],[106.40452592237381,11.004197358690408],[106.40327604114968,11.004064062785135],[106.40268466154883,11.003882765500014],[106.40044638323072,11.003192907545355],[106.39938628226135,11.002829785097582],[106.39812556073065,11.002315007587706],[106.39722476768613,11.002022901853607],[106.39534152453221,11.001484043160989],[106.39416330460972,11.001121396695765],[106.39235735466177,11.0005776647317],[106.39094277527562,11.000180234574772],[106.38953817806113,10.99997572911912],[106.38852017897936,10.999877185954544],[106.38424438613069,10.999622876231227],[106.38162700821965,10.99944181877227],[106.37993193820606,10.999296946758115],[106.37930801436701,10.999932539903421],[106.37200954850744,10.99927893066113],[106.36875208461076,10.999172403186112],[106.36515591735524,10.997545957494525],[106.36451577887415,10.996642269139258],[106.36420029176836,10.996185878646141],[106.36433683510317,10.995265183606065],[106.35946579762626,10.99197927714757],[106.35588165025239,10.990963005430226],[106.36117291579755,10.983857107558471]]]},"id":"5_00000000000000000006","properties":{"DAN_SO":49862,"DT_KM2":62.445,"OBJECTID":7,"Shape_Area":6.26979176182E7,"Shape_Leng":50253.2798163,"XA_MOI":"Thái Mỹ","area_km2":62.96127112290408,"green_km2":48.88740448033609,"green_km2_max":9.756486511230469E-5,"green_km2_mean":9.754563639013292E-5,"green_km2_min":9.751744079589843E-5,"green_km2_stdDev":1.2426969979883162E-8,"green_km2_sum":48.88740448033609,"green_ratio":0.7764678763379002,"green_th":0.4,"ndvi_max":0.8783783912658691,"ndvi_mean":0.555480154616139,"ndvi_min":-0.2878289520740509,"ndvi_std":0.18024478767619828,"ndvi_stdDev":0.18024478767619828,"ndvi_sum":350738.05526447226,"xa":"Thái Mỹ","year":2024.0}},{"type":"Feature","geometry":{"type":"Polygon","coordinates":[[[106.4379472016714,11.10984496861236],[106.44020511509912,11.106966378325078],[106.44215095177374,11.10623894057569],[106.44455152798037,11.105558760000065],[106.44668423839465,11.101258080681696],[106.44652139963249,11.100491395353584],[106.44510681063065,11.09835743996182],[106.44493795206684,11.097285616110272],[106.44661243475264,11.0931397186642],[106.44981819036919,11.087146358853877],[106.45058530716024,11.086070017841932],[106.4508923883239,11.081077958124776],[106.45096859700567,11.07718208327363],[106.45139808017883,11.073042165631445],[106.45472397598377,11.062914811575322],[106.45531757054957,11.059846732280876],[106.45544258061156,11.056628204354574],[106.45614033764271,11.05531441131893],[106.45789058206414,11.052783722772823],[106.45897264036712,11.052011068953433],[106.46020910553202,11.051237682932614],[106.46050820214204,11.050163627330122],[106.46127598725303,11.049239883894666],[106.46205204354159,11.049083551991847],[106.46298115790998,11.048616824451553],[106.46498688344714,11.047224819195101],[106.46808515912991,11.046289774290457],[106.4696282474592,11.045052569641726],[106.47070335595704,11.043822218176556],[106.4722513169509,11.0462964575688],[106.47260759316411,11.046689702276783],[106.47396682303064,11.047769121755715],[106.4750894997894,11.048777946576745],[106.47655606208303,11.05042685436922],[106.4765256827394,11.050696220685104],[106.47589023416232,11.05174056453735],[106.47600932444941,11.051928462790412],[106.4762049023051,11.051963374927297],[106.47659021637993,11.051804465151415],[106.47685823792371,11.051798642852102],[106.47730916561858,11.052016370891943],[106.47780188859551,11.052426796791744],[106.47761808355564,11.052925842035329],[106.47834800173105,11.053523682492424],[106.47921418177935,11.054116354964844],[106.48034866103714,11.054761570997595],[106.4821839562036,11.055623179149572],[106.48308026269633,11.055888081233753],[106.4847420171291,11.056562047740888],[106.48546620748961,11.056926531343542],[106.4857626435826,11.057149508403265],[106.48588245853192,11.0574899320805],[106.48585243737543,11.057835700740249],[106.48609017988473,11.058135188541218],[106.48665959451027,11.058428627135854],[106.48687918133547,11.05873271305317],[106.48711656546762,11.058955893105711],[106.4878709652081,11.058997109264379],[106.48824407633744,11.059120881726558],[106.48924278779565,11.059847520103308],[106.48966974265885,11.061627070965576],[106.49294096470791,11.062526488496466],[106.49620981055484,11.062963592405172],[106.49855131905737,11.064177196771107],[106.49975305002759,11.063735860159964],[106.50185854520763,11.064115895667811],[106.5043496060269,11.064377211741338],[106.50575488579656,11.064652971985286],[106.50762285354392,11.06477385065929],[106.50887983073815,11.065359916872392],[106.51126301097426,11.067614402781839],[106.51174925100062,11.068522942619794],[106.51224699869658,11.06989373502296],[106.51289307461505,11.07095410714504],[106.51415538697846,11.071692752171822],[106.51525265735258,11.072131540734757],[106.51635595649174,11.072875470353424],[106.51808009202965,11.073302146739671],[106.52012095301437,11.074337584720265],[106.52259982275704,11.073984009891648],[106.52325905559822,11.07406593526044],[106.52375853843921,11.07575978234276],[106.52450776490643,11.078305100386116],[106.52624608119116,11.08145575562927],[106.52871729095581,11.083987783586464],[106.5310640139076,11.086161449098455],[106.53279096611662,11.087974707195492],[106.53354103359929,11.089792977714323],[106.53342209068268,11.091373218907036],[106.5320776717485,11.092349453014672],[106.52998886760976,11.092602413128269],[106.52728228125851,11.092010245234201],[106.52518525346494,11.09068347512656],[106.52321869067559,11.08996644854035],[106.52235790378721,11.090455428320256],[106.52089084330574,11.091432245767136],[106.5197915659626,11.093259815443513],[106.51845460499881,11.095694501465022],[106.51698981896558,11.098008597294122],[106.51626570023933,11.100318996242212],[106.51651795037988,11.101650588794183],[106.51799513898787,11.102616986340324],[106.5205791650566,11.103209831434395],[106.52353765468354,11.104164246641716],[106.52538546181702,11.105613401777466],[106.52613748095649,11.107795178070958],[106.52676921505395,11.111310349899046],[106.52727760639,11.114705039491604],[106.5268020289584,11.117620040240695],[106.52657242163475,11.120659455798007],[106.52534662479816,11.121756186593176],[106.52325510001526,11.121524427791456],[106.51969636385061,11.122269484584839],[106.5167629191753,11.125318057752693],[106.51431764887023,11.127879440798004],[106.51236826700507,11.131412174811736],[106.51139920121838,11.133844975134128],[106.51067492183121,11.136155331608563],[106.50945092496967,11.137615527774646],[106.5083566511653,11.139564270884511],[106.50743956184915,11.141507620723218],[106.50750383527969,11.14163299343901],[106.50627994666978,11.142244998238828],[106.50418699221832,11.14177074965147],[106.50209091233303,11.140686203046025],[106.4997054085319,11.140760978439188],[106.49837882192054,11.141719020192317],[106.49659884667504,11.142899236773696],[106.49521771776426,11.14388450058998],[106.49353979089496,11.14457501789625],[106.49196075229345,11.14507204308343],[106.4901808312396,11.145377037542618],[106.48869529809987,11.145483146083608],[106.48710721750733,11.145096119568766],[106.4854222544477,11.144422284005776],[106.4836378945356,11.14384318298667],[106.48145303600718,11.14317189425859],[106.4794761846452,11.143181593064389],[106.47660603521408,11.143586221178403],[106.47265118401377,11.144287789689317],[106.4711665836375,11.144591223554478],[106.47028075371504,11.145573930527764],[106.46919594071336,11.146750597058213],[106.46820873879511,11.14744208070586],[106.46653498199697,11.149012048164996],[106.46683390788742,11.149697236538028],[106.46772808171382,11.150375014223634],[106.46882412167405,11.151446724570942],[106.46971884324776,11.152223254467568],[106.47032110850743,11.153589140977141],[106.47032937719636,11.15524959175904],[106.46963948205386,11.156330102524777],[106.46825628328207,11.156924748084913],[106.4672700744207,11.156925140025324],[106.46598179946056,11.157425100233526],[106.46490204168587,11.158700403260868],[106.46391665747505,11.159777846034146],[106.46312971952747,11.160567059315087],[106.46223799190857,11.160373980385813],[106.4612442620253,11.159790915492167],[106.46005110935822,11.159307561439128],[106.4589658999534,11.15951025328332],[106.45748310408361,11.160204118689467],[106.45629581447498,11.160892103773257],[106.45510907082806,11.160799064085982],[106.45351908754749,11.160025893221002],[106.45242798064942,11.159052852395115],[106.45152991794012,11.157589671080705],[106.45092581948748,11.155833328247784],[106.45072019994244,11.15378333459642],[106.45150520397036,11.152603709082168],[106.45249349543217,11.152109712508754],[106.45368157228403,11.152494436311848],[106.45477717924325,11.153467426951053],[106.455866321241,11.154050097664475],[106.45665727608888,11.1531666143625],[106.45713880647901,11.151306284067061],[106.45742756347633,11.149056458435735],[106.45711597914547,11.146710810537947],[106.45631450765104,11.144564928074782],[106.45551303922724,11.142419161256054],[106.45441554113799,11.141055636048298],[106.45302022065263,11.13920443476015],[106.45172780954158,11.137936078446904],[106.45053785655537,11.13716090144527],[106.44904936890435,11.13667889224121],[106.44780443232773,11.136738777979899],[106.44783876167111,11.13540568903863],[106.44769245759767,11.134297900503325],[106.44775401673155,11.132049108330941],[106.4476059153715,11.131511320910917],[106.4469524912682,11.130782949053112],[106.44618071475227,11.13001468728562],[106.44532949924886,11.128825039522003],[106.4445420920523,11.127644019359957],[106.4445026408911,11.127024861520644],[106.44332243454458,11.123597236281473],[106.44217476598672,11.120317575342087],[106.44202325371961,11.118155106323792],[106.44158884727203,11.116689634374174],[106.44035177337993,11.115560096865824],[106.4397433039438,11.115648243620226],[106.4386059893754,11.11446437333371],[106.4378982262671,11.11377213004075],[106.43690245545054,11.112726706940686],[106.43647057582317,11.111750421847212],[106.4362540073083,11.110216577761832],[106.4379472016714,11.10984496861236]]]},"id":"6_00000000000000000000","properties":{"DAN_SO":40898,"DT_KM2":77.699,"OBJECTID":1,"Shape_Area":7.79554584335E7,"Shape_Leng":42981.2296077,"XA_MOI":"An Nhơn Tây","area_km2":78.27929988169157,"green_km2":62.49581787125396,"green_km2_max":9.75389633178711E-5,"green_km2_mean":9.752026981422007E-5,"green_km2_min":9.750125885009766E-5,"green_km2_stdDev":8.230600994213243E-9,"green_km2_sum":62.49581787125396,"green_ratio":0.7983696579518189,"green_th":0.4,"ndvi_max":0.9050402045249939,"ndvi_mean":0.5819006665153654,"ndvi_min":-0.4189034700393677,"ndvi_std":0.2001305485519012,"ndvi_stdDev":0.2001305485519012,"ndvi_sum":459623.58608727664,"xa":"An Nhơn Tây","year":2025.0}},{"type":"Feature","geometry":{"type":"Polygon","coordinates":[[[106.5660928933176,11.00605515655176],[106.56704692219758,11.004362809148597],[106.56727513444898,11.003710950078698],[106.56826585538977,11.00207678449169],[106.56984429247265,10.999932471132329],[106.57070841842148,10.997576363587303],[106.57233264294868,10.992932163353906],[106.57319426115923,10.990962051023734],[106.5761171527562,10.984547458233664],[106.57743882899318,10.984540605683854],[106.58093558226231,10.984441692356572],[106.5838492271521,10.984013623555006],[106.58707711453673,10.983727576505807],[106.5946286449826,10.983423317457575],[106.59481003317576,10.979127645098588],[106.59344238615702,10.979027063908868],[106.59320497330451,10.976254987036583],[106.59457450733636,10.97587080511047],[106.59646573584193,10.975367258842953],[106.5980904250108,10.975129885125204],[106.5996159317066,10.975032065525552],[106.60102876396836,10.975083047134417],[106.60253864313593,10.975460987963544],[106.60287013627952,10.975441348052339],[106.60298300234682,10.975324016480227],[106.60309946580092,10.975018305986772],[106.6034491263408,10.975016396523744],[106.6042405411799,10.97522319417254],[106.60528548301798,10.975280493184018],[106.60915385337701,10.975058109840196],[106.60986641524659,10.97496015770818],[106.60982504468372,10.973201201702219],[106.60976280898234,10.972609177718939],[106.60966666745001,10.972475013966793],[106.60823507203818,10.972289587110492],[106.608157457858,10.972213697396867],[106.6081263402455,10.968982801220108],[106.60816312378213,10.968219693818611],[106.6086203553575,10.967108827892213],[106.60890985791211,10.966057213900571],[106.60929280410598,10.965480746315016],[106.6097545348731,10.964369838095571],[106.60936430305962,10.963595576325584],[106.60905915108677,10.960069848923148],[106.61188584796939,10.960409416127312],[106.61314289906534,10.960232222528381],[106.61395575463114,10.960227927618247],[106.6140333708957,10.960303807688048],[106.61395872257586,10.960761950306077],[106.6151371797246,10.961182026887796],[106.61579256045286,10.960604170387377],[106.61730982797815,10.960672391684538],[106.61974323433442,10.95967667932254],[106.62403998663443,10.958931338412167],[106.62469359549408,10.955530736924638],[106.62490468990124,10.952603685460284],[106.62529162189684,10.950285978845551],[106.62471832959591,10.949243372063894],[106.62378230321049,10.948314977145632],[106.6201987815519,10.944061783887115],[106.617362352427,10.941061092373594],[106.61350363819597,10.936275181022612],[106.61050541157798,10.932705402114438],[106.60672506304658,10.928102948319385],[106.60414763971933,10.925060426360307],[106.60334588289193,10.92375417523277],[106.60040148688417,10.924258788080271],[106.600346718262,10.924209707677505],[106.59988842504987,10.921730386454517],[106.59911995873387,10.918992421418526],[106.60428272007505,10.918094833126018],[106.60661534273366,10.91783126653125],[106.61020475479967,10.91737709261955],[106.61763675690406,10.916278786963856],[106.62236482500897,10.915629957411884],[106.62457532155531,10.916304856179154],[106.62709812317235,10.916789578823366],[106.62892910426353,10.916968330639019],[106.63094547693437,10.917020401024864],[106.63186975145034,10.916638518697265],[106.63343120508594,10.916526974515442],[106.63459393768392,10.916583573046262],[106.63551516955994,10.916488940848252],[106.63563281984096,10.916407490848332],[106.63661782863342,10.916348433891901],[106.6385122134173,10.916499869680468],[106.63964142248439,10.917063716633773],[106.64162497328704,10.917748620867142],[106.64219417259864,10.918041766869008],[106.64344267441366,10.918820450963233],[106.64446963549665,10.919784246580582],[106.64579892630172,10.920387372645271],[106.64743262125809,10.920203535023338],[106.64903493513856,10.920100676111698],[106.65025810953904,10.920408275267283],[106.65083506740389,10.920450007640941],[106.65195471544348,10.920093897238237],[106.65257008804372,10.919700171551714],[106.65301607909569,10.91988177832758],[106.65460925870357,10.921398968381313],[106.65524056080794,10.922248123641896],[106.65546220962949,10.922911160963393],[106.65590011064256,10.924914681516901],[106.65625282489623,10.925460312011339],[106.65698470204688,10.926421167014931],[106.6558354329314,10.9271723017034],[106.65377439191587,10.928902190697713],[106.65264987701718,10.93001674748559],[106.65033277035528,10.933089752008971],[106.64995964643549,10.933769435622809],[106.64964715114718,10.934749356756711],[106.64946697631873,10.935827397476098],[106.64942182019439,10.936707203478829],[106.64953776890702,10.937967576798151],[106.64978972594241,10.939186836882335],[106.65108837523762,10.943259027844151],[106.6514603316995,10.944818668592388],[106.65167621965924,10.946078560553111],[106.65189777490049,10.95164192998704],[106.65181816610942,10.952854030427952],[106.6514609613724,10.954772161946963],[106.65070940308011,10.957643791484612],[106.64990441551424,10.959896386262896],[106.64857590919047,10.963565465464967],[106.64827564935479,10.966748831698512],[106.64792357768455,10.96959583971286],[106.64846697724892,10.971773866650976],[106.64909043569604,10.972816046849537],[106.64975653344231,10.974988937173125],[106.64954073733881,10.976215223099597],[106.64903493513856,10.978371993423337],[106.64845816194968,10.98000864417736],[106.64825154223196,10.980418075506046],[106.64794939385563,10.980805697851048],[106.6473753220918,10.981297899283142],[106.64712633625095,10.981456332894624],[106.64618319702126,10.981726211092262],[106.64544784809884,10.981797478190144],[106.64351184594146,10.98158803485854],[106.64297997232818,10.98150565480723],[106.64145200103563,10.981145943556887],[106.64003566660577,10.980457967592544],[106.63844124452356,10.979591522118703],[106.63649810903554,10.978906383434031],[106.63402196996846,10.978744677996257],[106.63261054107082,10.978927213327422],[106.63066907680562,10.979372989119524],[106.62899611251066,10.97990697123645],[106.62775758758589,10.980173880883209],[106.62670273330548,10.98078979863022],[106.62564932324325,10.981670533962403],[106.6245917809665,10.98263656238412],[106.62336452393062,10.984123976658534],[106.62222262799362,10.985440465151296],[106.62117058884185,10.986581434760733],[106.61967344080799,10.987720291809975],[106.61844144486966,10.988341676599019],[106.61720981570672,10.989043855883825],[106.61624315271993,10.990009335332363],[106.61563255995172,10.991322931506602],[106.61537677524821,10.992719958790072],[106.61564632052979,10.993853882880208],[106.61600823304153,10.995247683473364],[106.61743601259167,10.998031400348664],[106.61884554380057,10.999975990609945],[106.61994523995158,11.002554987248185],[106.61995315469018,11.004013417206004],[106.6195913255151,11.005958497250443],[106.61886542048681,11.007779921125652],[106.61752181457335,11.00960903400255],[106.61532497078817,11.01156384867236],[106.61274699508337,11.011941065115023],[106.60893602917804,11.011961312668946],[106.60476377590402,11.012346878530558],[106.60231300145868,11.01357602358979],[106.59936763031675,11.014076208027346],[106.5969247412149,11.016759229599135],[106.59571203027876,11.02016276880794],[106.59450256364148,11.023323987192432],[106.5943956373694,11.026237037665897],[106.59490194138155,11.029151375406869],[106.59577812891904,11.032422772367894],[106.59862065944428,11.035562634365936],[106.60109333539053,11.038340848357539],[106.60233359608583,11.04003516914705],[106.60147770662428,11.04137248412962],[106.60087237170437,11.042834166224726],[106.59965568153916,11.044662606504803],[106.59757062386542,11.045521769219341],[106.59535896496044,11.045654641453517],[106.59301882022842,11.044697650051063],[106.5916590982981,11.04276158275941],[106.59065639881074,11.03961199827949],[106.59003068072892,11.037308687427318],[106.58842583638396,11.036222112259148],[106.58523425872193,11.0366023037769],[106.58265862151706,11.03746845235525],[106.5819236686311,11.036808058528619],[106.58141991307191,11.036038859831345],[106.5806355962564,11.035481930073818],[106.57992430017892,11.034996524371874],[106.5792871931156,11.03478890360459],[106.57835864780499,11.034443690000003],[106.57771471127663,11.03381429115582],[106.57735520112207,11.032833367851309],[106.57706906815824,11.031995650016519],[106.57706385266464,11.03101285567462],[106.57762676701604,11.030098928337296],[106.57811927332442,11.029602745794671],[106.57868407882904,11.029038839077081],[106.57854856493834,11.02832594471817],[106.5783764525291,11.027564002241258],[106.57806298169348,11.027570102974902],[106.57774258727677,11.027118455645562],[106.57789006037011,11.026655499060462],[106.57770185234875,11.025431338265946],[106.57783161065635,11.024205512856174],[106.57855593861832,11.02204760520841],[106.57806343130709,11.020829501477335],[106.57758405381456,11.020378756405771],[106.57722823069628,11.018397043643148],[106.57783898431167,11.017927184199849],[106.57843813961497,11.016995058448552],[106.57949446627151,11.015746452493763],[106.57797458767664,11.014394588458472],[106.57486724191823,11.012615660471367],[106.56838086132159,11.009234081494117],[106.5670596905677,11.008495979751933],[106.56556004171583,11.00751186923072],[106.56548226311683,11.007395606405023],[106.5660928933176,11.00605515655176]]]},"id":"6_00000000000000000001","properties":{"DAN_SO":99675,"DT_KM2":54.437,"OBJECTID":2,"Shape_Area":5.38878132298E7,"Shape_Leng":50040.4631273,"XA_MOI":"Bình Mỹ","area_km2":54.10552891234025,"green_km2":39.130550567282334,"green_km2_max":9.758021545410157E-5,"green_km2_mean":9.756127565073615E-5,"green_km2_min":9.753861236572265E-5,"green_km2_stdDev":1.1354138996487106E-8,"green_km2_sum":39.130550567282334,"green_ratio":0.7232264678657921,"green_th":0.4,"ndvi_max":0.862092137336731,"ndvi_mean":0.5225055053023239,"ndvi_min":-0.3468054234981537,"ndvi_std":0.233956539699543,"ndvi_stdDev":0.233956539699543,"ndvi_sum":285603.2283438146,"xa":"Bình Mỹ","year":2025.0}},{"type":"Feature","geometry":{"type":"Polygon","coordinates":[[[106.48988393949836,10.925126801198955],[106.49610239428488,10.921806818217608],[106.49733602175363,10.921482150912077],[106.49973435298651,10.92069843455003],[106.50279889204482,10.920548801003337],[106.50797289707499,10.919966786385407],[106.51830303774045,10.91889247103405],[106.52234387950757,10.918760252784132],[106.52499079892401,10.918657262747972],[106.52976069527678,10.918112883938884],[106.53461404016848,10.917913587057068],[106.5399996529743,10.917886498782536],[106.54574252084286,10.91846792148308],[106.5504254890346,10.918704507238083],[106.55757794701141,10.918757913463894],[106.56269142385209,10.919687791280527],[106.56535646865647,10.920464013150328],[106.56792029845431,10.920971440596277],[106.57154035650088,10.92112786030671],[106.57719325089671,10.921013547478243],[106.58063478694221,10.920906044676927],[106.58381244777043,10.920714539899008],[106.58371568835142,10.921307462133035],[106.58348844776842,10.922111938767372],[106.58213768866607,10.925157076202844],[106.58190802179658,10.925521759756187],[106.58142512867143,10.92609423488904],[106.5807564538774,10.926730466872751],[106.5806822667136,10.927300786719798],[106.58074647233023,10.92827427957046],[106.58065178254098,10.930119250360516],[106.5839815970082,10.929478183411915],[106.5832344997323,10.931600310512195],[106.58160902359751,10.93422504032602],[106.57861627691152,10.94022264473785],[106.57652458929591,10.9448558647252],[106.5753813230689,10.947657639732663],[106.57100128687306,10.955013125459693],[106.56632910723496,10.962993989072489],[106.56559996507704,10.964245315752441],[106.56496901499006,10.965173064207468],[106.56399260609068,10.966905856112927],[106.56268863644786,10.96940768242769],[106.56203755376904,10.970842657230136],[106.559989726897,10.971795565525198],[106.55740693043589,10.97294866898761],[106.54888100175661,10.976281692309577],[106.54538720028027,10.977816320879585],[106.54325277192702,10.978756110094748],[106.53998409911594,10.982546925549691],[106.53789710530133,10.98476097379742],[106.53731154956435,10.985701920993092],[106.53678991812848,10.98848247887067],[106.53697188661917,10.98940158189036],[106.53764815625804,10.991072109609277],[106.53754791142043,10.992764481305619],[106.53698905855495,10.994472710627095],[106.53742132428492,10.996382326826138],[106.53502634224817,10.99701821073496],[106.53301221911647,10.997526568872747],[106.53170124675992,10.997860733103806],[106.53074692654575,10.99865990891784],[106.52967618706754,10.998912126510223],[106.52803718397266,10.99904606304598],[106.526311079537,10.999938823137045],[106.51940958909752,11.00403937082371],[106.51649241970337,11.005629155233471],[106.51407115467704,11.00648051034411],[106.51232565678349,11.004465203967998],[106.51139021176063,11.003626127670742],[106.50910582313959,11.001043479935616],[106.50796489658718,10.999989989115385],[106.50540736291613,10.997269622989107],[106.50272733888335,10.994563216420858],[106.49973039784341,10.99205583184841],[106.49847653132882,10.990221982297161],[106.49676954458923,10.986792673519059],[106.49829082056948,10.985829302879653],[106.4996909363061,10.984242642567676],[106.50273147386437,10.981018787183165],[106.50393457700224,10.980025542818474],[106.50535288835194,10.98115399200994],[106.50632929760476,10.982019727517677],[106.50714651121079,10.981059768461346],[106.50292626751917,10.97822190762165],[106.503810077443,10.977854015029667],[106.50508725763369,10.9771341489231],[106.50548538921409,10.976817997497422],[106.50502990661212,10.975680339421553],[106.50487025870935,10.975533008293189],[106.50463860765954,10.975538670491469],[106.50323791976237,10.976093095495706],[106.50277498106102,10.976162734446298],[106.50267924726205,10.976086864821735],[106.50266953904823,10.975059185857567],[106.50214304889919,10.974245053550515],[106.50296815671807,10.97393577811875],[106.50214044207058,10.971929309549601],[106.50149808452497,10.969737861651216],[106.49972015042754,10.970240334512663],[106.49928211880946,10.968936493559333],[106.49937722184154,10.968877648675592],[106.49968482381351,10.968638298376797],[106.49964005879964,10.965164889878775],[106.49924903950401,10.964174991072257],[106.49970963334336,10.96363871688278],[106.49974513974078,10.963485930338049],[106.4993969076352,10.96287281847524],[106.49941416641472,10.962697710748026],[106.49912013812947,10.96202594239221],[106.49849774515297,10.961988613783019],[106.49834268652987,10.961872697738436],[106.49822133638258,10.961218047260001],[106.49795301797135,10.961143056912434],[106.49802726618098,10.960568254363823],[106.49833630440928,10.960607163418523],[106.49841315953633,10.960530504659342],[106.49841181120053,10.960261189100862],[106.49891141515026,10.960258731880792],[106.49898818059751,10.9601820785007],[106.49910242992728,10.959414094237326],[106.49861558978276,10.95924144711534],[106.49864983754792,10.958819435272584],[106.49874907519805,10.958684298070336],[106.49901721484304,10.958723385616551],[106.49909407021812,10.958646729043457],[106.49909245220994,10.958341522446897],[106.4988783359029,10.958207959766247],[106.49893595492134,10.957915977849039],[106.49916544236929,10.957497429108594],[106.49902836111792,10.957323113887087],[106.49803976073699,10.956726592763117],[106.49811598653353,10.956537738835243],[106.49826987643311,10.956420249142962],[106.49927627599698,10.95695837563046],[106.4997052287527,10.956462567342069],[106.50009570955498,10.955540622757205],[106.50006523692494,10.953987982914052],[106.49965830638448,10.953455901315447],[106.49939708741415,10.952986006358087],[106.49883393061707,10.95209121125587],[106.49830789948051,10.95133975650957],[106.49781360039897,10.950588217096684],[106.49783094893776,10.950426624888106],[106.49770420575966,10.949596966930649],[106.49756550746123,10.949108484267976],[106.49735552757963,10.94799199952261],[106.49747310190538,10.94790619161841],[106.49783589282215,10.947787679932087],[106.49799481629438,10.947777987091094],[106.49809908741588,10.947745984943099],[106.49812146975816,10.947687595679396],[106.49786007291286,10.947177238917352],[106.49768182346166,10.946949222537091],[106.4974800233318,10.946568710927865],[106.49742492159271,10.946438869440971],[106.49725026805152,10.946031283118126],[106.49717709877771,10.945932931990015],[106.4969061749308,10.945332879168324],[106.49662653226733,10.94481820444051],[106.49655749806996,10.944634481177829],[106.49608073126133,10.943743710146018],[106.49589214619598,10.94327791576402],[106.49478158313374,10.940985541860186],[106.4943281910407,10.940215879159863],[106.49422715772538,10.939996438286778],[106.49267319233572,10.93711834682965],[106.49184282149687,10.935443884662542],[106.49034783864579,10.932543036213342],[106.48716609168721,10.926513311578052],[106.48988393949836,10.925126801198955]]]},"id":"6_00000000000000000002","properties":{"DAN_SO":128661,"DT_KM2":64.877,"OBJECTID":3,"Shape_Area":6.39682713554E7,"Shape_Leng":37422.3099649,"XA_MOI":"Củ Chi","area_km2":64.2313115228001,"green_km2":40.14772457446139,"green_km2_max":9.757949829101562E-5,"green_km2_mean":9.756831638321564E-5,"green_km2_min":9.755104064941407E-5,"green_km2_stdDev":7.261281416376108E-9,"green_km2_sum":40.14772457446139,"green_ratio":0.6250491173640478,"green_th":0.4,"ndvi_max":0.8660145998001099,"ndvi_mean":0.4578805982349615,"ndvi_min":-0.3914501368999481,"ndvi_std":0.2139943083411968,"ndvi_stdDev":0.2139943083411968,"ndvi_sum":300210.59933547734,"xa":"Củ Chi","year":2025.0}},{"type":"Feature","geometry":{"type":"Polygon","coordinates":[[[106.43942806157875,11.023215644249726],[106.43971328939935,11.023016780978557],[106.44153969128293,11.02211498357733],[106.44431464138248,11.021042652942977],[106.4444455760128,11.020867019247854],[106.44445555113212,11.020121970439106],[106.44453238652677,11.020045325902581],[106.44595649749398,11.019567232974742],[106.44595425082927,11.019109509491084],[106.44637635461683,11.019026754538283],[106.44648931717612,11.018909498104792],[106.44645013524728,11.017397206427502],[106.44657235413216,11.016382368549056],[106.44806774392792,11.016541322293996],[106.45039954888786,11.016835321525676],[106.45241881397364,11.016363389692492],[106.45381862394372,11.016504835453107],[106.45490281807531,11.016194433623527],[106.45661009371946,11.016029132986949],[106.45830821636248,11.014948387938004],[106.45939162491015,11.014480926835885],[106.46079606505815,11.014626752729894],[106.46266677922647,11.015380720886679],[106.46343529124377,11.014609577598147],[106.4638773824069,11.012156985800603],[106.46339817324386,11.010781528254405],[106.46237370106745,11.00937275200061],[106.46189413585064,11.008845493270691],[106.46398424296426,11.007116562733305],[106.46481495309166,11.007009350217023],[106.46571747668771,11.006713224471195],[106.46546501774395,11.005260341757456],[106.46531016322726,11.005184790578845],[106.46418879705112,11.005315930099853],[106.46411123543845,11.005239932721862],[106.46380000065801,11.003850179140391],[106.46364317013963,11.002437220000802],[106.46378238530454,11.001193399465222],[106.46648851640525,11.000964958749014],[106.46662377893976,11.0007488708068],[106.46678834098482,11.000039014945859],[106.46825978845261,10.993564762223865],[106.46845419069521,10.993370850287514],[106.46967372510213,10.993813722931963],[106.47054687978309,10.994024996634126],[106.47062372475915,10.993948298996104],[106.470885806784,10.9927576859645],[106.47129016511815,10.992778239447562],[106.47169092912597,10.992067143481549],[106.4724269383992,10.992104020335484],[106.47308277885291,10.991526366180812],[106.47394489265017,10.990431632593731],[106.47417579091027,10.990277890890278],[106.47467965152183,10.990221662561634],[106.47533882454348,10.990317139155266],[106.47582129664586,10.990530262262743],[106.47605282612581,10.990488687646325],[106.47628291778733,10.99018244137517],[106.47763480126899,10.989834776526832],[106.47767830328203,10.990373119992983],[106.47791019433,10.990412382911886],[106.48155792811238,10.98864431555193],[106.48271273342877,10.987952044965683],[106.48392462070221,10.98687802562372],[106.48575940777098,10.98681520238966],[106.48574089173867,10.998546723309836],[106.48744005907982,10.99769910850511],[106.49104966669577,10.996492188777541],[106.49157154496078,10.996390902401558],[106.49064194458293,11.000326861756024],[106.49057309211706,11.001090128699405],[106.49030613172462,11.001288918720977],[106.49006595754622,11.002304290398193],[106.48985715364584,11.005042980021349],[106.48939514316855,11.005314461889403],[106.48916009348011,11.00644656870148],[106.48909142126882,11.007250233786856],[106.48885987743355,11.008171409072144],[106.49243706035158,11.00861162288637],[106.49632765390643,11.009045717504947],[106.49958828240992,11.008872615831836],[106.49979251157652,11.008831180369441],[106.50474405065538,11.00799440904661],[106.5083080189031,11.007622141086161],[106.51047301939333,11.007274790299554],[106.51407115467704,11.00648051034411],[106.51571625264836,11.008397613363725],[106.51880412706134,11.009979833939967],[106.52017857782141,11.010489038032821],[106.52173121717111,11.011203815436554],[106.5226048571198,11.011486595380688],[106.52314695080979,11.011789062669417],[106.52586562101014,11.013108351108325],[106.52969003202718,11.014798965714103],[106.53438640229359,11.017310848508583],[106.54397833131344,11.02215835372129],[106.54668000534386,11.023670446065005],[106.54753127037834,11.02400712406408],[106.54676604877173,11.025352895529672],[106.54857503672017,11.026407215294485],[106.55080644270471,11.02746396095735],[106.55115089302156,11.027309604102474],[106.55177442953124,11.027535251737538],[106.55394679641546,11.02858775033898],[106.55400658829225,11.028722052759706],[106.55355010246326,11.030025813807272],[106.55311429742353,11.030948109559578],[106.55101153038834,11.034513164757563],[106.54989600322536,11.035766448508962],[106.54929216263382,11.037564652042107],[106.54902207129687,11.03804622938189],[106.54748838337035,11.040118454456827],[106.54569271119388,11.043363314191055],[106.54569370019401,11.04355178922732],[106.54764842298295,11.043788644228048],[106.54798073033767,11.043921587931084],[106.54848800354878,11.044488939444596],[106.5492595250806,11.04433235054505],[106.54949266341484,11.044618420387831],[106.5499446450151,11.045037933390983],[106.55038853557579,11.04564601193962],[106.54932498001332,11.04642330048023],[106.54842902241153,11.047110098186621],[106.54745736447057,11.0489370361441],[106.54635839923404,11.05076471570471],[106.54538603146362,11.052466033577844],[106.54330258100536,11.053692860951209],[106.54048002500927,11.05431311951721],[106.53790339870812,11.05505322552181],[106.53520911837145,11.056767828373193],[106.53324893580742,11.05811510394229],[106.53178458703307,11.059576568023674],[106.5306931646867,11.062009995017473],[106.5294751655475,11.064565264923338],[106.52825285811247,11.06627233070953],[106.52666564901068,11.067734421430332],[106.52507467596487,11.069322126651448],[106.52398256892211,11.071634394493188],[106.52325905559822,11.07406593526044],[106.52259982275704,11.073984009891648],[106.52012095301437,11.074337584720265],[106.51808009202965,11.073302146739671],[106.51635595649174,11.072875470353424],[106.51525265735258,11.072131540734757],[106.51415538697846,11.071692752171822],[106.51289307461505,11.07095410714504],[106.51224699869658,11.06989373502296],[106.51174925100062,11.068522942619794],[106.51126301097426,11.067614402781839],[106.50887983073815,11.065359916872392],[106.50762285354392,11.06477385065929],[106.50575488579656,11.064652971985286],[106.5043496060269,11.064377211741338],[106.50185854520763,11.064115895667811],[106.49975305002759,11.063735860159964],[106.49855131905737,11.064177196771107],[106.49620981055484,11.062963592405172],[106.49294096470791,11.062526488496466],[106.48966974265885,11.061627070965576],[106.48924278779565,11.059847520103308],[106.48824407633744,11.059120881726558],[106.4878709652081,11.058997109264379],[106.48711656546762,11.058955893105711],[106.48687918133547,11.05873271305317],[106.48665959451027,11.058428627135854],[106.48609017988473,11.058135188541218],[106.48585243737543,11.057835700740249],[106.48588245853192,11.0574899320805],[106.4857626435826,11.057149508403265],[106.48546620748961,11.056926531343542],[106.4847420171291,11.056562047740888],[106.48308026269633,11.055888081233753],[106.4821839562036,11.055623179149572],[106.48034866103714,11.054761570997595],[106.47921418177935,11.054116354964844],[106.47834800173105,11.053523682492424],[106.47761808355564,11.052925842035329],[106.47780188859551,11.052426796791744],[106.47730916561858,11.052016370891943],[106.47685823792371,11.051798642852102],[106.47659021637993,11.051804465151415],[106.4762049023051,11.051963374927297],[106.47600932444941,11.051928462790412],[106.47589023416232,11.05174056453735],[106.4765256827394,11.050696220685104],[106.47655606208303,11.05042685436922],[106.4750894997894,11.048777946576745],[106.47396682303064,11.047769121755715],[106.47260759316411,11.046689702276783],[106.4722513169509,11.0462964575688],[106.47070335595704,11.043822218176556],[106.4696282474592,11.045052569641726],[106.46808515912991,11.046289774290457],[106.46498688344714,11.047224819195101],[106.46298115790998,11.048616824451553],[106.46205204354159,11.049083551991847],[106.46127598725303,11.049239883894666],[106.46050820214204,11.050163627330122],[106.46020910553202,11.051237682932614],[106.45897264036712,11.052011068953433],[106.45789058206414,11.052783722772823],[106.45614033764271,11.05531441131893],[106.45581967827495,11.054790889109253],[106.45483918981617,11.052206008908144],[106.45431605482061,11.049304878655633],[106.45408445948463,11.04563036579275],[106.45423283504677,11.045319987847309],[106.45388162280233,11.04318092666092],[106.4529178591725,11.041219800812009],[106.44888293358403,11.037375001505586],[106.4462828033312,11.035197304184267],[106.4443825799999,11.03308804670683],[106.44240940352859,11.02999177982942],[106.4411425796129,11.027322988644137],[106.44016809108865,11.025913880791869],[106.439046590198,11.024168881280803],[106.43942806157875,11.023215644249726]]]},"id":"6_00000000000000000003","properties":{"DAN_SO":40239,"DT_KM2":62.056,"OBJECTID":4,"Shape_Area":6.18775951106E7,"Shape_Leng":40792.3929424,"XA_MOI":"Nhuận Đức","area_km2":62.1329590832498,"green_km2":48.88156283717436,"green_km2_max":9.755738067626953E-5,"green_km2_mean":9.754278684692131E-5,"green_km2_min":9.752909088134766E-5,"green_km2_stdDev":5.518361452734574E-9,"green_km2_sum":48.88156283717436,"green_ratio":0.7867251706405878,"green_th":0.4,"ndvi_max":0.8732673525810242,"ndvi_mean":0.5574222735321527,"ndvi_min":-0.2725578248500824,"ndvi_std":0.18197498174263194,"ndvi_stdDev":0.18197498174263194,"ndvi_sum":353059.0484846417,"xa":"Nhuận Đức","year":2025.0}},{"type":"Feature","geometry":{"type":"Polygon","coordinates":[[[106.51649241970337,11.005629155233471],[106.51940958909752,11.00403937082371],[106.526311079537,10.999938823137045],[106.52803718397266,10.99904606304598],[106.52967618706754,10.998912126510223],[106.53074692654575,10.99865990891784],[106.53170124675992,10.997860733103806],[106.53301221911647,10.997526568872747],[106.53502634224817,10.99701821073496],[106.53742132428492,10.996382326826138],[106.53698905855495,10.994472710627095],[106.53754791142043,10.992764481305619],[106.53764815625804,10.991072109609277],[106.53697188661917,10.98940158189036],[106.53678991812848,10.98848247887067],[106.53731154956435,10.985701920993092],[106.53789710530133,10.98476097379742],[106.53998409911594,10.982546925549691],[106.54325277192702,10.978756110094748],[106.54538720028027,10.977816320879585],[106.54888100175661,10.976281692309577],[106.55740693043589,10.97294866898761],[106.559989726897,10.971795565525198],[106.56203755376904,10.970842657230136],[106.56268863644786,10.96940768242769],[106.56399260609068,10.966905856112927],[106.56496901499006,10.965173064207468],[106.56559996507704,10.964245315752441],[106.56632910723496,10.962993989072489],[106.57100128687306,10.955013125459693],[106.5753813230689,10.947657639732663],[106.57652458929591,10.9448558647252],[106.57861627691152,10.94022264473785],[106.58160902359751,10.93422504032602],[106.5832344997323,10.931600310512195],[106.5839815970082,10.929478183411915],[106.58597758606184,10.929081915443192],[106.58806226157876,10.928294707796892],[106.5985644523741,10.924640850265005],[106.60040148688417,10.924258788080271],[106.60334588289193,10.92375417523277],[106.60414763971933,10.925060426360307],[106.60672506304658,10.928102948319385],[106.61050541157798,10.932705402114438],[106.61350363819597,10.936275181022612],[106.617362352427,10.941061092373594],[106.6201987815519,10.944061783887115],[106.62378230321049,10.948314977145632],[106.62471832959591,10.949243372063894],[106.62529162189684,10.950285978845551],[106.62490468990124,10.952603685460284],[106.62469359549408,10.955530736924638],[106.62403998663443,10.958931338412167],[106.61974323433442,10.95967667932254],[106.61730982797815,10.960672391684538],[106.61579256045286,10.960604170387377],[106.6151371797246,10.961182026887796],[106.61395872257586,10.960761950306077],[106.6140333708957,10.960303807688048],[106.61395575463114,10.960227927618247],[106.61314289906534,10.960232222528381],[106.61188584796939,10.960409416127312],[106.60905915108677,10.960069848923148],[106.60936430305962,10.963595576325584],[106.6097545348731,10.964369838095571],[106.60929280410598,10.965480746315016],[106.60890985791211,10.966057213900571],[106.6086203553575,10.967108827892213],[106.60816312378213,10.968219693818611],[106.6081263402455,10.968982801220108],[106.608157457858,10.972213697396867],[106.60823507203818,10.972289587110492],[106.60966666745001,10.972475013966793],[106.60976280898234,10.972609177718939],[106.60982504468372,10.973201201702219],[106.60986641524659,10.97496015770818],[106.60915385337701,10.975058109840196],[106.60528548301798,10.975280493184018],[106.6042405411799,10.97522319417254],[106.6034491263408,10.975016396523744],[106.60309946580092,10.975018305986772],[106.60298300234682,10.975324016480227],[106.60287013627952,10.975441348052339],[106.60253864313593,10.975460987963544],[106.60102876396836,10.975083047134417],[106.5996159317066,10.975032065525552],[106.5980904250108,10.975129885125204],[106.59646573584193,10.975367258842953],[106.59457450733636,10.97587080511047],[106.59320497330451,10.976254987036583],[106.59344238615702,10.979027063908868],[106.59481003317576,10.979127645098588],[106.5946286449826,10.983423317457575],[106.58707711453673,10.983727576505807],[106.5838492271521,10.984013623555006],[106.58093558226231,10.984441692356572],[106.57743882899318,10.984540605683854],[106.5761171527562,10.984547458233664],[106.57319426115923,10.990962051023734],[106.57233264294868,10.992932163353906],[106.57070841842148,10.997576363587303],[106.56984429247265,10.999932471132329],[106.56826585538977,11.00207678449169],[106.56727513444898,11.003710950078698],[106.56704692219758,11.004362809148597],[106.5660928933176,11.00605515655176],[106.56548226311683,11.007395606405023],[106.56556004171583,11.00751186923072],[106.5670596905677,11.008495979751933],[106.56838086132159,11.009234081494117],[106.57486724191823,11.012615660471367],[106.57797458767664,11.014394588458472],[106.57949446627151,11.015746452493763],[106.57843813961497,11.016995058448552],[106.57783898431167,11.017927184199849],[106.57722823069628,11.018397043643148],[106.57758405381456,11.020378756405771],[106.57806343130709,11.020829501477335],[106.57855593861832,11.02204760520841],[106.57783161065635,11.024205512856174],[106.57770185234875,11.025431338265946],[106.57789006037011,11.026655499060462],[106.57774258727677,11.027118455645562],[106.57806298169348,11.027570102974902],[106.5783764525291,11.027564002241258],[106.57854856493834,11.02832594471817],[106.57868407882904,11.029038839077081],[106.57811927332442,11.029602745794671],[106.57762676701604,11.030098928337296],[106.57706385266464,11.03101285567462],[106.57706906815824,11.031995650016519],[106.57735520112207,11.032833367851309],[106.57771471127663,11.03381429115582],[106.57835864780499,11.034443690000003],[106.5792871931156,11.03478890360459],[106.57992430017892,11.034996524371874],[106.5806355962564,11.035481930073818],[106.58141991307191,11.036038859831345],[106.5819236686311,11.036808058528619],[106.58265862151706,11.03746845235525],[106.58144185456038,11.039296819486308],[106.58046779851155,11.041482896452854],[106.57999075365697,11.044034400617782],[106.57926723015845,11.046344825129413],[106.57804715529511,11.048415567345222],[106.57621696609422,11.05024713599737],[106.57475025423372,11.052072243650171],[106.57328741900263,11.05378069806821],[106.57156823169785,11.054274378436205],[106.57008788391936,11.053555028789818],[106.56885356422522,11.05210296160439],[106.5682280895773,11.049803932292974],[106.56784395769215,11.047620431034517],[106.56709835535513,11.045802295822144],[106.5650041726273,11.044964920812971],[106.56193253191796,11.044859630793336],[106.55763827939015,11.04548761444918],[106.55567186622584,11.04561888728622],[106.55296819009452,11.04551160455409],[106.55038853557579,11.04564601193962],[106.5499446450151,11.045037933390983],[106.54949266341484,11.044618420387831],[106.5492595250806,11.04433235054505],[106.54848800354878,11.044488939444596],[106.54798073033767,11.043921587931084],[106.54764842298295,11.043788644228048],[106.54569370019401,11.04355178922732],[106.54569271119388,11.043363314191055],[106.54748838337035,11.040118454456827],[106.54902207129687,11.03804622938189],[106.54929216263382,11.037564652042107],[106.54989600322536,11.035766448508962],[106.55101153038834,11.034513164757563],[106.55311429742353,11.030948109559578],[106.55355010246326,11.030025813807272],[106.55400658829225,11.028722052759706],[106.55394679641546,11.02858775033898],[106.55177442953124,11.027535251737538],[106.55115089302156,11.027309604102474],[106.55080644270471,11.02746396095735],[106.54857503672017,11.026407215294485],[106.54676604877173,11.025352895529672],[106.54753127037834,11.02400712406408],[106.54668000534386,11.023670446065005],[106.54397833131344,11.02215835372129],[106.53438640229359,11.017310848508583],[106.52969003202718,11.014798965714103],[106.52586562101014,11.013108351108325],[106.52314695080979,11.011789062669417],[106.5226048571198,11.011486595380688],[106.52173121717111,11.011203815436554],[106.52017857782141,11.010489038032821],[106.51880412706134,11.009979833939967],[106.51571625264836,11.008397613363725],[106.51407115467704,11.00648051034411],[106.51649241970337,11.005629155233471]]]},"id":"6_00000000000000000004","properties":{"DAN_SO":97766,"DT_KM2":59.075,"OBJECTID":5,"Shape_Area":5.93669067075E7,"Shape_Leng":48438.2013139,"XA_MOI":"Phú Hòa Đông","area_km2":59.609127551109395,"green_km2":43.34819215071346,"green_km2_max":9.757762908935547E-5,"green_km2_mean":9.75576082621692E-5,"green_km2_min":9.753582000732422E-5,"green_km2_stdDev":1.070907144356211E-8,"green_km2_sum":43.34819215071346,"green_ratio":0.727207290755033,"green_th":0.4,"ndvi_max":0.864854633808136,"ndvi_mean":0.5207574348050578,"ndvi_min":-0.3656785488128662,"ndvi_std":0.2059195397543659,"ndvi_stdDev":0.2059195397543659,"ndvi_sum":315687.3107851884,"xa":"Phú Hòa Đông","year":2025.0}},{"type":"Feature","geometry":{"type":"Polygon","coordinates":[[[106.4410439982632,10.952728662821132],[106.44379476790601,10.950538911415318],[106.45461963652261,10.942579699354598],[106.46032225531111,10.939455833540338],[106.46846389733064,10.935512305527876],[106.47292333492517,10.9336148520465],[106.48716609168721,10.926513311578052],[106.49034783864579,10.932543036213342],[106.49184282149687,10.935443884662542],[106.49267319233572,10.93711834682965],[106.49422715772538,10.939996438286778],[106.4943281910407,10.940215879159863],[106.49478158313374,10.940985541860186],[106.49589214619598,10.94327791576402],[106.49608073126133,10.943743710146018],[106.49655749806996,10.944634481177829],[106.49662653226733,10.94481820444051],[106.4969061749308,10.945332879168324],[106.49717709877771,10.945932931990015],[106.49725026805152,10.946031283118126],[106.49742492159271,10.946438869440971],[106.4974800233318,10.946568710927865],[106.49768182346166,10.946949222537091],[106.49786007291286,10.947177238917352],[106.49812146975816,10.947687595679396],[106.49809908741588,10.947745984943099],[106.49799481629438,10.947777987091094],[106.49783589282215,10.947787679932087],[106.49747310190538,10.94790619161841],[106.49735552757963,10.94799199952261],[106.49756550746123,10.949108484267976],[106.49770420575966,10.949596966930649],[106.49783094893776,10.950426624888106],[106.49781360039897,10.950588217096684],[106.49830789948051,10.95133975650957],[106.49883393061707,10.95209121125587],[106.49939708741415,10.952986006358087],[106.49965830638448,10.953455901315447],[106.50006523692494,10.953987982914052],[106.50009570955498,10.955540622757205],[106.4997052287527,10.956462567342069],[106.49927627599698,10.95695837563046],[106.49826987643311,10.956420249142962],[106.49811598653353,10.956537738835243],[106.49803976073699,10.956726592763117],[106.49902836111792,10.957323113887087],[106.49916544236929,10.957497429108594],[106.49893595492134,10.957915977849039],[106.4988783359029,10.958207959766247],[106.49909245220994,10.958341522446897],[106.49909407021812,10.958646729043457],[106.49901721484304,10.958723385616551],[106.49874907519805,10.958684298070336],[106.49864983754792,10.958819435272584],[106.49861558978276,10.95924144711534],[106.49910242992728,10.959414094237326],[106.49898818059751,10.9601820785007],[106.49891141515026,10.960258731880792],[106.49841181120053,10.960261189100862],[106.49841315953633,10.960530504659342],[106.49833630440928,10.960607163418523],[106.49802726618098,10.960568254363823],[106.49795301797135,10.961143056912434],[106.49822133638258,10.961218047260001],[106.49834268652987,10.961872697738436],[106.49849774515297,10.961988613783019],[106.49912013812947,10.96202594239221],[106.49941416641472,10.962697710748026],[106.4993969076352,10.96287281847524],[106.49974513974078,10.963485930338049],[106.49970963334336,10.96363871688278],[106.49924903950401,10.964174991072257],[106.49964005879964,10.965164889878775],[106.49968482381351,10.968638298376797],[106.49937722184154,10.968877648675592],[106.49928211880946,10.968936493559333],[106.49972015042754,10.970240334512663],[106.50149808452497,10.969737861651216],[106.50214044207058,10.971929309549601],[106.50296815671807,10.97393577811875],[106.50214304889919,10.974245053550515],[106.50266953904823,10.975059185857567],[106.50267924726205,10.976086864821735],[106.50277498106102,10.976162734446298],[106.50323791976237,10.976093095495706],[106.50463860765954,10.975538670491469],[106.50487025870935,10.975533008293189],[106.50502990661212,10.975680339421553],[106.50548538921409,10.976817997497422],[106.50508725763369,10.9771341489231],[106.503810077443,10.977854015029667],[106.50292626751917,10.97822190762165],[106.50714651121079,10.981059768461346],[106.50632929760476,10.982019727517677],[106.50535288835194,10.98115399200994],[106.50393457700224,10.980025542818474],[106.50273147386437,10.981018787183165],[106.4996909363061,10.984242642567676],[106.49829082056948,10.985829302879653],[106.49676954458923,10.986792673519059],[106.49847653132882,10.990221982297161],[106.49973039784341,10.99205583184841],[106.50272733888335,10.994563216420858],[106.50540736291613,10.997269622989107],[106.50796489658718,10.999989989115385],[106.50910582313959,11.001043479935616],[106.51139021176063,11.003626127670742],[106.51232565678349,11.004465203967998],[106.51407115467704,11.00648051034411],[106.51047301939333,11.007274790299554],[106.5083080189031,11.007622141086161],[106.50474405065538,11.00799440904661],[106.49979251157652,11.008831180369441],[106.49958828240992,11.008872615831836],[106.49632765390643,11.009045717504947],[106.49243706035158,11.00861162288637],[106.48885987743355,11.008171409072144],[106.48909142126882,11.007250233786856],[106.48916009348011,11.00644656870148],[106.48939514316855,11.005314461889403],[106.48985715364584,11.005042980021349],[106.49006595754622,11.002304290398193],[106.49030613172462,11.001288918720977],[106.49057309211706,11.001090128699405],[106.49064194458293,11.000326861756024],[106.49157154496078,10.996390902401558],[106.49104966669577,10.996492188777541],[106.48744005907982,10.99769910850511],[106.48574089173867,10.998546723309836],[106.48575940777098,10.98681520238966],[106.48392462070221,10.98687802562372],[106.48271273342877,10.987952044965683],[106.48155792811238,10.98864431555193],[106.47791019433,10.990412382911886],[106.47767830328203,10.990373119992983],[106.47763480126899,10.989834776526832],[106.47628291778733,10.99018244137517],[106.47605282612581,10.990488687646325],[106.47582129664586,10.990530262262743],[106.47533882454348,10.990317139155266],[106.47467965152183,10.990221662561634],[106.47417579091027,10.990277890890278],[106.47394489265017,10.990431632593731],[106.47308277885291,10.991526366180812],[106.4724269383992,10.992104020335484],[106.47169092912597,10.992067143481549],[106.47129016511815,10.992778239447562],[106.470885806784,10.9927576859645],[106.47062372475915,10.993948298996104],[106.47054687978309,10.994024996634126],[106.46967372510213,10.993813722931963],[106.46845419069521,10.993370850287514],[106.46825978845261,10.993564762223865],[106.46678834098482,11.000039014945859],[106.46662377893976,11.0007488708068],[106.46648851640525,11.000964958749014],[106.46378238530454,11.001193399465222],[106.46364317013963,11.002437220000802],[106.46380000065801,11.003850179140391],[106.46411123543845,11.005239932721862],[106.46418879705112,11.005315930099853],[106.46531016322726,11.005184790578845],[106.46546501774395,11.005260341757456],[106.46571747668771,11.006713224471195],[106.46481495309166,11.007009350217023],[106.46398424296426,11.007116562733305],[106.46189413585064,11.008845493270691],[106.46237370106745,11.00937275200061],[106.46339817324386,11.010781528254405],[106.4638773824069,11.012156985800603],[106.46343529124377,11.014609577598147],[106.46266677922647,11.015380720886679],[106.46079606505815,11.014626752729894],[106.45939162491015,11.014480926835885],[106.45830821636248,11.014948387938004],[106.45661009371946,11.016029132986949],[106.45490281807531,11.016194433623527],[106.45381862394372,11.016504835453107],[106.45241881397364,11.016363389692492],[106.45039954888786,11.016835321525676],[106.44965651744982,11.012593248554216],[106.44886478027956,11.011398752456786],[106.44763961561108,11.009806891543555],[106.44706680214517,11.008781908395878],[106.44435741754643,11.004652371537112],[106.44301302801549,11.002832160728323],[106.4414292476129,11.000348884801591],[106.4385589908111,10.998589669205813],[106.43802646097399,10.997438847291411],[106.43693166082595,10.995554510932676],[106.43656151669401,10.995094030012094],[106.43597795017506,10.994652507045648],[106.43485323680791,10.994078863666426],[106.43356794740032,10.993196244593664],[106.43244306732645,10.992582242007316],[106.43145379253365,10.991850856734013],[106.43085101027071,10.991180511886084],[106.42917701364708,10.98974319260706],[106.42799267074359,10.989053157418883],[106.4309556074255,10.9836580695543],[106.43288554219522,10.979793833073307],[106.43286127973897,10.979470796282694],[106.43222569425348,10.976704723147375],[106.43165229411113,10.974593507754474],[106.43108186093407,10.973097194734352],[106.43048429162349,10.970676529522203],[106.42979210182862,10.968413334823007],[106.42909218643499,10.967375342267184],[106.42640190575455,10.964228380692708],[106.42567145010156,10.96345089196037],[106.4410439982632,10.952728662821132]]]},"id":"6_00000000000000000005","properties":{"DAN_SO":84342,"DT_KM2":53.508,"OBJECTID":6,"Shape_Area":5.27078163182E7,"Shape_Leng":40995.4829881,"XA_MOI":"Tân An Hội","area_km2":52.92711879383533,"green_km2":38.57057655338432,"green_km2_max":9.757673645019532E-5,"green_km2_mean":9.756248671714937E-5,"green_km2_min":9.754770660400391E-5,"green_km2_stdDev":6.825897075128538E-9,"green_km2_sum":38.57057655338432,"green_ratio":0.7287488424152954,"green_th":0.4,"ndvi_max":0.8740425705909729,"ndvi_mean":0.517699529101032,"ndvi_min":-0.34518828988075256,"ndvi_std":0.20220634982435629,"ndvi_stdDev":0.20220634982435629,"ndvi_sum":279728.5926497433,"xa":"Tân An Hội","year":2025.0}},{"type":"Feature","geometry":{"type":"Polygon","coordinates":[[[106.36117291579755,10.983857107558471],[106.37281563527566,10.968257948251768],[106.39162764790873,10.970878933440263],[106.40203488269,10.972101302108102],[106.41306891109068,10.973311513276485],[106.41622598851939,10.970518746467674],[106.41869698142312,10.968626721660321],[106.42567145010156,10.96345089196037],[106.42640190575455,10.964228380692708],[106.42909218643499,10.967375342267184],[106.42979210182862,10.968413334823007],[106.43048429162349,10.970676529522203],[106.43108186093407,10.973097194734352],[106.43165229411113,10.974593507754474],[106.43222569425348,10.976704723147375],[106.43286127973897,10.979470796282694],[106.43288554219522,10.979793833073307],[106.4309556074255,10.9836580695543],[106.42799267074359,10.989053157418883],[106.42917701364708,10.98974319260706],[106.43085101027071,10.991180511886084],[106.43145379253365,10.991850856734013],[106.43244306732645,10.992582242007316],[106.43356794740032,10.993196244593664],[106.43485323680791,10.994078863666426],[106.43597795017506,10.994652507045648],[106.43656151669401,10.995094030012094],[106.43693166082595,10.995554510932676],[106.43802646097399,10.997438847291411],[106.4385589908111,10.998589669205813],[106.4414292476129,11.000348884801591],[106.44301302801549,11.002832160728323],[106.44435741754643,11.004652371537112],[106.44706680214517,11.008781908395878],[106.44763961561108,11.009806891543555],[106.44886478027956,11.011398752456786],[106.44965651744982,11.012593248554216],[106.45039954888786,11.016835321525676],[106.44806774392792,11.016541322293996],[106.44657235413216,11.016382368549056],[106.44645013524728,11.017397206427502],[106.44648931717612,11.018909498104792],[106.44637635461683,11.019026754538283],[106.44595425082927,11.019109509491084],[106.44595649749398,11.019567232974742],[106.44453238652677,11.020045325902581],[106.44445555113212,11.020121970439106],[106.4444455760128,11.020867019247854],[106.44431464138248,11.021042652942977],[106.44153969128293,11.02211498357733],[106.43971328939935,11.023016780978557],[106.43942806157875,11.023215644249726],[106.439046590198,11.024168881280803],[106.44016809108865,11.025913880791869],[106.4411425796129,11.027322988644137],[106.44240940352859,11.02999177982942],[106.4443825799999,11.03308804670683],[106.4462828033312,11.035197304184267],[106.44888293358403,11.037375001505586],[106.4529178591725,11.041219800812009],[106.45388162280233,11.04318092666092],[106.45423283504677,11.045319987847309],[106.45408445948463,11.04563036579275],[106.45431605482061,11.049304878655633],[106.45483918981617,11.052206008908144],[106.45581967827495,11.054790889109253],[106.45614033764271,11.05531441131893],[106.45544258061156,11.056628204354574],[106.45531757054957,11.059846732280876],[106.45472397598377,11.062914811575322],[106.45139808017883,11.073042165631445],[106.45096859700567,11.07718208327363],[106.4508923883239,11.081077958124776],[106.45058530716024,11.086070017841932],[106.44981819036919,11.087146358853877],[106.44661243475264,11.0931397186642],[106.44493795206684,11.097285616110272],[106.44510681063065,11.09835743996182],[106.44652139963249,11.100491395353584],[106.44668423839465,11.101258080681696],[106.44455152798037,11.105558760000065],[106.44215095177374,11.10623894057569],[106.44020511509912,11.106966378325078],[106.4379472016714,11.10984496861236],[106.4362540073083,11.110216577761832],[106.43508624859436,11.107453048714973],[106.43552306776712,11.106634136060354],[106.43519597000788,11.105729187316015],[106.4346290317292,11.104080311498434],[106.43434273252865,11.103157161490055],[106.43421746551948,11.102619213756748],[106.43409121010943,11.10188373814915],[106.43388156339475,11.100839051704842],[106.43356597045286,11.100418650582395],[106.43344789280656,11.100419220266783],[106.43294386196271,11.10050690704654],[106.43267086448608,11.10043188349087],[106.43255179887846,11.100239515684105],[106.4324604104545,11.099194259632132],[106.43229982931899,11.09888534098042],[106.43210411280316,11.098814441334065],[106.43124927050876,11.098706303882862],[106.43113002599384,11.098477970112018],[106.43119436590446,11.097701262978982],[106.43101913854088,11.096234577343536],[106.43084633754681,11.09526592602794],[106.43076249811463,11.094844480650382],[106.43061620602448,11.092794199367562],[106.4305330855645,11.092525302848525],[106.43021857601647,11.09233380983521],[106.42925006931402,11.092194750812542],[106.42855051518013,11.092242959098572],[106.42843217080208,11.092203138659972],[106.42761930759193,11.092292291732237],[106.42711987364656,11.092375431929632],[106.42661531898044,11.092341916449795],[106.42606898155951,11.092120082038832],[106.42579051177178,11.091852120310545],[106.42570703380868,11.091502441513152],[106.42577011403174,11.090456414331358],[106.42587650579034,11.089912880525402],[106.42597499010188,11.088673765087186],[106.42600473309201,11.088247269430418],[106.42606745397333,11.087124930768203],[106.42617222843909,11.08623588453629],[106.42626630984397,11.085032620888914],[106.42635158519424,11.082940835924889],[106.42626253580399,11.082375753393777],[106.42617914750943,11.082035032925525],[106.42582780279949,11.081736004590063],[106.42557799797042,11.080826166041625],[106.42564323474215,11.08021095284715],[106.42565320896111,11.078532396999016],[106.42579563367157,11.077916914836745],[106.42612649069412,11.076806837629293],[106.42679566455934,11.075187931256252],[106.42681866829166,11.074308224460722],[106.4267292592682,11.073662347107156],[106.42659761690663,11.072747436017416],[106.4261508422231,11.071497379860832],[106.42599008624134,11.071157071478883],[106.42546819177002,11.0703292844859],[106.42530689717002,11.069872262428996],[106.42513437049404,11.068961987857305],[106.42517507599375,11.068921424004719],[106.42517040339735,11.068885550332979],[106.4251212512839,11.0681228103078],[106.42522719342223,11.067471543229715],[106.4247820391177,11.06656257758473],[106.42385102812023,11.06665675134031],[106.42307852848273,11.066637895450267],[106.42241466811315,11.066533312899637],[106.42183248911513,11.066392483197857],[106.42148151117729,11.066174227629519],[106.42135759975304,11.06590548057737],[106.42127358443493,11.065452604992638],[106.4209940428029,11.064960266952419],[106.42035930228778,11.064285539438606],[106.42014966941524,11.063222895790405],[106.42090939864137,11.062478794841649],[106.42113493677034,11.062132167981895],[106.42050486831603,11.061497831962072],[106.42088405931311,11.060993403492436],[106.42168395690469,11.060096486028302],[106.42189781456739,11.059215827676722],[106.42139246387364,11.05899830036493],[106.42104202581426,11.058887742623288],[106.42080489639612,11.05870489607087],[106.42087633171715,11.05843525752662],[106.4209115551801,11.058206178322802],[106.42098182241227,11.057707730274165],[106.42101129512032,11.05720937877491],[106.42091577840183,11.056258382195459],[106.42065933015759,11.05488628254435],[106.42061700814071,11.054585752082344],[106.42048662762913,11.053940088372466],[106.42019513627832,11.052832950047115],[106.42026109020414,11.052374819251764],[106.42097256726397,11.051056484011497],[106.42157765714839,11.050281712512286],[106.42397377288904,11.047828972061444],[106.42401438830436,11.047788425998927],[106.42385435283116,11.047560273870603],[106.42361713034634,11.047372943059102],[106.42318482900693,11.04722679448085],[106.42247433279164,11.0468577067486],[106.42262259599755,11.046511432434936],[106.42299595017562,11.04573770935586],[106.42360113580976,11.04499886611209],[106.42284804612977,11.044270819056912],[106.42195100944875,11.043844160153094],[106.4219864128064,11.043651067013986],[106.42221150282298,11.043223629880808],[106.42220584187345,11.042994771305015],[106.42205048031923,11.04280699450235],[106.42161836195145,11.042696787912648],[106.42149966209553,11.042585149729975],[106.42161198216942,11.042315383833072],[106.4219200090517,11.042120954511782],[106.42191389882908,11.041811284076818],[106.42179034657156,11.041623414702505],[106.4214345164805,11.041324360652107],[106.42119666776706,11.04097989440852],[106.4207994151964,11.040568842759532],[106.42055680486193,11.040188518100809],[106.42082322696673,11.039841649386117],[106.42062221976866,11.039613773720964],[106.42018803769628,11.039086224546086],[106.41989726560729,11.038131617018028],[106.41969059842445,11.037674811035547],[106.41960191130948,11.037181524935633],[106.41967765926853,11.036871506264795],[106.4196310244008,11.03660697275212],[106.41939416615908,11.036495873094207],[106.4188898099611,11.036466821560573],[106.41837422315265,11.03601594417325],[106.417869599869,11.035946445084445],[106.41751476489357,11.03583595139127],[106.41688605523521,11.035466328147272],[106.41633435217324,11.035056068869087],[106.41514846511669,11.034078692215784],[106.41475176323861,11.033779893808738],[106.41395755308329,11.032989221930556],[106.41312731514924,11.03227495288071],[106.41215565345928,11.031453720231413],[106.41150207111846,11.03061747682506],[106.41109917645949,11.029973079538856],[106.41100977420487,11.029322774622617],[106.41071955408628,11.028484879274771],[106.41039267507087,11.027570771510286],[106.41025124929047,11.026503358428764],[106.41009032591822,11.02608667002384],[106.40964637213705,11.025402102392022],[106.4092844530207,11.024757461752353],[106.40932506556138,11.024716929627274],[106.40932039332178,11.024680986096827],[106.4092784330209,11.024452331672721],[106.40942596799219,11.023948948824692],[106.4094562477161,11.023643650287141],[106.40929604376711,11.02337957706006],[106.40905928717642,11.023268460522285],[106.40898219533544,11.023309256284815],[106.40879162227118,11.023350568555111],[106.4085141640167,11.023279987502665],[106.408435994174,11.023087369116672],[106.40850194436119,11.02262478647883],[106.4086551393593,11.022354821966696],[106.40869054044826,11.022166188836062],[106.40860221743804,11.021744667338844],[106.40851281626054,11.021094326066134],[106.40868487986765,11.020020913937564],[106.40893421511322,11.018942579292572],[106.40896997565231,11.018825749161293],[106.40906629552703,11.018057821656502],[106.40901337350077,11.017447695548064],[106.40888928982159,11.017143105505147],[106.40828585424852,11.016351538374787],[106.4081557510378,11.015737259689356],[106.40895137657719,11.014921227157942],[106.4094432193477,11.014223318836756],[106.4098640809864,11.013871294865694],[106.41032097380547,11.013483254124397],[106.41073653599537,11.012974144818568],[106.41110968908895,11.012164547012093],[106.41151393154401,11.011202201517841],[106.41198978675318,11.010006230197119],[106.41213768306218,11.009579146325963],[106.41185914210625,11.009279775633006],[106.41078245005274,11.008301898359996],[106.41003129375771,11.007973239133383],[106.40791072953614,11.00720216668511],[106.40578587425686,11.006476008688425],[106.40577976450948,11.00613040706989],[106.40580968430349,11.00574428874133],[106.40537795916609,11.005714900314715],[106.40510472838396,11.005568015048116],[106.4049339256349,11.00499440084277],[106.40479861329932,11.004232021108248],[106.40452592237381,11.004197358690408],[106.40327604114968,11.004064062785135],[106.40268466154883,11.003882765500014],[106.40044638323072,11.003192907545355],[106.39938628226135,11.002829785097582],[106.39812556073065,11.002315007587706],[106.39722476768613,11.002022901853607],[106.39534152453221,11.001484043160989],[106.39416330460972,11.001121396695765],[106.39235735466177,11.0005776647317],[106.39094277527562,11.000180234574772],[106.38953817806113,10.99997572911912],[106.38852017897936,10.999877185954544],[106.38424438613069,10.999622876231227],[106.38162700821965,10.99944181877227],[106.37993193820606,10.999296946758115],[106.37930801436701,10.999932539903421],[106.37200954850744,10.99927893066113],[106.36875208461076,10.999172403186112],[106.36515591735524,10.997545957494525],[106.36451577887415,10.996642269139258],[106.36420029176836,10.996185878646141],[106.36433683510317,10.995265183606065],[106.35946579762626,10.99197927714757],[106.35588165025239,10.990963005430226],[106.36117291579755,10.983857107558471]]]},"id":"6_00000000000000000006","properties":{"DAN_SO":49862,"DT_KM2":62.445,"OBJECTID":7,"Shape_Area":6.26979176182E7,"Shape_Leng":50253.2798163,"XA_MOI":"Thái Mỹ","area_km2":62.96127112290408,"green_km2":48.374980274787276,"green_km2_max":9.756489562988282E-5,"green_km2_mean":9.75463619464945E-5,"green_km2_min":9.751744079589843E-5,"green_km2_stdDev":1.2335879688318253E-8,"green_km2_sum":48.374980274787276,"green_ratio":0.7683291555590815,"green_th":0.4,"ndvi_max":0.8681644201278687,"ndvi_mean":0.5404363186586871,"ndvi_min":-0.3041113615036011,"ndvi_std":0.17083157974150376,"ndvi_stdDev":0.17083157974150376,"ndvi_sum":341239.16367746197,"xa":"Thái Mỹ","year":2025.0}}]}